filename,speed_mps,speed_kmh,rot_freq_hz,pulse_count,speed_stability,acceleration,s1_vib_rms,s1_vib_peak,s1_vib_p2p,s1_vib_kurt,s1_vib_skew,s1_vib_crest,s1_vib_shape,s1_vib_impulse,s1_vib_margin,s1_vib_max_rms,s1_vib_max_peak,s1_vib_max_kurt,s2_vib_rms,s2_vib_peak,s2_vib_p2p,s2_vib_kurt,s2_vib_skew,s2_vib_crest,s2_vib_shape,s2_vib_impulse,s2_vib_margin,s2_vib_max_rms,s2_vib_max_peak,s2_vib_max_kurt,s1_shock_rms,s1_shock_peak,s1_shock_p2p,s1_shock_kurt,s1_shock_skew,s1_shock_crest,s1_shock_shape,s1_shock_impulse,s1_shock_margin,s1_shock_max_rms,s1_shock_max_peak,s1_shock_max_kurt,s2_shock_rms,s2_shock_peak,s2_shock_p2p,s2_shock_kurt,s2_shock_skew,s2_shock_crest,s2_shock_shape,s2_shock_impulse,s2_shock_margin,s2_shock_max_rms,s2_shock_max_peak,s2_shock_max_kurt,diff_rms,sdi_rms,ratio_rms,diff_max_rms,sdi_max_rms,diff_peak,sdi_peak,diff_kurt,sdi_kurt,vib_shock_ratio_s1,vib_shock_ratio_s2,vib_shock_ratio_diff,car1_s1_rms,car1_s2_rms,car1_sdi,car2_s1_rms,car2_s2_rms,car2_sdi,car3_s1_rms,car3_s2_rms,car3_sdi,car4_s1_rms,car4_s2_rms,car4_sdi,car5_s1_rms,car5_s2_rms,car5_sdi,car6_s1_rms,car6_s2_rms,car6_sdi,car7_s1_rms,car7_s2_rms,car7_sdi,car8_s1_rms,car8_s2_rms,car8_sdi,max_car_diff_s1,max_car_diff_s2,max_car_sdi_s1,max_car_sdi_s2,car_s1_anomaly_count,car_s2_anomaly_count,car_sdi_std,total_psd_s1,total_psd_s2,sdi_total_psd,psd_s1_sub_corrugation,psd_s2_sub_corrugation,sdi_psd_sub_corrugation,ratio_psd_sub_corrugation,psd_s1_short_pitch,psd_s2_short_pitch,sdi_psd_short_pitch,ratio_psd_short_pitch,psd_s1_resonant_wear,psd_s2_resonant_wear,sdi_psd_resonant_wear,ratio_psd_resonant_wear,psd_s1_roaring_rail,psd_s2_roaring_rail,sdi_psd_roaring_rail,ratio_psd_roaring_rail,psd_s1_high_freq_noise,psd_s2_high_freq_noise,sdi_psd_high_freq_noise,ratio_psd_high_freq_noise,wl_s1_micro_pitch,wl_s2_micro_pitch,sdi_wl_micro_pitch,wl_s1_short_pitch,wl_s2_short_pitch,sdi_wl_short_pitch,wl_s1_medium_pitch,wl_s2_medium_pitch,sdi_wl_medium_pitch,wl_s1_long_pitch,wl_s2_long_pitch,sdi_wl_long_pitch,label
Train1.csv,1.7505652397503124,6.302034863101125,0.6555555555555556,59,0.051390981986636046,-0.11868238913561413,0.18095298709872332,0.6923675537109375,1.24053955078125,1.0331723375775608,0.17178551816674564,3.8429453620386083,1.2583394245474475,4.910770630304759,5.870993717822736,0.3840411962027764,1.4892578125,19.235118830297342,0.16298674798024687,0.634765625,1.16424560546875,0.9013839086997637,0.18925034978253163,3.9572116503526304,1.2655400953230023,5.038545665624092,6.0622700909813405,0.31079319715670684,1.33056640625,7.172931711320089,1.159310416607182,6.36138916015625,7.3505401611328125,37.72274790913342,4.622259646838072,6.35895421697577,1.5985304324207643,11.344999079554581,15.569404621333252,3.0295698484385523,17.529296875,224.96296057229074,1.2695629835008169,7.273101806640625,8.386993408203125,44.11273974525626,4.743449321947928,6.3085526716175195,1.6046152768156632,12.06799372810686,16.568390927163048,2.566770905087704,12.3779296875,271.94362483344304,0.017966239118476446,0.05223658904076734,1.110231219647021,0.07324799904606955,0.10541792215802759,0.0576019287109375,0.04340327647663385,0.13178842887779707,0.06812333756134761,0.1560867416920395,0.1283801976070611,0.027706544084978413,0.1873454211735577,0.10811831390237339,0.2681449368714384,0.2578682694659312,0.1925010511443929,0.14514136260778474,0.17780776133198195,0.1994167260450723,-0.057284097038616054,0.2478467779997872,0.19366014573563314,0.12273110142507117,0.1624701403730611,0.22307157262830235,-0.15718514661259358,0.19907684508037152,0.15700492875523578,0.11815239710369214,0.16777082359045192,0.1881543008506641,-0.05726900206758058,0.14639839191986714,0.14312433105212471,0.011308475967098438,0.07922710727118432,0.060601432255241255,0.2681449368714384,0.15718514661259358,1,1,0.12942565027461253,0.00012308184840618014,0.00010784191506739611,0.06599551778276766,5.9172367078105375e-05,5.1128514801805455e-05,0.07291984380160067,1.157099835758552,5.240668034487092e-05,4.7647685440952146e-05,0.0475593370981323,1.09964803913532,1.00151308305309e-05,7.5649854539616594e-06,0.13929102781027589,1.3221320214275873,5.397095737137445e-07,5.448399099003658e-07,-0.004687166969995204,0.972730267025423,3.155797375660639e-07,3.0081580648944046e-07,0.023569661720510584,1.015327184065799,5.421146897983046e-05,4.659036382579958e-05,0.0755973276343932,4.960898098274914e-06,4.538150976005871e-06,0.04445734993759272,2.0015159422188376e-07,2.0759910160692605e-07,-0.017827636098287213,0.0,0.0,0.0,Normal
Train10.csv,8.57480261504814,30.869289414173306,3.2111111111111112,289,0.22790418216397812,-0.5934119456780724,0.23154708355903172,1.1318206787109375,2.0603179931640625,3.0364679654086704,0.1539803500604523,4.511689607926741,1.2915194893461042,6.066573343778545,7.398735307298493,0.4856724129487204,4.65087890625,34.70808842390328,0.22357225289967897,1.0143280029296875,1.8642425537109375,1.5602881143608014,0.13745980215546394,4.412466304869167,1.2666717111524861,5.6484544536858605,6.749606216086715,0.3810057138855571,2.30712890625,16.491300315147882,1.281947751498946,6.7890167236328125,8.07037353515625,30.096946595200205,4.142117688942591,5.904743017663231,1.621444253949408,10.202704346703085,13.812017577088806,2.9998475423459365,16.29638671875,191.6739672377465,1.393873911681862,7.21588134765625,8.370208740234375,44.10773186403611,4.544486404295009,5.218747278152446,1.5948584445453644,8.78577442235773,12.564132148069575,2.533675882759111,12.7197265625,525.312311992063,0.007974830659352755,0.017522504198964537,1.0356699912409582,0.10466669906316328,0.12076766981278679,0.11749267578125,0.05474582270971758,1.476179851047869,0.32113512708086706,0.18062130962987927,0.1603963238152232,0.020224985814656066,0.319442352156191,0.23633059192977757,0.1495426497734135,0.16948164992182757,0.18425807073792183,-0.04177201353247824,0.22218893601963494,0.1977484525705599,0.058200302071513825,0.25558324283915,0.2314407493044892,0.04957146553023561,0.21352966011222543,0.2641990618868495,-0.10606312407167962,0.26936651807295975,0.2959193924134493,-0.04697246716783906,0.17375074228635898,0.16242803713295997,0.03368060540927253,0.3037332299689381,0.25155908244637054,0.09395798468026717,0.08311176022641342,0.05066940177462406,0.1495426497734135,0.10606312407167962,0,0,0.07814360684565501,0.00018380089776814983,0.00015071297016103034,0.0989134704995983,7.242274746347716e-05,4.79197629744121e-05,0.20359346389962016,1.5110182685889966,2.831223153708391e-05,1.950316915816613e-05,0.1841921290957984,1.4509294368124428,4.6262394695789966e-05,4.3478416310770145e-05,0.03101897747549416,1.06378660389003,3.468799125058603e-05,3.78453649449545e-05,-0.04352395394910835,0.9163295955811244,1.5549664916032721e-06,1.3572070436205195e-06,0.06767546334910168,1.1373306617010577,2.127473305175067e-05,1.7841321978091084e-05,0.08775254931888468,2.4720055808219432e-05,1.613472028332787e-05,0.21009133894819995,6.625083760866121e-05,4.3496758348080436e-05,0.2073121141387677,5.083544181631438e-06,3.793743533592015e-06,0.14512871523559015,Normal
Train100.csv,12.906709818498065,46.46415534659304,4.833333333333333,435,0.05139098198663528,-0.11868238913561235,0.546128016052186,3.227996826171875,5.8559417724609375,5.280447830265405,0.31292074296239114,6.035776647680089,1.397807010379401,8.61614802463087,10.835912447132865,1.6026605424045275,7.421875,19.377750025815928,0.49949333341065116,2.9392242431640625,5.3905487060546875,5.8462443217426845,0.2766749440440765,6.172432734521463,1.41546626127437,8.958653340326773,11.349338218803904,1.6203989033482744,7.72705078125,30.662539075930646,1.3854892886969163,7.42034912109375,8.600234985351562,15.119228568008163,3.132076834541353,5.176155826702178,1.6367485727563151,9.798566853853213,15.335060660636824,3.6083308790435695,20.166015625,93.13540993473516,1.4550449353526478,7.6274871826171875,8.763885498046875,21.536422172066306,3.3867490201479153,5.06331613210189,1.5263772628964416,8.177659111906841,11.200606154115798,2.9153027720314095,13.68408203125,224.74573488939657,0.04663468264153481,0.04459997131800393,1.0933639522062555,-0.017738360943746923,-0.0055035785678994925,0.2887725830078125,0.0468237767534201,-0.5657964914772791,-0.05085037702482522,0.394177000548349,0.34328378309275726,0.05089321745559172,0.22100127176581258,0.22005960444100375,0.0021350052889688156,0.5193204846617071,0.44660646683312255,0.07527900216808864,0.5800971917509237,0.48401191392926474,0.09029645212675426,0.5786012414894868,0.4786376096982716,0.09455160556518959,1.1619979276030268,1.1517544354820586,0.004427220579058703,0.3597126286973135,0.32474607075214906,0.05108643876164488,0.9403414462037453,0.7739746511535267,0.09704557656328834,0.264168836130195,0.35931905539062176,-0.1526095679296031,0.16636679505021856,0.09515021926042677,0.09704557656328834,0.1526095679296031,0,1,0.07866663550607006,0.0015658070078168702,0.00100091575549314,0.22008269081435744,0.0010389339730955064,0.000624156176095214,0.2494003726727624,1.6645150168102367,0.0003326443724841229,0.00020038408666878024,0.24812522163134113,1.6599510395430555,0.00012118730145258156,0.00010360804445859071,0.07819768218918141,1.169557890093285,5.9860442076513565e-05,5.89936303796683e-05,0.007292461708013634,1.014521338624962,8.378367245554759e-06,7.754589325466018e-06,0.038640872094553164,1.0790483429787707,0.0001492724880457266,0.00013261759362313586,0.059080842843297315,5.60407520542329e-05,4.815223007248295e-05,0.07570341866182989,0.0004288694128449302,0.0002804519283823734,0.20923576308606495,0.00084657692430574,0.00045422898502565326,0.301616805626055,Side I
Train101.csv,3.9758600360430827,14.313096129755097,1.488888888888889,134,0.059341194567807065,0.11868238913561413,0.19823813956287106,1.190185546875,2.156829833984375,7.881417038528887,0.2680352920528701,5.65110635026973,1.4115692456128124,8.36405330146031,10.624855103118325,0.4913748587086779,3.40576171875,29.55201738100127,0.18868713117096086,1.1554718017578125,2.1026611328125,7.539449456139813,0.2757275304638005,5.592198638587134,1.433772262368287,8.730454271040067,11.586333057423317,0.5596625366905823,4.8583984375,88.9260372056441,1.262422292586868,7.0743560791015625,8.443832397460938,31.9314983004727,4.668025665624311,6.062419456641012,1.7306824213260605,11.212318275404591,17.60623113751001,3.1045523820953,17.67578125,193.53796357502515,1.4023490343618643,7.83538818359375,9.188079833984375,32.06612490529655,4.697134284275206,6.051244407551988,1.642848311059533,10.408271102999327,14.296510082613096,2.6150355758489896,13.0615234375,211.28211098867624,0.009551008391910198,0.02468437413496481,1.05061817319738,-0.06828767798190438,-0.0649716914270656,0.0347137451171875,0.014799154270946342,0.3419675823890733,0.02217563988933708,0.157029972582594,0.1345507610459581,0.0224792115366359,0.1872574508977347,0.23299012320841914,-0.10882316529660864,0.17221355689353612,0.09514449039074171,0.28826161921444554,0.21735567812956408,0.3090034372885422,-0.17411640595416475,0.2990171856665788,0.1627217526606618,0.29517854948056627,0.18913468409476566,0.20119112348596827,-0.030888142285665946,0.218803569501409,0.25521093565074704,-0.07680643732534535,0.25485501192563353,0.19507937823936844,0.1328541086530479,0.16467306647488178,0.1635443361230516,0.003438971573433449,0.136295433005917,0.0916477591589781,0.29517854948056627,0.17411640595416475,2,1,0.16709324160859257,0.00013853294280848105,0.00012094357054756875,0.06778791665346766,8.925916718007014e-05,7.606964641483898e-05,0.07977268300440542,1.173233202128297,3.1684197401793774e-05,2.5405136243117873e-05,0.10996732812547372,1.2466664391922546,1.3105017621581739e-05,1.435803409798575e-05,-0.04560892940450293,0.9120953870382954,2.9176395875776307e-06,3.0301711480873344e-06,-0.01888807239814807,0.9596958346944409,6.28430896154483e-07,5.92429407337386e-07,0.029249045334359326,1.0431610550554267,2.680947361717198e-05,2.0636481553395464e-05,0.13007834404743066,5.705482075356218e-05,5.4261886214178845e-05,0.025087731555669204,2.8726501974602716e-05,1.9659590964926466e-05,0.18734799565339574,3.4778444519052563e-06,2.148169235733681e-06,0.23592476701890494,Normal
Train102.csv,11.77922712170973,42.40521763815503,4.411111111111111,397,0.22790418216397829,0.5934119456780724,0.2275062085728955,0.962066650390625,1.7055511474609375,1.7901447689987802,0.05162486505235983,4.309401804591557,1.2512123085754006,5.558698018709977,6.637607316929408,0.38199374164952093,2.64892578125,35.22621407812418,0.22049256187398442,0.992584228515625,1.824188232421875,2.141668871264637,0.0864890707963214,4.517561633124985,1.2833916739624116,6.035235972410218,7.357412358606974,0.37791772079250663,3.52783203125,36.57287825453497,1.3415861483181089,6.824493408203125,8.019638061523438,23.465838264405644,3.8764673661432965,5.021975009107008,1.6435333973004176,8.70380109620574,12.739826533390637,2.8525674721237855,15.8935546875,148.64474897347972,1.4499606478278348,7.4794769287109375,8.800888061523438,25.722374973309876,3.9610949899776755,5.229716203708579,1.6629089491047533,9.421356621112164,14.292127736388238,2.6858279271879675,12.41455078125,136.77939002800395,0.00701364669891108,0.015655503999173724,1.03180894775412,0.004076020857014306,0.005363810134245946,-0.030517578125,-0.015612802418173255,-0.35152410226585684,-0.08940507702909724,0.16958002075551423,0.15206796176408066,0.01751205899143357,0.18709803250204468,0.16973153777561822,0.04866887636645178,0.2599837814027154,0.1825634576425637,0.1749425037149659,0.2721951600101686,0.2657694704202699,0.011944445985813025,0.30156372519723523,0.3177129524968702,-0.026077563745806553,0.19472658966584624,0.18216620055745736,0.033326158262898725,0.2748357851480256,0.23749662415715286,0.07288073052552838,0.2353575852126048,0.2497070727238268,-0.02958262776026912,0.15897629035432634,0.2155780900154879,-0.15111770444147263,0.07742032376015168,0.05660179966116155,0.1749425037149659,0.15111770444147263,1,1,0.08778707318995128,0.0001644907207430879,0.0001290716530801071,0.12065261362245551,5.145411977418558e-05,4.379736453366938e-05,0.08037619081991197,1.1745541034462155,2.204456646586648e-05,1.7007747948820495e-05,0.1289431666433006,1.2953868239301543,6.912728318753517e-05,4.7596969946566346e-05,0.1844386944099031,1.452041229784694,1.976882533485089e-05,1.8763553376748135e-05,0.026082250024703987,1.0530145752447397,1.269318734189714e-06,1.2255594760800371e-06,0.017469615061629872,1.0273230538579838,6.89188048124885e-05,4.7423051621080453e-05,0.1847478317089082,5.046375623452008e-06,4.818080216405634e-06,0.023119796244859752,3.322064712661801e-05,2.578032072988821e-05,0.12608378860726432,3.137565590425339e-05,2.758186334212053e-05,0.06433698772847991,Normal
Train103.csv,17.2979582165158,62.272649579456875,6.477777777777778,583,0.15417294595990816,0.3560471674068424,0.6134948824009985,3.4793853759765625,6.1855316162109375,4.014284648958694,0.22816506001716777,5.948649430182792,1.3372668290644376,8.108959906839129,9.933544217561455,1.4699256027137917,7.67822265625,23.901781160235366,0.6976041859352211,3.667449951171875,6.7569732666015625,2.8555412538435943,0.10340887840084874,5.361332219221575,1.3478339299733677,7.359861892117227,9.10058273380772,1.526677237447883,8.04443359375,19.53118862157906,1.2241017051737344,6.5113067626953125,7.6953887939453125,19.43284015574422,3.6316601004376645,5.733558769649788,1.585090732517033,9.705656608737318,13.960714559727688,3.4261241336723853,18.02978515625,84.78230408170002,1.5762667140657087,8.373641967773438,9.515380859375,17.71416090315049,3.315715742728491,5.147365813203705,1.527720276090646,8.42658089569133,11.745367177579947,4.6052699381825,30.3466796875,115.93460659578238,-0.08410930353422263,-0.06415175246782803,0.8794311817154938,-0.05675163473409128,-0.01893865739700187,-0.1880645751953125,-0.026314384804386668,1.1587433951150996,0.1686714350294844,0.501179660804516,0.44256734934800324,0.0586123114565128,0.4115939238825014,1.0037983509813695,-0.4184030345734327,0.6002305475748739,1.0883635275547066,-0.2890765662858365,1.3788441341447075,0.7740777308760135,0.2809049461039423,0.6432812794464601,0.8410185138353342,-0.13321920137136456,0.4788595637330654,0.49779496273393214,-0.019388021346181117,0.6185652619624273,0.38445497452295474,0.2334053457642587,0.5756360779389024,0.5638502260464257,0.01034312720374496,0.33476892422949894,0.6221558229131764,-0.3003234021677931,0.604766403268694,0.5922044270988681,0.2809049461039423,0.4184030345734327,2,3,0.23714790801174224,0.0017364051835797494,0.0018427579649386498,-0.02971442679357194,0.0008687816007851297,0.0010716514413096243,-0.10454820683914118,0.810686628533947,0.00023888359557745173,0.0002697989499284111,-0.060774144665745024,0.885380546645451,0.00047885306923116594,0.0003502947651482227,0.15504684241350392,1.366961334449879,0.0001302377267938175,0.00012576850952696221,0.01745677278551779,1.0354529345563552,1.4711096993100909e-05,2.15570351173708e-05,-0.18870701786473196,0.6821103092307809,0.0005512015209866278,0.00043014135680295674,0.12336048217064285,0.0001256108363153764,0.0001071857615773659,0.0791432670069738,0.00015605966352819238,0.00019452410646025967,-0.10971228306006192,0.0008274287881395755,0.0010392425404665575,-0.11347076176368312,Side II
Train104.csv,14.09353370985421,50.736721355475154,5.277777777777778,475,0.05139098198663605,0.0,0.6699612947231613,3.8173675537109375,6.970977783203125,4.5373077773978165,0.26604976915466827,5.688361797596917,1.391058427829324,8.163099086665135,10.298669872354711,1.4115163737207799,11.083984375,24.235329872103843,0.8526915582341862,4.2469024658203125,7.8296661376953125,2.8085343021495692,0.11687351620538851,5.391913697114029,1.3726757538054766,7.479227292932685,9.3267878354149,2.199110824619935,9.375,13.708040181917141,1.3199255993059953,8.216476440429688,9.493637084960938,19.387987103912128,3.6517605718627872,6.5829746040566395,1.5704326926616696,10.891433795441825,14.515774159099182,2.8551926068375386,20.34912109375,74.23362424621608,1.515193626408919,9.223556518554688,10.47515869140625,18.965678717644224,3.543994302431652,6.629379108892096,1.5512004138437723,10.555715184537501,13.70789150751564,3.324213521036592,23.22998046875,98.10258266305085,-0.18273026351102484,-0.12000782841344415,0.7857017938040181,-0.7875944508991553,-0.21813230927850316,-0.429534912109375,-0.05326395452240858,1.7287734752482473,0.23534040810762455,0.5075750405929474,0.562760783667958,-0.05518574307501056,0.6367359363834163,0.6405939205120509,-0.0030203506773167077,0.4705552030950892,0.45656529744261876,0.015089630197434227,0.8750206485083053,0.7754180024163885,0.06034919591383802,0.6388698323590709,0.5620461195717191,0.06397093154115244,0.6995114081633828,0.8418580893720525,-0.09235078319167885,0.9074529851867399,0.7028371380600164,0.12706768979212815,0.6308797472802959,1.1921689422032984,-0.3078849155713701,0.8751951238508134,1.815457521854162,-0.34945513907553827,0.20461584712672354,0.9402623980033485,0.12706768979212815,0.34945513907553827,0,2,0.16583316127428616,0.001784650081818883,0.003547045174430795,-0.3305506049968023,0.0008493738813062951,0.001333243578965962,-0.22169138181708287,0.637068517727174,0.0005737679624926366,0.0017564657168423307,-0.5075425221997497,0.3266586363767764,0.00026874000167580474,0.0003636783402255349,-0.1501171472870847,0.7389293852784787,7.299470030785936e-05,6.995208766367921e-05,0.021283442971493673,1.0433465144544927,1.3271533018275658e-05,1.3210033903474645e-05,0.0023214600700164883,1.0038955357586092,0.00030010832758546607,0.00038441667935667405,-0.12316149052452198,0.00010887361423102623,0.00018056614403064516,-0.24768557496878857,0.0006678066059667665,0.0022685572579051756,-0.545145382075986,0.0006158940050837388,0.000630626663419383,-0.01181892969655988,Side II
Train105.csv,0.3857177646907468,1.3885839528866886,0.14444444444444443,13,0.17553362074379245,-0.4747295565424576,0.14442055138131665,0.5695343017578125,0.9990692138671875,2.3727988826606943,0.4439788429340436,3.999361424397807,1.240304284492471,5.05097497137125,6.013533826679918,0.3123588481648849,1.5380859375,12.274955078177,0.14017583711063164,0.550079345703125,1.007843017578125,2.0982941828762733,0.43315600947584865,4.093901168374936,1.2623813215982658,5.23372503842103,6.3070721713369595,0.42167116468402743,1.08642578125,12.390697225511374,1.3678392552669865,7.3368072509765625,8.721160888671875,15.230330997372398,3.3423656809276068,5.377955755190315,1.6507500899407122,9.094936276327346,12.798089534750062,2.7562209499757215,17.724609375,81.39531564644781,1.5347348815552784,8.07342529296875,9.574127197265625,12.98443708230629,3.1285110716254967,5.125339203416664,1.6979954717159795,9.19962323735883,13.426684737449705,2.78646184112946,13.07373046875,25.83835323959021,0.004244714270685013,0.01491485589128108,1.0302812813917575,-0.10931231651914253,-0.14892077042691018,0.0194549560546875,0.017376490475122908,0.27450469978442094,0.06139543399047974,0.10558298408923612,0.09133553806715078,0.014247446022085344,0.09358618251922274,0.08181438845151731,0.06711376896561803,0.21697946540352897,0.2363992536710925,-0.042833478992719186,0.1322717597832046,0.1317924145100341,0.0018152604619723874,0.18994718214338777,0.14084824749266303,0.14842687887337438,0.10736238392841276,0.14123668356805577,-0.13626076162782308,0.21957778132083375,0.16989145335459754,0.12757445843417722,0.1366214405897972,0.14960061687601117,-0.045346525518213054,0.1354818523455009,0.17121274111209192,-0.11650315448583236,0.049686327966236205,0.03573088876659103,0.14842687887337438,0.13626076162782308,0,0,0.09927382709382915,5.536170969819918e-05,5.621491944310709e-05,-0.007646849985289989,2.8668409037154537e-05,2.4727121473056093e-05,0.0737992400121352,1.1589225960821852,1.733795977502422e-05,1.2334521115130693e-05,0.16856537963957952,1.4045064699814935,8.175100119604854e-06,1.777343901079843e-05,-0.36975651222035694,0.4597029919039159,2.4941165326055334e-07,3.455149610730508e-07,-0.1588677130999869,0.7015503721918035,2.932308532206977e-07,3.5808822389437474e-07,-0.09807273511087831,0.7966319870772127,1.6152798285300585e-05,1.3062981657670615e-05,0.10572229838379626,1.1004467926690074e-06,7.617829992511336e-07,0.18088794168291883,1.9626895843970725e-07,2.371549592515062e-07,-0.09220522209239666,0.0,0.0,0.0,Normal
Train106.csv,12.84736862393026,46.25052704614894,4.811111111111111,433,0.05139098198663528,0.11868238913561235,0.5298765475213448,3.1604766845703125,5.7041168212890625,4.791843337109208,0.205900264383891,6.003237923669254,1.3996674869192067,8.550579969547758,10.73752670172426,1.5602028841203757,7.60498046875,17.555057162761152,0.5369923192109798,3.3123016357421875,5.99517822265625,5.5399477421145065,0.2576854865447094,5.996067318646027,1.407141599665802,8.644970974064126,10.960451442067043,1.3833810047137567,8.6181640625,38.56344194277555,1.436362246720635,8.007049560546875,9.396743774414062,23.886710852429474,3.9439854971419486,6.145642130093501,1.6911725597751461,11.005134140579969,16.177496322082185,3.5364114798511928,16.39404296875,111.93356144687056,1.5997222149545616,9.101104736328125,10.451507568359375,18.364538689801947,3.6797045505466697,5.740624669810185,1.6466875347946985,9.809969966585134,14.111037753887873,3.1340542684323904,29.9072265625,57.91192636463504,-0.007115771689634953,-0.0066697715575222355,0.9867488206021668,0.17682187940661898,0.06007026994428559,-0.151824951171875,-0.02345591698403567,-0.7481044050052983,-0.07240800733820368,0.368901748178143,0.3356784764468922,0.03322327173125078,0.43128966394407897,0.5245853833289031,-0.0976024206039937,0.8420100484292888,1.0094380188540812,-0.0904308214089695,0.6008704589269815,0.618391365819028,-0.014370093767181933,1.1825397239282245,1.0680570296641279,0.05086770589741803,0.3305854397454132,0.32463628241961473,0.009079609289119385,0.49135008219555887,0.375626408404536,0.13347959686441613,0.241486434520478,0.19266805464134346,0.1124447171994838,0.3459601928190885,0.3461282777462295,-0.00024286624017161965,0.11572367379102289,0.1674279704247924,0.13347959686441613,0.0976024206039937,0,0,0.07882668366205471,0.0014382074597469345,0.0015590036115124338,-0.040302851181829906,0.0009317342307374867,0.0010280883651093372,-0.04916447179011067,0.9062695383611448,0.00030074326404202557,0.0003197248874630413,-0.030591928781009955,0.9406019669242038,0.00012438245821832453,0.0001313137687935374,-0.027106538062099454,0.9471435320583453,6.770376182321826e-05,6.551865477608969e-05,0.01640071615378869,1.033193219890762,8.115640047462436e-06,7.618077731189055e-06,0.031603864047161485,1.0639167996780994,0.00015420505831344815,0.00016065677774537647,-0.020489985743669385,5.0827282498217344e-05,6.808829515761211e-05,-0.14514129760502933,0.00043788871644789834,0.0004850961204591508,-0.05114590258104176,0.0006933472705332682,0.0007609311317289572,-0.046472117284686205,Side I
Train107.csv,9.761626506404285,35.141855423055425,3.6555555555555554,329,0.12933113515502787,-0.3560471674068424,0.42744379204786204,3.362274169921875,5.8963775634765625,9.873137393127092,0.4383956038677195,6.984333169872223,1.490261983699346,10.801342336551285,14.015312082030068,1.138377693085958,11.328125,29.407699531098665,0.4148616237698779,3.08685302734375,5.617523193359375,8.499191226584161,0.34180595813892767,6.7346636840137215,1.498358873083718,10.530044550686767,13.758591923940834,0.971043317962947,9.2041015625,31.99095015274723,1.3311762764793384,7.836151123046875,9.205245971679688,18.74136069799634,3.788428212157549,6.018313437750116,1.7266653881510508,11.255930761631733,16.70840316458448,2.2970769170642322,16.6259765625,81.82044995447743,1.4554695229939911,8.2733154296875,9.60845947265625,18.739816800380027,3.8410196911893775,5.90924260898793,1.6557718573045128,10.335072735939491,14.108235246505455,2.3465681744073934,15.6982421875,77.0778885788875,0.01258216827798414,0.014937774223369065,1.030328565607885,0.16733437512301097,0.07932715823596198,0.275421142578125,0.042706731271765566,1.3739461665429307,0.07478345256251406,0.3211023185954992,0.2850362816708927,0.036066036924606526,0.21979121634511029,0.16306871334650258,0.1481547091197285,0.24270985016874103,0.26066330991796705,-0.03566630248913239,0.3578010590569062,0.44412476268883294,-0.10764549564890036,0.4653839210487189,0.4820198708463202,-0.01755951344540241,0.6892599802477661,0.4111875556508572,0.25269030371623535,0.8795731938597806,0.6802764757796591,0.12776661795140995,0.34959541058489074,0.6342125757522579,-0.2893015367094348,0.308009608813208,0.3729224371952009,-0.09532937656439439,0.27807242459690895,0.2846171651673671,0.25269030371623535,0.2893015367094348,1,1,0.16126139421994012,0.000615872033481744,0.0007889828505470582,-0.12322327311762761,0.0004050382382609893,0.0005724369208972878,-0.17125444930585682,0.7075559732701643,0.00011851542725117895,0.00012604307644843924,-0.030779307569816252,0.9402025764889326,5.6032876108507785e-05,5.369048266925889e-05,0.021346229308379552,1.0434333794281532,2.4276645096962854e-05,2.6413132263933254e-05,-0.04213997138019461,0.9187648479548244,6.2049036751506384e-06,5.766239077176088e-06,0.036612918069886285,1.074211713235408,5.850108002300654e-05,5.4294110526767506e-05,0.03729411275966734,8.49538094584099e-05,7.444874473462545e-05,0.06589860363860481,0.0003538025464398423,0.0005575948609607895,-0.22360177552448315,5.878289533932526e-05,4.6956266235378926e-05,0.11183662288983415,Normal
Train108.csv,11.215485773315562,40.375748783936025,4.2,378,0.244670013153398,-0.5934119456780724,0.43315489872904156,3.2867431640625,5.7270050048828125,8.911950327770969,0.4560139246328951,7.231751306915012,1.4395744694940575,10.826968815039255,13.837456507348142,1.2266566853898941,11.1328125,35.01128202639638,0.43714306401171565,3.3294677734375,5.661773681640625,8.093802840643715,0.5054711364429642,6.842996113634687,1.4055274967206757,10.042204118999624,12.693764987862144,1.4775771232589079,13.8427734375,34.568098568342045,1.3118298405450943,7.5092315673828125,8.70513916015625,26.400450198147013,3.7374283875852212,6.0207477372352045,1.6445974303149162,10.414234804296424,14.788674104873573,2.9274682349640675,16.56494140625,311.5609189673035,1.489703706282504,8.560562133789062,9.984207153320312,18.633060241277377,3.477466186123536,6.057189044167178,1.644918128216485,10.40592581922496,15.074133387899277,2.501646241925449,24.365234375,54.33011325064391,-0.003988165282674094,-0.004582528521943463,0.9908767277356721,-0.25092043786901375,-0.0927879964145958,-0.042724609375,-0.0064575645658855405,0.8181474871272538,0.04811004126331342,0.33019137241697627,0.2934429573033413,0.03674841511363497,0.6533049337860749,1.0350250574864617,-0.22609331316311077,0.448159922944173,0.36871806689374587,0.09725057605442872,0.7012607125026735,0.5542088814451808,0.11712894569098667,0.31841170577117667,0.3103367316397663,0.012842932916433403,0.8793885348897678,0.9159961771578122,-0.020389859520635,0.3338988177820528,0.3341933873554946,-0.0004409115489859653,0.21620437488055405,0.18857423692463135,0.06825987457712311,0.14674113341552375,0.14336939940368484,0.01162223881653314,0.14705183105749275,0.38172012370038677,0.11712894569098667,0.22609331316311077,0,1,0.09950986634631029,0.0008439565677816676,0.0010026530749165407,-0.08593939047290511,0.0005871133466196275,0.0005100752999693462,0.07021339926893015,1.1510101284136405,0.00011910098501975957,0.0002932607119016578,-0.4223367611843801,0.40611278312611593,7.350777487643132e-05,0.00013307747572408464,-0.2883401272512339,0.5523267646072629,5.808217537766258e-05,5.496505019207171e-05,0.027571215991570645,1.056518823988977,3.8134130118354185e-06,4.6146090650489975e-06,-0.09495069412160223,0.8245914320965454,7.10390431918004e-05,0.00012157882989264495,-0.26237006042572364,4.787398935406392e-05,0.00010292852745545215,-0.3650528435310508,0.0005142504953849251,0.0005217067980021943,-0.007197430522049266,0.00013322154086692378,0.0001591843332900968,-0.08878721956534956,Normal
Train109.csv,16.55619328441821,59.60229582390556,6.2,558,0.10278196397327209,0.23736477827122826,0.33268862990554454,1.551055908203125,2.8533935546875,1.9450008794295774,0.1619621513039632,4.830995114770667,1.2611220273848636,6.230472944029836,7.432942088344186,0.7846576284072633,3.125,20.062651894198453,0.328210641159003,1.4461517333984375,2.696990966796875,0.8000119455347623,0.04574857580830425,4.608663195795495,1.26771351035828,5.887048636367653,7.018316473073307,0.6349866159598027,2.5634765625,3.6628072810710233,1.3418093715694923,6.9240570068359375,8.110427856445312,15.960829440813862,3.662558787850303,5.406043770652962,1.7032187331237272,9.755900503845433,14.652101166850745,3.031439170637017,17.24853515625,36.08795182655354,1.4275591541967723,7.50579833984375,8.7432861328125,17.844912173933746,3.7645900846393756,5.215521146155601,1.6332834660098863,8.944419139464994,13.72289469583991,2.5341559289542523,12.255859375,87.59453721711144,0.004477988746541539,0.006775599361113831,1.0136436119020773,0.14967101244746062,0.10542853393520754,0.1049041748046875,0.03500063625842934,1.1449889338948152,0.41711605836979254,0.24794030692824948,0.22991035985795616,0.018029947070293317,0.24228435548513946,0.24213033432172812,0.0003179531163541306,0.31976402240373014,0.3387317991645754,-0.028804702856919672,0.4789400515054656,0.48498828194782134,-0.0062745643734137746,0.5542463543042446,0.5086016538624044,0.042945651364693395,0.3249977359326069,0.29685514785244277,0.045256021739913166,0.29214538586906486,0.2977153967116652,-0.009442924352084325,0.27217031860432145,0.24973479002143778,0.042987753486609194,0.26463928066051173,0.26325989079076034,0.0026129797473056237,0.045644700441840214,0.018967776760845267,0.045256021739913166,0.028804702856919672,0,0,0.026697572704131013,0.0005233471807217324,0.0004930443398774715,0.02981414172601132,0.00020174315746866118,0.000205105975959865,-0.008265313999137679,0.9835565295417857,6.176465352774176e-05,5.310619614432642e-05,0.07536902284524567,1.1628214746386563,0.00019179234153526002,0.0001794656058229981,0.03320172344521607,1.0686262384003813,6.352897647391549e-05,5.0079451546386294e-05,0.11837450281503613,1.268310482798624,3.125147356163274e-06,3.666591522409325e-06,-0.07960378601885959,0.8500121204966818,0.00024505459694731463,0.00021831351378013008,0.05770899088263893,1.1389363697106962e-05,1.3294468995714237e-05,-0.07714903240439917,5.580806453445039e-05,4.6384327439769406e-05,0.092206619753656,0.0001664997138828633,0.00018208499567020617,-0.04470888788680883,Normal
Train11.csv,0.0,0.0,0.0,0,0.0,0.0,0.07136734885179821,0.2201080322265625,0.336456298828125,13.99389149284716,1.6786317901281058,3.5275120741270465,1.0908425136522129,4.033501417660886,4.352161927471024,0.12818766201386614,0.341796875,46.95987216042165,0.05590059566354382,0.2277374267578125,0.3719329833984375,12.483212351465498,1.640770759186279,4.529583665787008,1.2333983458606665,6.040506274065782,7.550446652897506,0.13494965524067606,0.3662109375,68.02166371636986,1.4085757216607042,7.2254180908203125,8.32672119140625,12.537976056032186,3.1539772975932943,5.092773378482837,1.656575745772101,8.889981349686426,13.055314453538811,2.898793152429962,16.88232421875,38.40559365686214,1.559692572335654,8.135223388671875,9.540176391601562,15.982650099899278,3.2864202518232486,5.175423886226973,1.6359767315403524,8.642012524962972,11.93399661947111,2.8134192527434334,12.4755859375,110.15120125953665,0.015466753188254391,0.12152904670428948,1.276682926860329,-0.006761993226809926,-0.025697582693271055,-0.00762939453125,-0.017035774747374263,1.5106791413816616,0.05705605679888581,0.05066632006193692,0.03584077804603787,0.01482554201589905,0.08035180380659353,0.07232583604817942,0.052568059346265864,0.06670810310765635,0.06547368406580677,0.009338797536771594,0.08630744461983098,0.04495196785761785,0.3150667280234168,0.09039595120892588,0.04305505754411826,0.354743591372754,0.060144781282731104,0.07614257444582542,-0.11738280417685316,0.04821796658634179,0.047426947836120656,0.008270368291862647,0.08931739704809603,0.06793094987008891,0.13600426482760847,0.08328633423507084,0.059674687483344376,0.16516141824041541,0.04734089366480762,0.01599779316309432,0.354743591372754,0.11738280417685316,3,0,0.1503804650531958,2.6099871720425533e-06,3.379176946131526e-06,-0.12843023816209537,1.5641917640980422e-07,2.6321631610146245e-07,-0.24857615712197614,0.5725103780102061,7.162567074098021e-07,9.495469454002414e-07,-0.13921096161787838,0.7464530118545067,9.790684412872336e-07,1.2456472461870463e-06,-0.11928980782387821,0.7797320818090558,1.4765593919920224e-07,2.0321119406128545e-07,-0.15394933409461065,0.6925337098236971,3.0650282626073784e-07,3.4881737161795115e-07,-0.06360027170696045,0.8542028633638313,3.0253286547426467e-08,5.277163015912542e-08,-0.24206787180184547,1.0283028620017284e-08,2.4231772279475297e-08,-0.3133506918508314,1.454141566905318e-08,1.649935359272702e-08,-0.04770714484382721,0.0,0.0,0.0,Normal
Train110.csv,13.203415791337104,47.53229684881357,4.944444444444445,445,0.1755336207437929,0.4747295565424583,0.2782725342229062,1.4865875244140625,2.74505615234375,3.1095601907483243,0.0993335872421252,5.058659228990891,1.3145518507982505,6.881224985126833,8.445771519733706,0.8968481933761216,6.70166015625,23.32784758197588,0.2735728141676115,1.46942138671875,2.6912689208984375,2.7765658140861134,0.10476913277995616,5.245789306695324,1.302272266070852,6.995707434586848,8.46861138048104,0.5673441914793339,4.47998046875,22.70064303024551,1.4251850280436202,7.2254180908203125,8.423995971679688,12.844231410099246,3.14831469566994,5.098319084279715,1.6745180276903433,8.88051682597617,12.552313664311969,2.9923708289335784,16.0400390625,46.89648072270901,1.5298789568690747,7.77740478515625,9.17205810546875,15.007208420305874,3.461213170440769,5.345507930717955,1.7059927581755825,9.594228835569135,13.49844334469982,2.7464303804704673,11.07177734375,45.88705204358797,0.004699720055294732,0.008516371450512296,1.0171790091709378,0.32950400189678775,0.22504146521626772,0.0171661376953125,0.005807200909506738,0.332994376662211,0.05657275699211773,0.19525361745650688,0.1788199067325458,0.016433710723961076,0.20229538814593145,0.20511376207521229,-0.006917797154465069,0.21643513063317524,0.2471888638469625,-0.06633334968984507,0.30022893703676823,0.3041609346598678,-0.006505730393867176,0.34656113222710505,0.35933639484869473,-0.01809789941258551,0.2409325897146893,0.2407984275804948,0.00027850008945407007,0.2281742643698684,0.23970478890743332,-0.02464424130628609,0.2486042983252619,0.23704815566013882,0.023795087067591772,0.580184692329789,0.3969804169481592,0.1874854840469582,0.18320427538162976,0.03075373321378727,0.1874854840469582,0.06633334968984507,1,0,0.07084383807259308,0.0002721541017459706,0.00025163036936338794,0.039183544978174,0.00010872691477965494,9.200190090389588e-05,0.08331728878048554,1.181661434135759,9.151113662474496e-05,7.109094548486111e-05,0.12557610034240843,1.2870593492210258,4.6926766899181615e-05,5.725782088260216e-05,-0.09915154139346488,0.8194264453571668,2.1876072510492038e-05,2.788040022679343e-05,-0.12065005587191027,0.78435850086785,1.9435168707233506e-06,2.230844933654017e-06,-0.068667117320038,0.8673143069985523,5.184764290407347e-05,6.384816685818675e-05,-0.1037158287796495,1.22875183486424e-05,1.1626761489155939e-05,0.027618672911630185,0.00013062995516840693,9.226499151978645e-05,0.1721135587999607,5.4172440333077796e-05,5.5207114682327344e-05,-0.00945862106399314,Normal
Train111.csv,14.09353370985421,50.736721355475154,5.277777777777778,475,0.051390981986636046,-0.11868238913561413,0.5706767067676032,3.1200408935546875,5.8361053466796875,4.028478103485519,0.11662599262551945,5.619465034824495,1.3894477650397414,7.980163394721063,10.019937980316946,0.9709557755183437,6.005859375,27.102881659102483,0.73933486882908,4.56390380859375,8.171844482421875,6.077734633824848,0.3697241039695926,6.365750735484822,1.4363419014629422,9.418366373267405,12.026419699215364,1.860998867089656,11.23046875,43.8651904687366,1.3876203305597226,7.631683349609375,8.837127685546875,17.72339778979364,3.3580240788556384,5.6061938424851325,1.593687518115262,9.198887262979595,12.788690967794938,2.503307898884183,14.013671875,203.44958614692928,1.6232581452687964,9.48333740234375,10.824203491210938,13.419977993941712,3.099822599564386,6.31120808287047,1.5802626684792762,10.398552544517665,13.779957737578687,2.7819003593122003,18.34716796875,67.2650766615554,-0.16865816206147677,-0.12874554997516033,0.7718785128484824,-0.8900430915713123,-0.3142857851737333,-1.4438629150390625,-0.18790646850390433,-2.0492565303393295,-0.20277195637749776,0.41126285777665245,0.4554635172657753,-0.04420065948912283,0.4990004368089243,0.49251912313455665,0.006536748109507422,0.36563046545035577,0.5855128879621083,-0.23117695078360165,0.6059973716371966,0.6447329147890334,-0.03097034049828143,0.7270591228101378,0.896938898555018,-0.10460590004661321,0.5094002660382676,0.5633149039099645,-0.0502599747626381,0.5809898628810983,0.5852033752747652,-0.003613048180762327,0.7010982974240555,0.8696471506354365,-0.10730500753419797,0.7496439515806964,1.4833566447555482,-0.32857702371101355,0.006481313674367661,0.7337126931748518,0.006536748109507422,0.32857702371101355,0,2,0.11016860317084862,0.0012105206958848349,0.002393851179582914,-0.32830421626362155,0.0005248244644050446,0.0010488159989466466,-0.3329783498589397,0.500392310003885,0.0004147671691315811,0.0010357185530186041,-0.42809597739904914,0.400459336495796,0.0001891664372737497,0.00022001747346345253,-0.0753946610156581,0.859740078346039,6.700114598317241e-05,6.968456920588339e-05,-0.019630631574659742,0.9613539009796533,8.844649334803729e-06,1.091604136233207e-05,-0.10477084788081911,0.8095017254186849,0.0002251851694130768,0.0002541004801943454,-0.06032875701031776,8.370996031093716e-05,0.00015528352751111732,-0.29946662223385173,0.00043506534445296376,0.0010545171001071346,-0.4158531804564203,0.0003862554252537579,0.0008521253673338502,-0.37618976567700463,Side II
Train112.csv,0.029670597283903602,0.10681415022205297,0.011111111111111112,1,0.051390981986636164,0.0,0.07170898249286245,0.2162933349609375,0.312042236328125,10.11075731917316,1.454748552228681,3.483999170987442,1.1028509263785247,4.078527127464282,4.435579177664668,0.12723720750791023,0.390625,18.694337770122036,0.05445818635379601,0.2117156982421875,0.339508056640625,13.685923819415937,1.6492866338781247,4.436252802748209,1.2242365203040364,5.9093388261871045,7.395243048505975,0.1357806583475056,0.3662109375,84.67892740313648,1.3127090646181,6.47735595703125,7.639312744140625,12.67847366187733,3.085416335186973,4.8024189785151155,1.5511283366143818,7.761675827814307,10.796001621605686,2.8447505217884514,15.90576171875,31.37763784974738,1.4023914712419188,7.1868896484375,8.4747314453125,16.57448275711276,3.190639959262522,5.050686608978856,1.6174926636102294,8.77820598999774,13.711808967360827,2.749675192399503,12.29248046875,141.45779198614073,0.017250796139066438,0.13672966532788036,1.3167711619935787,-0.008543450839595373,-0.03248239615581039,0.00457763671875,0.010695186915893131,-3.5751665002427764,-0.15023803016559506,0.054626713473222836,0.03883237104775435,0.01579434242546849,0.07769204813225838,0.07251616170397292,0.034458077154024075,0.06262534209213172,0.059019639040031574,0.029641196226342502,0.0882581444270006,0.04217622041027575,0.3532958552851918,0.09081469282586314,0.04593222977126219,0.3282155014535548,0.06275847749893183,0.07630109829749628,-0.09738717917936082,0.050870926244003425,0.045665066514672115,0.05392661370437227,0.09121697465084415,0.07214365796180214,0.11675588675460735,0.08151971176985136,0.05406605626134853,0.20248182299905693,0.04608192401672485,0.013542620798564442,0.3532958552851918,0.09738717917936082,3,0,0.14629951350347853,3.6063123290567383e-06,4.950493781009424e-06,-0.15708915624153275,1.8994794448222095e-07,2.7152770060475804e-07,-0.17303068986201198,0.6747042798068826,1.1810171164374993e-06,1.965010120591973e-06,-0.2484113555662423,0.5979802858344399,1.3491511055999824e-06,1.7088506197244414e-06,-0.11724227895811333,0.7849146924799506,2.131759357606204e-07,2.5774895225487e-07,-0.09268186697132196,0.796178412521661,3.5560316638701516e-07,3.8279673213563064e-07,-0.03633560854604075,0.9053109084019244,3.719774404064326e-08,5.009344686628349e-08,-0.13254748662678884,2.722916311108937e-08,3.342798509800923e-08,-0.08773099600022674,2.2766835228720113e-08,2.855830563994307e-08,-0.09443876245838953,0.0,0.0,0.0,Normal
Train113.csv,16.97158164639286,61.0976939270143,6.355555555555555,572,0.14535564741834425,0.3560471674068424,0.353683396368227,2.13165283203125,3.887176513671875,5.22113597554503,0.3279761805596306,5.82427084849295,1.3746058483950645,8.257000847919347,10.301026248929318,0.6784025850277415,4.2724609375,19.465718915902748,0.3305648399340627,2.017974853515625,3.6479949951171875,4.3174382552797,0.1898791261573558,6.102769694018704,1.3681387900754993,8.532449012100885,10.609489308434696,0.5924457983181708,4.65087890625,19.04619165371522,1.2832276604070296,6.85577392578125,8.060836791992188,19.495517252138225,3.817624922057787,5.883356038800914,1.6390678830082481,10.026831149361739,14.194447773861047,2.8918811053600546,16.6259765625,71.46009113612773,1.4209843013686725,7.5366973876953125,8.902359008789062,22.19712954717754,3.6814826226216963,5.390812046080488,1.5655394838330619,8.529529440491586,11.803158062346586,2.4913410913912983,12.53662109375,192.4898423514335,0.023118556434164272,0.033786796764329406,1.0699364933651467,0.08595678670957074,0.06763732571063193,0.113677978515625,0.02739474161443862,0.9036977202653302,0.09474138350756225,0.27562014483060626,0.2326308864139867,0.042989258416619575,0.3356656316229761,0.33238952604833116,0.004903944663828733,0.2979500091952351,0.28360919122194506,0.02465925690180835,0.4589249268037734,0.470223871384075,-0.01216053282394921,0.4367596330767668,0.3822594218683414,0.06654327541456936,0.3678613171798598,0.2574706267297618,0.1765313442883052,0.21725252742306814,0.37621891088139275,-0.26785851941570094,0.40370162506509943,0.2534695170459939,0.22860423427976206,0.4010118549793231,0.36612420644508076,0.045477783973140035,0.15023210801910553,0.15896638345832462,0.22860423427976206,0.26785851941570094,2,1,0.13854443179407253,0.00045221432226693844,0.00032547709887371836,0.16296595275196923,0.00029531904088595515,0.00017058246001885454,0.26772591066084356,1.7311377117916897,4.9912795579668394e-05,4.845102821612329e-05,0.014859312235127669,1.0299574197450083,3.844750643832903e-05,3.898923133652908e-05,-0.0069948058984081515,0.9858529289093124,6.059017873735287e-05,6.156569822214969e-05,-0.007985204290067053,0.9839949929395634,5.593124100594079e-06,4.121026756085728e-06,0.15138569590342413,1.353930737038782,8.923120407925718e-05,8.995427676599781e-05,-0.004035105591558108,1.4674671162826976e-05,1.5047352559960457e-05,-0.01253467979873325,4.183005382103247e-05,4.043605707831591e-05,0.016942910007278926,0.00024184744553810422,0.00014480318608560332,0.25098045033698424,Normal
Train114.csv,14.152874904422017,50.95034965591926,5.3,477,0.05139098198663605,0.0,0.4569049471622395,2.6882171630859375,5.0411224365234375,4.966389727501888,0.22463039259604264,5.849190398737657,1.3970326782473386,8.34336060392133,10.516770227317725,0.9659975543030686,6.40869140625,19.176565740263026,0.46402791807091565,2.8652191162109375,5.2181243896484375,3.914187439325926,0.16703596130076237,6.344774606280886,1.3911134918082548,8.956933317606843,11.23829282609817,0.7873913565125422,5.9814453125,12.758912478541315,1.3915508642572185,8.50067138671875,9.673690795898438,30.409162037370933,4.085442453466234,6.402425334335425,1.615765653322985,10.661827568388773,15.130787308563548,3.5198038018950597,25.18310546875,418.154585571008,1.4604106647664383,8.135986328125,9.320449829101562,16.379444014248552,3.4604275368854402,6.050704054112392,1.6324843548820414,10.281380079143174,13.890225094697861,2.7627526011347294,12.75634765625,67.98327862907509,-0.007122970908676141,-0.007734516923258709,0.9846496719749429,0.17860619779052633,0.10186342326575523,-0.177001953125,-0.03187250990276695,1.0522022881759616,0.11848354754705409,0.3283422515228745,0.31773796651077413,0.010604285012100367,0.2939129618335146,0.48543446560045506,-0.24574598512510937,0.23370729544631239,0.31962978480632354,-0.15528055298223672,0.5473972755785766,0.49190749802045475,0.05339124618089905,0.44368953007390677,0.574178340683724,-0.12819818080190362,0.7193057720686055,0.5735753275740112,0.11271759128329878,0.6953229501560438,0.70364480937391,-0.00594857108156417,0.40268754159547343,0.38842038304093673,0.01803440204539703,0.4561500857964347,0.28565518612022417,0.22983780761939285,0.1704948996762105,0.19152150376694044,0.22983780761939285,0.24574598512510937,1,2,0.14484642360706432,0.0006914824390331718,0.0007438932790359836,-0.03651367327943517,0.00027467260073384136,0.00032499606323701147,-0.08391738030155439,0.8451306969419081,0.00023394178399637567,0.00020999522878820335,0.053940120146257556,1.1139807582234682,0.00012468575180581682,0.0001617481875382409,-0.1293880953365437,0.7708157077139612,3.524198850555009e-05,3.7120650645114464e-05,-0.025958182009272822,0.9491346877377469,1.9449182247732052e-05,6.4372038750799274e-06,0.5024630970106654,3.016684848901406,0.00014108010732973692,0.00017770689507450155,-0.1148906277930475,5.070582665987348e-05,5.9950460560601504e-05,-0.08353613492346046,0.00023301835060784344,0.00021254122208249037,0.04595719676663033,0.0002192893532614006,0.0002471293523548597,-0.05968757659689066,Normal
Train115.csv,9.761626506404285,35.141855423055425,3.6555555555555554,329,0.12933113515502787,-0.3560471674068424,0.42744379204786204,3.362274169921875,5.8963775634765625,9.873137393127092,0.4383956038677195,6.984333169872223,1.490261983699346,10.801342336551285,14.015312082030068,1.138377693085958,11.328125,29.407699531098665,0.4148616237698779,3.08685302734375,5.617523193359375,8.499191226584161,0.34180595813892767,6.7346636840137215,1.498358873083718,10.530044550686767,13.758591923940834,0.971043317962947,9.2041015625,31.99095015274723,1.3311762764793384,7.836151123046875,9.205245971679688,18.74136069799634,3.788428212157549,6.018313437750116,1.7266653881510508,11.255930761631733,16.70840316458448,2.2970769170642322,16.6259765625,81.82044995447743,1.4554695229939911,8.2733154296875,9.60845947265625,18.739816800380027,3.8410196911893775,5.90924260898793,1.6557718573045128,10.335072735939491,14.108235246505455,2.3465681744073934,15.6982421875,77.0778885788875,0.01258216827798414,0.014937774223369065,1.030328565607885,0.16733437512301097,0.07932715823596198,0.275421142578125,0.042706731271765566,1.3739461665429307,0.07478345256251406,0.3211023185954992,0.2850362816708927,0.036066036924606526,0.21979121634511029,0.16306871334650258,0.1481547091197285,0.24270985016874103,0.26066330991796705,-0.03566630248913239,0.3578010590569062,0.44412476268883294,-0.10764549564890036,0.4653839210487189,0.4820198708463202,-0.01755951344540241,0.6892599802477661,0.4111875556508572,0.25269030371623535,0.8795731938597806,0.6802764757796591,0.12776661795140995,0.34959541058489074,0.6342125757522579,-0.2893015367094348,0.308009608813208,0.3729224371952009,-0.09532937656439439,0.27807242459690895,0.2846171651673671,0.25269030371623535,0.2893015367094348,1,1,0.16126139421994012,0.000615872033481744,0.0007889828505470582,-0.12322327311762761,0.0004050382382609893,0.0005724369208972878,-0.17125444930585682,0.7075559732701643,0.00011851542725117895,0.00012604307644843924,-0.030779307569816252,0.9402025764889326,5.6032876108507785e-05,5.369048266925889e-05,0.021346229308379552,1.0434333794281532,2.4276645096962854e-05,2.6413132263933254e-05,-0.04213997138019461,0.9187648479548244,6.2049036751506384e-06,5.766239077176088e-06,0.036612918069886285,1.074211713235408,5.850108002300654e-05,5.4294110526767506e-05,0.03729411275966734,8.49538094584099e-05,7.444874473462545e-05,0.06589860363860481,0.0003538025464398423,0.0005575948609607895,-0.22360177552448315,5.878289533932526e-05,4.6956266235378926e-05,0.11183662288983415,Normal
Train116.csv,4.391248398017733,15.808494232863838,1.6444444444444444,148,0.0,0.0,0.20700241677984002,1.381683349609375,2.47344970703125,8.797684942388516,0.3438971172631857,6.293216111013632,1.4348644412442895,9.413243808781798,12.09418639671751,0.49548387962105545,4.19921875,34.061889865956815,0.22243944901743237,1.7330169677734375,3.0364990234375,14.50527048421151,0.6793850020870016,6.838920494994171,1.5796518072301517,11.91823685974939,16.39870978853287,0.4941470782797178,5.57861328125,100.40614047774798,1.3149881310692222,7.0354461669921875,8.187484741210938,26.732782875125118,3.9875605971162966,5.638590938004627,1.6546955651867863,9.816727267268462,14.19861083251983,2.270939145699804,12.7685546875,169.55809586148752,1.4047964757522164,7.6416015625,8.7677001953125,17.704749118414046,3.281135145469955,5.378278337660668,1.6274844616983293,9.354641109244795,13.402995635773422,2.3130136157905814,12.060546875,119.70702866540674,-0.015437032237592352,-0.035946732509336714,0.9306011518559638,0.0013368013413376234,0.001350807911936381,-0.3513336181640625,-0.11279852995015974,-5.7075855418229935,-0.2449296853075795,0.15741770614868475,0.15834282849755585,-0.0009251223488710991,0.1706878236245852,0.22962692039249474,-0.1472318873498098,0.24997533736173272,0.24086392109132113,0.01856293262584196,0.24182959999156683,0.38375426272966523,-0.22686752156947274,0.3560615877873348,0.23106312482427965,0.21289933492673271,0.2539441960663335,0.299254101340712,-0.08190535774911417,0.1975432510188396,0.22463617579574144,-0.06417395641370592,0.191769547079132,0.13818992896772658,0.16238241474226445,0.13125751905247843,0.16534098259025354,-0.1149144793377466,0.12499846296305517,0.1419246627380984,0.21289933492673271,0.22686752156947274,2,1,0.14227696348432442,0.0001451176949495404,0.00017117634957365463,-0.0823874337039667,9.144879922352449e-05,0.00011610088201156093,-0.11877105727540167,0.7875988679030026,3.4007738361499215e-05,3.415876878679812e-05,-0.002215285464395855,0.9952872043384506,1.2769870390758949e-05,1.2574097765817159e-05,0.00772157729838484,1.0147624905971737,5.102419861651065e-06,5.958466909062063e-06,-0.07732416247590763,0.8548962303709754,7.386167798191742e-07,8.994844722515049e-07,-0.09760789407217306,0.8121268722605749,3.126329658466355e-05,3.243499896618196e-05,-0.018391676804212685,6.225161507970308e-05,8.054289340894185e-05,-0.1280861404364779,2.6340855553011905e-05,3.17084094589615e-05,-0.09244956691826295,2.856328590809504e-06,3.849579143657576e-06,-0.1478952052528292,Normal
Train117.csv,15.369369393062065,55.329729815023434,5.7555555555555555,518,0.13269094491965785,0.3560471674068424,0.4162470792395157,3.079986572265625,5.4531097412109375,7.456463976294793,0.31640133581448526,6.610738979812007,1.4707219612874542,10.390341062577228,14.033513388631437,1.2480739357750235,12.744140625,38.664112202724525,0.46383406972876684,2.9811859130859375,5.35888671875,5.789691215961793,0.2742398867768255,5.955245410570239,1.4430475412287291,9.110978379732872,12.017305969445186,1.2768207260860993,14.73388671875,37.47481677639268,1.5583376743737984,8.903121948242188,10.399627685546875,14.85123119280967,3.3724672743765103,6.016760796338618,1.7351071182419715,10.718621048071377,15.63634543931012,2.8777609401246713,16.95556640625,96.14984077434124,1.737120441905784,9.88006591796875,11.360549926757812,13.960013011817365,3.3697980371177794,5.881844943943208,1.7358039280879045,10.522209635807688,15.211678066279568,2.814015480868717,14.73388671875,57.13095540761055,-0.047586990489251135,-0.054071138785697075,0.8974051227174202,-0.028746790311075854,-0.011385342379405606,0.0988006591796875,0.016300585283698783,1.666772760333,0.12583068331020705,0.26710967938042274,0.267013187957057,9.649142336576322e-05,0.2535210769020077,0.6077040817090004,-0.4112548236116024,0.3601515248334154,0.46311612813125025,-0.12506819826622298,0.557207695407265,0.4373924472282885,0.12046574481361436,0.46206483940735577,0.611076071455928,-0.13885523247841558,0.5924995707256838,0.5291988310149892,0.05643294048394284,0.4170955779928076,0.8189952401158532,-0.32513764602395057,0.7966827717034226,0.3803002238819512,0.35377107897525084,0.1625402079869368,0.14252866906252912,0.0655967873943267,0.4163825478214714,0.4018996621230456,0.35377107897525084,0.4112548236116024,1,2,0.2335900392157439,0.0008025335456226608,0.0008750248966569796,-0.04321241466604888,0.0004536199835180245,0.0004649442618840267,-0.012328103495918995,0.9756228100371102,0.00017381714684450538,0.00022044007371946355,-0.11825210020824876,0.7884649068691105,0.00011798876141745657,0.00013511219588035537,-0.06765188929672157,0.8732004438555033,5.013500012682566e-05,4.691752086732795e-05,0.03314852351394734,1.0683496421761933,4.031503413596222e-06,4.432686448288818e-06,-0.04734175670255217,0.9074472080173539,0.00014824743525989736,0.00015899629998886026,-0.03498367471516805,4.124371368351472e-05,5.007645580161825e-05,-0.0967122054836584,0.00017267268245490258,0.0002486502271519288,-0.18032663237230856,0.0003980251785898475,0.0003745008056597097,0.03045084424512526,Normal
Train118.csv,1.335176877775662,4.806636759992384,0.5,45,0.3069150447935778,0.8307767239493007,0.07306365722664418,0.225830078125,0.3482818603515625,8.904402629494985,1.245588014772176,3.534484026675042,1.1119287945880534,4.093202028975584,4.530456318650026,0.12981728643299698,0.42724609375,28.685106859535097,0.0570547900379717,0.225830078125,0.3833770751953125,10.301376620822463,1.4353699574173497,4.325373007863106,1.210542670171872,5.500031254018859,6.718469344169625,0.13280285070933026,0.37841796875,58.16627348357222,1.3665759401758533,7.1563720703125,8.368301391601562,17.28944652685066,3.599009650685378,5.425148412799844,1.6854766903889908,9.641112679312059,13.51874358764982,2.904850748552419,16.89453125,66.15219920415686,1.5194546519796273,8.028411865234375,9.339523315429688,17.602596170414415,3.581201787868509,5.287676220732991,1.6601352869111639,9.256023002945696,13.027410642897514,2.7304937200536914,12.17041015625,70.45342128715745,0.016008867188672476,0.1230330233328542,1.2805873857767986,-0.0029855642763332857,-0.011368374851740741,0.0,0.0,-1.396973991327478,-0.07273716793225227,0.05346476148452798,0.03754951790640312,0.015915243578124863,0.08013325630980735,0.07531416776401284,0.031001402979131693,0.06908004175480882,0.06955865898392762,-0.003452262550397951,0.08718281887162509,0.03983230239373346,0.37279429628716815,0.09500564677622454,0.05643762186318186,0.25466976982765255,0.06434066671697772,0.07716984994922656,-0.09065886146060624,0.04834011347531678,0.04338440559219615,0.05402816382380155,0.0906178874480371,0.06896259642347599,0.13570136612057965,0.08176212213770384,0.05708643973267812,0.17771650131238642,0.047350516477891624,0.01282918323224884,0.37279429628716815,0.09065886146060624,3,0,0.14027200304077223,4.082322564986317e-06,5.27775986727013e-06,-0.12771653571811833,1.911972904248769e-07,2.3001219823595772e-07,-0.09001403918922217,0.7966148880354383,4.85467224145346e-07,7.98544720375625e-07,-0.24194328155616585,0.6004209933122968,7.898834760135989e-07,1.1781980220246584e-06,-0.19630866897858687,0.6647742727829644,2.0289423781294973e-06,2.3084654778089724e-06,-0.0642964978079184,0.875122962817163,2.9323271853306917e-07,3.7817178529528195e-07,-0.12465292830469654,0.7554199703360904,8.709853411668834e-08,8.587469874536781e-08,0.006688603311956437,2.378083218715881e-08,3.4210717624894553e-08,-0.15339973079841107,3.208753974749669e-08,5.5087609556444366e-08,-0.23668674526044575,0.0,0.0,0.0,Normal
Train119.csv,13.500121764176138,48.60043835103409,5.055555555555555,455,0.05139098198663605,0.0,0.3566977125354719,1.863861083984375,3.3641815185546875,2.7052154741310983,0.11878160039311983,5.597734146781448,1.2987374574280697,7.32891253243418,8.866878967869663,0.9296265189422718,7.26318359375,14.700461933261689,0.3406434514917133,2.2144317626953125,3.9600372314453125,4.3952638661874355,0.23919094083562545,6.335809086033811,1.3502762808448734,8.738915857303525,10.78733461321314,0.6925995222595642,6.50634765625,24.20728670017767,1.340838580826871,7.501983642578125,8.750152587890625,15.040153012054082,3.198946757790255,5.741271991015294,1.6725703944203025,10.155589740711854,14.547281173425326,2.9953658302665676,16.259765625,99.92587646615308,1.493545077760054,7.675933837890625,8.836746215820312,17.658955945280425,3.2240918278799846,4.857890311493517,1.5992559296374795,8.401860782499861,11.833890803014498,2.5279203844905025,13.46435546875,174.47607068175878,0.016054261043758566,0.02302210401695384,1.047129191834346,0.23702699668270755,0.14611218732870468,-0.3505706787109375,-0.08596015318928128,-1.6900483920563372,-0.23801891515683657,0.2660258400793065,0.22807711282596346,0.037948727253343056,0.19343938039318662,0.2530024214042543,-0.13341725491897372,0.11379343199271424,0.15079069799757006,-0.13983176015846746,0.18083158407229558,0.14169881703630707,0.12133047206767641,0.15867109902369178,0.1546213504688998,0.012926415660788497,0.5871799203262676,0.487401463410934,0.0928533264179478,0.6551462638461466,0.5472138445017101,0.08976713190782203,0.6381349318849494,0.4932838407792214,0.1280260619013631,0.4068664129145047,0.586086435463034,-0.18049197505848413,0.14485109110572802,0.17922002254852926,0.1280260619013631,0.18049197505848413,0,1,0.121387500211152,0.0005815386606732417,0.0005165228456551202,0.05920962955483055,0.00042146659346087317,0.0003203498792917631,0.13630777261682825,1.3156035468381126,5.7636295580097536e-05,5.3216279354022736e-05,0.039869326765153895,1.0828541141630914,6.110270399513176e-05,9.70182020958771e-05,-0.22712510152869766,0.6297416903051956,3.465613146964441e-05,4.039874927440836e-05,-0.07650205725823293,0.8576393006945355,3.5401343684261676e-06,3.1838981351381395e-06,0.052900878203286546,1.1084055341273598,8.242138809665892e-05,0.00012463279327369162,-0.20385662502166071,2.3052670675063238e-05,2.2591008751269353e-05,0.010112261039963459,7.019090451856799e-05,8.685735502549061e-05,-0.10611635806550682,0.0003661082944358901,0.00025043268539583674,0.18761726576385343,Normal
Train12.csv,14.449580877261054,52.018491158139796,5.411111111111111,487,0.21189044693511563,0.5934119456780724,0.38049864868875094,2.3082733154296875,4.1835784912109375,3.8371294361928534,0.18643175438800388,5.495260214662225,1.3480922749194224,7.700208563522683,9.575762776648837,0.8673975234833895,8.30078125,22.98874405453155,0.46368367298571345,2.4211883544921875,4.390716552734375,4.187815646703571,0.18207916735180596,5.345413366287119,1.3423974260503275,7.3766194389581425,9.124647908923816,1.8432592450055834,7.2998046875,40.95141090500683,1.2533379141929029,6.859588623046875,7.9315185546875,30.214430750667006,4.432138926729398,6.199285405622866,1.6827225498877123,11.40685058315153,16.53643144435312,2.976566157000841,16.22314453125,160.65332488414398,1.4698684665143131,8.276748657226562,9.611892700195312,25.689833787981446,4.196278439897689,6.181678100234329,1.615887950653173,10.285814119002191,14.17862107423659,4.0720608172611765,16.39404296875,237.15124690593638,-0.0831850242969625,-0.09853916763688027,0.8205996084198514,-0.9758617215221939,-0.3600093266201624,-0.1129150390625,-0.02387481846863494,-0.3506862105107178,-0.04369951525539291,0.3035882353386667,0.315459294756294,-0.011871059417627283,0.4996521194044395,1.5787249324168364,-0.5191901088760134,0.3613203408717325,0.41351786367998483,-0.06736570528913734,0.6936295211412284,0.5196942848008114,0.14335434123607935,0.6329037753552952,0.3996950993549917,0.22584633728878578,0.27317497048350337,0.2860948648123738,-0.023101360528449827,0.2490579917719873,0.2341851021440545,0.03077724132513812,0.22989310287740433,0.21235988674925949,0.03964521697522875,0.18124418167114945,0.14563585574490873,0.10893392303298913,0.23320867600030348,1.079072813012397,0.22584633728878578,0.5191901088760134,1,1,0.21216330499048638,0.000601063966268411,0.0013244253479154432,-0.375676653367271,0.0003205935076956831,0.001074111760568967,-0.540266726850159,0.2984703591945324,0.0001069301338538429,7.754014748971866e-05,0.1593123457427444,1.3788514569623396,0.00011839701552001507,0.0001134108698598733,0.021508891136552254,1.0438732806959565,4.905497465271094e-05,4.8774504128388067e-05,0.0028666396000573647,1.0055441892698358,3.6814021811928586e-06,7.98034187135629e-06,-0.3683202502392544,0.46073149815903597,0.00013461322251538853,0.0001307963692000177,0.014380450556428464,3.647843240526125e-05,2.5767540952020817e-05,0.17204600419258534,0.0001232942495331205,0.00012635311229639714,-0.012252243398155626,0.0002675091687221483,0.0010000260989656792,-0.5779019881315481,Side II
Train120.csv,5.222025121967033,18.79929043908132,1.9555555555555555,176,0.34601565090753916,0.9494591130849157,0.11051751675414806,0.4428863525390625,0.7656097412109375,2.674471644735099,0.29645986165782495,3.942576726800175,1.218329118993151,4.878601860308732,5.744107574978456,0.1869996069429724,1.15966796875,17.06378396498277,0.09998295782057641,0.4299163818359375,0.76446533203125,2.789595718364922,0.15193942368776114,4.195109343864429,1.2497831035660503,5.372897868495893,6.4249652171984115,0.16543418941204563,1.40380859375,29.433807201890616,1.198288617489161,6.103515625,7.1807861328125,20.987046202216252,3.753825967382943,4.928226530754618,1.5697260656192595,8.321891190457528,12.674414311117822,2.833813315762389,15.56396484375,91.26560397634269,1.2505953793579965,6.01348876953125,7.0301055908203125,21.208411678071535,3.637697562765789,4.574863693711314,1.5048876985710402,7.3152533288625605,10.12081373894184,2.4266101139798693,11.9140625,88.54717830021983,0.01053455893357165,0.05004529540563619,1.1053634350250168,0.021565417530926778,0.06118997991130065,0.012969970703125,0.014860139689882148,-0.11512407362982291,-0.02106929980340042,0.09222946310165807,0.07994828596953607,0.012281177132121998,0.11519615703388313,0.12481376065747922,-0.04007169085090399,0.09995132543182131,0.09845791786610404,0.007526904823712083,0.12176357641152562,0.08669136749144328,0.16824838298833455,0.14331114474794102,0.11257000970015425,0.12013832715702882,0.12838862268753484,0.1288110641693761,-0.0016424649290169098,0.09918736840127004,0.09412826282803564,0.02617018230425249,0.12059655716439427,0.11309885270812586,0.03208323235585178,0.08197278255210237,0.06404682176917666,0.12276406061095461,0.03507220892008234,0.009617603623596094,0.16824838298833455,0.04007169085090399,1,0,0.06847840237805511,4.86407092542718e-05,4.88085532862541e-05,-0.001722373547080449,7.591491000667256e-06,8.448043463969982e-06,-0.05336930271653746,0.8975469365942477,2.3267808215785757e-06,2.6111167782881415e-06,-0.05746601480136231,0.8877058972924521,1.9665185628494156e-06,2.774392397788494e-06,-0.17004609045137828,0.7062648800547382,3.611552471366889e-05,3.4286890168659016e-05,0.025970342702573986,1.0530262229626803,3.5102910106988886e-07,3.661460907098819e-07,-0.020788648747757748,0.9332254401671676,1.08191768862315e-06,9.299086737211095e-07,0.07518401072077706,7.274047170827742e-06,7.233948112688962e-06,0.0027620244638257518,1.5523400389458911e-06,2.830382063034519e-06,-0.29094533968184255,5.163183680125315e-08,9.627039393825088e-08,-0.28269744466523256,Normal
Train121.csv,9.702285311836478,34.928227122611325,3.6333333333333333,327,0.09840623849644606,-0.23736477827122826,0.32393433663338145,1.7963409423828125,3.2176971435546875,3.0367982368043753,0.21161454313264733,5.00691381604522,1.324872664157782,6.799856834035866,8.420783117374025,1.4708924595923207,9.85107421875,21.89389972585474,0.2619108471452024,1.3187408447265625,2.437591552734375,1.5349617698200397,0.01905671307195727,4.807462673953971,1.2912345614443879,6.29798400364402,7.60156527111274,0.583492109851724,3.57666015625,14.992518521635773,1.4579147456757635,7.8765869140625,9.345626831054688,19.932776610752835,3.7950845336834176,5.686418689915786,1.6961653613357004,9.949257510150089,14.305534556599893,2.9012495034359986,16.46728515625,98.11752414707686,1.5293550805902019,8.136749267578125,9.712600708007812,19.114920755290488,3.7142211627925654,5.74114980530932,1.7376375531901185,10.801451300100549,16.75584088251489,2.778195954608533,11.99951171875,109.28870653844427,0.06202348948817904,0.10587010040679856,1.2368114104326475,0.8874003497405968,0.4319543471168111,0.47760009765625,0.15331863776400245,1.5018364669843356,0.3285029094972542,0.22219017632703322,0.17125574613553413,0.0509344301914991,0.16062219806557682,0.16254843576876085,-0.00596043526828339,0.1909396556819967,0.20261980468754143,-0.029678231334587104,0.24559774822742858,0.28243720961393526,-0.06976708670849664,0.30592162885986723,0.2577624561406157,0.08543645837516535,0.20800227842894103,0.2279881069888891,-0.04584006613447232,0.29648058189006243,0.4119052336150435,-0.1629403745376736,0.9091192321673053,0.3661571819270445,0.4257602822273224,0.5015786848695231,0.22972669591382516,0.37173524546906417,0.5429620502402608,0.11542465172498106,0.4257602822273224,0.1629403745376736,2,1,0.2002370392100673,0.0004696798747921015,0.0002448536098888464,0.31464762635112065,0.00029943267738708694,0.00010090923072355797,0.49587236289295566,2.967052713741993,3.74021747794951e-05,2.4412832157601165e-05,0.21009852267562085,1.5314429767251359,6.259811767759313e-05,5.972750219794604e-05,0.02346508304423172,1.047886426020428,6.540727603002068e-05,5.5717183985940485e-05,0.07999451223709082,1.1737050278105279,3.225584710404911e-06,3.022987882999521e-06,0.03237109171169409,1.063500691342993,5.6266936471251185e-05,5.5123835980678244e-05,0.010261154078318445,2.2297819818134125e-05,1.102262017240512e-05,0.33828535263649206,0.00013715936657509762,7.052275038071812e-05,0.32084326151172954,0.00016768438937932745,3.421870169080646e-05,0.6610056187102901,Side I
Train122.csv,11.571532940722404,41.65751858660066,4.333333333333333,390,0.059341194567807065,0.0,0.4471397117663808,3.2215118408203125,5.73272705078125,8.48738592246566,0.4467934121787618,6.615632961321477,1.4648609430540986,10.089080834818258,12.974250244899316,1.1214543802627623,9.31396484375,52.22738552155052,0.4864980218790528,3.40728759765625,6.0611724853515625,7.017681659767164,0.35888994485948333,6.514416840211012,1.4672531597585148,9.897397947641167,12.821597330102039,0.919658104727817,9.08203125,25.77020917389798,1.6327088499666036,8.642578125,10.121917724609375,11.43607233355662,3.076344531455635,5.617771958393041,1.688885984395971,9.943061002077034,14.646819587199605,4.499759919332019,18.59130859375,39.793774377522155,1.7417325619528425,9.838104248046875,11.392593383789062,16.604830285202574,3.4551603314345223,5.8415427890637766,1.6392606142664783,9.64088531306906,13.343303865800186,3.784629417029175,21.81396484375,92.80360335657464,-0.03935831011267199,-0.04215586867664065,0.9190987064004058,0.2017962755349454,0.0988658273516065,-0.1857757568359375,-0.02802555097343195,1.469704262698495,0.09478863951774937,0.27386371369083334,0.2793184382683892,-0.005454724577555858,0.31393090119509487,0.32521224908570895,-0.017650737098802223,0.47662418779193416,0.6271957272710826,-0.13640951396175638,0.8158242875564682,0.7620143756871467,0.034103557468713,0.8412065848190751,0.6508562809530969,0.12757525634934663,0.32604351487514405,0.49953173525502986,-0.21014222295436855,0.363031557883406,0.2808033721543211,0.12771625243617027,0.3299087394522144,0.3126944532984236,0.026788360344464048,0.23091229092131044,0.6617366169090347,-0.4826358015812951,0.19035030386597818,0.4308243259877243,0.12771625243617027,0.4826358015812951,0,2,0.19212118890526186,0.0007142389202176151,0.0009368605700565953,-0.13483236543305324,0.0005216879757988175,0.0006701348381512143,-0.12455342780872666,0.778470482945213,8.08879503087644e-05,0.00012674712156170094,-0.22085364627167622,0.6381333791126755,5.077514077728221e-05,6.531321337855674e-05,-0.12522203873588136,0.777290922340784,4.6592976537820575e-05,5.197709602265255e-05,-0.05461671253618862,0.8962411848801561,9.506724088664513e-06,1.3065717245563009e-05,-0.15760001782908378,0.7270518251601407,4.880605464549363e-05,6.498846073150759e-05,-0.14219476294421501,3.241404841170485e-05,4.504085031634346e-05,-0.1630003022267778,0.0002757370931603117,0.00040147909210354744,-0.18567208663711737,0.0002793728261895715,0.00032842681403855243,-0.08070616950163853,Normal
Train123.csv,18.395770316020233,66.22477313767284,6.888888888888889,620,0.0,0.0,0.6961825081213269,5.389404296875,9.574127197265625,8.80931077985926,0.5081723007547753,7.06467042948916,1.4885717545418102,10.946738143813093,14.282945905145386,1.501258158530587,14.0869140625,36.70685146192979,0.6769642084894,4.952239990234375,8.670806884765625,7.10163209741223,0.48090452853085003,6.442531982238418,1.4761454474972644,9.950647556081854,13.019613886228559,1.4173297808554564,15.283203125,36.86185651845581,1.5109753277401772,9.14764404296875,10.292816162109375,16.556064966382984,3.4699311354021463,6.108427090883348,1.6162499021247978,10.530238003861124,15.095629724521533,2.881615416033999,21.13037109375,76.20112446799972,1.5612942032025514,9.041595458984375,10.298538208007812,17.028155408790205,3.449864031496398,5.856313696430824,1.6303682164414837,9.925452648341656,13.612646932330783,3.027216964035641,16.10107421875,90.31645781846515,0.019218299631926894,0.013995809231080871,1.0283889297351803,0.08392837767513073,0.028756501133634153,0.437164306640625,0.042272224230610805,1.70767868244703,0.10732730891851461,0.46075041116325643,0.43359169768572975,0.027158713477526686,0.9677571142303968,1.0497558369470852,-0.04064346762304389,0.7861219867411078,0.7007318008268054,0.05743011589571039,1.1521111221207105,1.0440930617916677,0.04918397871584813,0.8037929608935082,0.6125798223263014,0.13500198498767133,0.9361865837019594,0.621479960988768,0.20203722148715966,0.5803139011548968,0.922079871737577,-0.22748095371154795,0.3119152379596038,0.3286694482922764,-0.026154559156194367,0.2876984204385341,0.3587450435508705,-0.10990384460668384,0.3147066227131914,0.3417659705826802,0.20203722148715966,0.22748095371154795,1,1,0.12783265856558115,0.0019188442971729044,0.0019384542828364212,-0.005083865108380954,0.001192957320870829,0.0011641429510376414,0.012224447102280695,1.024742770962796,0.00035172620039418466,0.0004066597753187377,-0.07243389559512532,0.8648938813279409,0.0002160914387750324,0.00018702607489248855,0.07209967788632628,1.1553463089900993,0.00013316406218061774,0.0001584126463096489,-0.08659031222568216,0.8405620363160621,1.573168605303378e-05,1.4045922324432856e-05,0.05659278540388456,1.11922118591165,0.00026321067192372407,0.0002663922836287021,-0.0060074280125178335,0.00011357838395954117,0.0001110410923664873,0.01129545255837764,0.00020692819761540876,0.0002671465748625749,-0.12702027304613053,0.001107658554734212,0.0010002335359629963,0.0509630021457419,Normal
Train124.csv,9.998991284675514,35.99636862483185,3.7444444444444445,337,0.2569549099331808,0.7120943348136866,0.1787027791495563,0.7602691650390625,1.372528076171875,1.5560625612940675,0.13905126142514956,4.296640611651462,1.2551119844234306,5.4218513321944,6.455854514513668,0.3459260512734454,1.35498046875,21.290116595293124,0.18682994307575407,0.9120941162109375,1.659393310546875,1.7501484790783544,0.06962793426528993,4.854154636101711,1.2888206557115303,6.321278933578377,7.626568187625944,0.33949320899986146,2.4658203125,12.796160230664256,1.3485709470234282,7.0514678955078125,8.283615112304688,17.525770659143575,3.777495225203759,5.2960412332384905,1.6789135407201312,9.353248896928154,13.955479314979922,2.227825823650525,12.36572265625,70.93198186603838,1.4757933239028385,7.9769134521484375,9.2437744140625,18.43074732086539,3.8928433801558917,5.5247588683290605,1.707179649286598,9.824111247083152,13.82933506172273,2.7142443207850637,12.75634765625,65.72313851022012,-0.008127163926197778,-0.022233751480259457,0.9564996201497602,0.0064328422735839275,0.00938526614668839,-0.151824951171875,-0.09078467098999414,-0.19408591778428685,-0.058703426619551226,0.1325127003654223,0.12659627793660597,0.00591642242881632,0.2044282789661083,0.18801961860546132,0.041811053248269836,0.1632919266965463,0.15228823114773998,0.03486814657578788,0.2283141478790496,0.24591405302342748,-0.037112733362877084,0.2760506424554204,0.268668972320273,0.01355132034794423,0.1539291030840943,0.18795410440075447,-0.09952229175498517,0.15317044556871154,0.1476941317450808,0.018201922241912458,0.15658968717975627,0.17540590691205848,-0.056676111070128835,0.11466756527894201,0.14430451005812514,-0.11444069248084765,0.016408660360646976,0.03402500131666017,0.041811053248269836,0.11444069248084765,0,0,0.05712242122632482,0.00012191790763318842,0.00014639838467062427,-0.09123738565124766,5.594872418843704e-05,8.559177107400478e-05,-0.20941676559031475,0.653593068069445,1.656661682922496e-05,1.7011068404942284e-05,-0.013232575350718258,0.9733006433611787,3.0007633870765205e-05,2.321290135081365e-05,0.12764727034337753,1.2921569711492504,1.8024632506035512e-05,1.910414829670891e-05,-0.029067076714419906,0.942999511473865,7.677234785927322e-07,8.696197187637598e-07,-0.061854894799421016,0.8727902094688265,1.5378615489381667e-05,1.4480636372238885e-05,0.030063662836383575,4.134214574971391e-06,5.10086924866863e-06,-0.10455877871279734,5.394045599395593e-05,8.252687387496847e-05,-0.20945909411084992,1.2164493212762651e-05,1.2514442825513184e-05,-0.014174349684733181,Normal
Train125.csv,3.916518841475275,14.09946782931099,1.4666666666666666,132,0.08392112216521339,-0.23736477827122826,0.1738279856711631,1.0356903076171875,1.7818450927734375,7.041849931279053,0.2561579721477703,5.598681991622231,1.3640096087928293,8.24279542280506,10.507256159933789,0.3395956822160713,3.80859375,52.36157280902757,0.16394358196817446,0.971221923828125,1.7486572265625,5.866191620565961,0.27663691004184676,5.450003081533214,1.425190211714824,8.298612857649525,11.064772841097204,0.3673852428658065,3.60107421875,31.874270498979612,1.1830289667070042,6.7455291748046875,7.9864501953125,31.936001806186844,4.398225539370471,6.2045405909292946,1.5183999822132623,9.835620110540301,12.568562574422284,3.012712989891285,17.68798828125,235.6536957662504,1.2883348117628675,6.8695068359375,8.127593994140625,32.6654483675919,4.188945276501293,5.85328507617777,1.568643771813707,10.070026681098877,13.354849124680795,2.565565932612646,11.62109375,221.51657805680037,0.009884403702988626,0.02926357443118822,1.060291430633699,-0.0277895606497352,-0.03930736922420235,0.0644683837890625,0.03212317033984231,1.175658310713092,0.09107952628446983,0.1469346813084988,0.1272523098800089,0.019682371428489887,0.21260722134003213,0.14859922282652985,0.17720613177079741,0.12027223396256623,0.1523312416810392,-0.11760307335316347,0.1459985688168781,0.19376810781399967,-0.14059512270259258,0.18693530959462928,0.12206230137286846,0.2099466268336887,0.18520150416270081,0.25383606454179714,-0.15632958021867197,0.15617552412844915,0.1595343984765827,-0.01063911521699152,0.26329166408736426,0.16696859494244393,0.22387163323752565,0.19172325935750012,0.1867722953250539,0.013080639495996766,0.09632306914492034,0.06863456037909632,0.22387163323752565,0.15632958021867197,3,1,0.14957095407873539,9.884969798777183e-05,0.00011252724267682909,-0.06470689113984239,4.5636073897722897e-05,7.174203263297154e-05,-0.2223901509853769,0.6360248235915784,3.0254447346272488e-05,2.7709408032720816e-05,0.04389977683757532,1.0914535877014124,1.847144692753877e-05,9.003708645264353e-06,0.34446733463800555,2.049261591924579,3.265539603237272e-06,2.5992821059708065e-06,0.1134089731135477,1.2515088329333017,4.759002168299392e-07,5.722604688535812e-07,-0.09106391243537648,0.8173321774135622,2.3363428160528797e-05,2.2346547024834622e-05,0.022241506728107645,3.162169792968916e-05,4.280821036561873e-05,-0.15027574176410802,1.2413490724526076e-05,2.5832752416752217e-05,-0.3507731180678017,1.6008852435076683e-06,3.1010698506005857e-06,-0.3183783752457068,Normal
Train126.csv,18.36609971873633,66.11795898745079,6.877777777777778,619,0.12933113515502787,-0.3560471674068424,0.5227004655048408,3.2085418701171875,5.8277130126953125,4.352519577594323,0.25509055225499233,6.063032689808773,1.3817140112267687,8.47324045309656,10.55882177386453,1.2183653762537492,6.8359375,12.679440976424665,0.5455947252694862,4.1263580322265625,7.2101593017578125,7.332599853022298,0.4744615655553752,6.9525104588094,1.4407565516228353,10.368500241045412,13.233791372063012,1.604117221400526,15.673828125,31.881286691368707,1.3746219757236404,7.9914093017578125,9.212875366210938,18.56036303528616,3.6515139366155793,6.289724441406746,1.6527749178549704,10.84661434128474,15.396844086213006,2.90428288603276,17.37060546875,99.82122741937557,1.4457829414314223,8.165740966796875,9.432220458984375,14.819646485057378,3.3321489065631194,5.674970762701053,1.6150097665869845,9.711644104331077,13.732487257167634,2.5199496816302234,13.96484375,48.64735979000144,-0.02289425976464532,-0.021430649270024794,0.9580379569584058,-0.38575184514677674,-0.136671115032085,-0.917816162109375,-0.12513001855210068,-2.9800802754279756,-0.25503207652884013,0.3802503313153953,0.37736973224736864,0.002880599068026679,0.6512832987925032,0.5173394102538414,0.11461687878870504,0.8715524919563771,1.01234146233895,-0.07473295899391831,0.6241782926069621,0.7582166837593278,-0.09696099340225028,0.7557952025621879,1.0234621332567413,-0.15043744589479593,0.34939569730988973,0.36525283603624636,-0.02218872321786335,0.36234024161301326,0.3564645526866614,0.008174248267687229,0.3828920943366849,0.34872859953264784,0.04669563699244173,0.28966754662518535,0.21223851166593066,0.15426997171579168,0.1339438885386618,0.2676669306945534,0.15426997171579168,0.15043744589479593,1,1,0.09826043919610777,0.001041496945363373,0.0013771377413097647,-0.1387728365080507,0.0006814951247987359,0.0008864970917731866,-0.13074086554714223,0.7687418759793709,0.0001400456592766685,0.0002326625691515735,-0.24849042201523608,0.6019001715042583,0.00010675115070812847,0.0001581527301573972,-0.194031280208231,0.6749450430066174,9.98471044492022e-05,8.512485786973936e-05,0.07958747109666336,1.1728110781834313,8.119292602038618e-06,7.867308100585276e-06,0.015752378029415304,1.0307191871085204,0.00017095160292827664,0.00019202761015344144,-0.05806235134711856,5.576391618025345e-05,7.6397805449288e-05,-0.15611425057220948,8.283388485438043e-05,0.00014868843476086848,-0.2844291890476565,0.000646143578458038,0.0007265581111672686,-0.058580788170588406,Normal
Train127.csv,16.79355806268944,60.45680902568198,6.288888888888889,566,0.13269094491965785,0.3560471674068424,0.5741066678998888,3.3138275146484375,6.047821044921875,4.128980903900581,0.17703527244903922,6.213937530632248,1.3513045183452141,8.54739772608297,10.536786585659542,1.695068218720738,6.50634765625,17.782681782307684,0.715134641696366,3.99322509765625,7.376861572265625,4.907566997740185,0.21170268680407747,5.654288433872278,1.3923827477999822,8.133799719942559,10.272213438022622,1.7988617197020618,10.0830078125,23.495541198416973,1.419801758657521,7.862091064453125,9.073638916015625,21.736820002319032,3.715752590058386,5.653752838752022,1.5902160520610655,9.172244186361254,13.150417425475425,3.7235203447622354,27.9052734375,154.4787060183733,1.5993376781280473,8.676910400390625,9.897232055664062,21.91990151322279,3.6934511245038353,5.533622715781171,1.5312972302112553,8.685006601900206,12.008445047312932,2.8373635938811677,20.88623046875,150.87439647287292,-0.14102797379647714,-0.10938834464337689,0.802795203026527,-0.10379350098132378,-0.029706806522602828,-0.6793975830078125,-0.09297833451123094,-0.7785860938396034,-0.08615968193303536,0.40435691839060717,0.4471442441485881,-0.04278732575798094,0.3852613663525248,0.9118236322883693,-0.40595817731914474,0.6307674966994287,1.265496226812086,-0.3347259766115245,1.3821812700303266,0.7610902736680754,0.28978642267262145,0.8144232472307052,1.0398594965412427,-0.12157598341027501,0.38623082562416844,0.6102533215614432,-0.22481290276604654,0.3415479462010528,0.2941024461667834,0.07464087155067005,0.4309312030824577,0.509001733186765,-0.08305968038910061,0.32943686997221855,0.619182350605886,-0.30543918075231474,0.6210909963622513,0.6347287301126573,0.28978642267262145,0.40595817731914474,1,4,0.2172481944816203,0.0013761299504240344,0.0022991224717595956,-0.25113717788863343,0.0006355835744232568,0.001492010672799077,-0.40253120357976235,0.4259884504353967,0.0002235809426282032,0.00030466669869403604,-0.15349660794848818,0.7338301339963276,0.0003243359022216582,0.0003330251370970015,-0.013218158932509933,0.9738789277576754,0.0001757288620654156,0.00014048828997724748,0.11144069021439915,1.250754454690327,1.4321089375142001e-05,2.3186764785465705e-05,-0.23630550330440592,0.617374427321654,0.00044069319848753086,0.00041655270341264643,0.028160196997623534,0.00013674669145947622,0.00012321662945172804,0.052044040366624654,0.00013016893156425039,0.00022064929214600683,-0.25790502150842504,0.000609571048217715,0.0014308600472398396,-0.4025056155017091,Side II
Train128.csv,17.327628813799702,62.37946372967893,6.488888888888889,584,0.0,0.0,0.35183177517017405,2.17437744140625,3.9661407470703125,5.24431043915645,0.2953323557143289,6.24127260248262,1.3623684565366632,8.697760478562316,10.76151648919775,0.6652075376265925,4.45556640625,19.782798146052382,0.37665499180212936,2.37884521484375,4.3186187744140625,5.287286037034125,0.23465281723484294,6.367663115119681,1.4084292853002016,9.20323092233491,11.658553981513263,0.8372600823835005,5.6640625,20.916658575390365,1.2385159743056016,6.95037841796875,8.04595947265625,19.490073823153175,3.8266578717463173,6.026195840204126,1.558860193680804,9.865885842129426,13.471613157761173,2.559362240760681,16.9921875,55.15271965122094,1.3848257771322035,7.68890380859375,8.91876220703125,26.742220803278254,4.246319492486244,5.857642170679872,1.6239358183447157,10.476980831868367,14.942278428154136,2.773158588622985,12.09716796875,168.70935901215574,-0.024823216631955303,-0.03407504077853573,0.9340955874389374,-0.172052544756908,-0.11451331218081034,-0.2044677734375,-0.044906166121214126,-0.04297559787767469,-0.0040806346819331615,0.2840752801163366,0.2719872747186009,0.01208800539773569,0.30496033654899507,0.28677062726847685,0.03073982955999376,0.31852739966838683,0.3304547694700711,-0.01837857831091473,0.41995664940497796,0.4053749554807866,0.017667678859254184,0.4621051489861697,0.4270318109750814,0.039446496092291394,0.3851356760066333,0.29770148827113835,0.12804544191369338,0.21923488282965992,0.3971287137909437,-0.2886183237466591,0.4107816968300915,0.3254283379433012,0.1159361509568404,0.3755724481470302,0.6433224989995016,-0.2627847443688594,0.08743418773549494,0.26775005085247133,0.12804544191369338,0.2886183237466591,0,2,0.1492760768171099,0.00036901468301730024,0.00047415366755211574,-0.12469512697412338,0.00019743287226981938,0.00024192676980496004,-0.10126757352882367,0.8160515345765013,6.17006306666941e-05,7.48393940885035e-05,-0.09621941442606206,0.8243303959647019,4.2230397624523064e-05,4.876411901129325e-05,-0.07179557266280487,0.8658361951088231,6.204561927371025e-05,0.000101643802388516,-0.24189568119862853,0.6103620112170015,3.185364335042518e-06,4.136556275140999e-06,-0.12973298412115142,0.7681951295678975,9.37973434738743e-05,0.00013696658303475394,-0.1870628983697845,1.643148027196052e-05,2.1581966597256705e-05,-0.1354555346602699,5.2609067978907636e-05,6.35518320914633e-05,-0.09419539752147098,0.00015176425600097878,0.0001849391502606811,-0.09852561152234648,Normal
Train129.csv,13.1737451940532,47.42548269859152,4.933333333333334,444,0.08392112216521339,0.11868238913561413,0.39000690260140414,2.483367919921875,4.5063018798828125,5.34084538019282,0.14927458084112794,6.427151234422242,1.3703189099164343,8.961494737434096,11.155069199273484,0.7950666890873261,6.9091796875,19.60485970883785,0.4063440986182526,2.984619140625,5.3218841552734375,7.243005245682737,0.35044979090649053,6.932172463405053,1.4172160316291236,10.059322490978111,12.73122368333728,1.0249448842838085,7.470703125,38.92796481031041,1.2882925065836135,6.7138671875,7.868194580078125,12.381651339017123,3.022193027434613,5.225914085880158,1.5751932073734003,8.736695498457534,12.201657802901325,3.0146117954233063,16.552734375,40.065593793845004,1.4766584316662974,7.53936767578125,8.611297607421875,10.440576804059223,2.685308267207634,4.743678534715285,1.5797278588153478,8.166202648921136,11.919810233557602,2.587833870319398,15.39306640625,35.821675648292,-0.016337196016848465,-0.02051506909224253,0.9597946526838986,-0.22987819519648234,-0.12630589678483703,-0.501251220703125,-0.09167015470886856,-1.9021598654899172,-0.1511588082639038,0.30273163709407586,0.2751781232224048,0.027553513871671043,0.1877566210662496,0.20030790744759813,-0.032343296373885624,0.33489161516423277,0.30707714572549066,0.04332682631928218,0.2034086759132203,0.14767545292634543,0.1587460577714767,0.35619957173794015,0.31745738987274075,0.05751025150466228,0.5016355548965417,0.5689037999291847,-0.06283584447508261,0.6452193690609398,0.6513846736774171,-0.004754963246842061,0.4602210368417378,0.49078658717088325,-0.03214017347072083,0.5688059353570649,0.7171149600499614,-0.11533292916328552,0.05573322298687486,0.14830902469289653,0.1587460577714767,0.11533292916328552,1,0,0.07883379609688689,0.0005981557198879416,0.0007907261767913584,-0.13865142699594296,0.00035825085636601164,0.0004894777704908516,-0.15479643131443271,0.7318892890965644,9.237922171303349e-05,0.00010636033371813038,-0.07034537498595408,0.8684679128470933,8.297622448224055e-05,0.00011970838557418372,-0.18121922966633403,0.6930950838025141,5.824929165893845e-05,6.778122850970116e-05,-0.07562597201288261,0.8592452584127869,3.857153598985562e-06,4.391932443394796e-06,-0.06475036604111999,0.8762409802025275,0.00012223934478405483,0.00016643022878226805,-0.1530793587238709,3.115526388092316e-05,3.548582073502248e-05,-0.06497353912622272,0.00016085208751513306,0.00018758559754348354,-0.07672173234226913,0.00023741931440793908,0.0003484422276763047,-0.18950043702993405,Normal
Train13.csv,0.0,0.0,0.0,0,0.0,0.0,0.07099926062282821,0.2162933349609375,0.3246307373046875,22.264751700300636,2.1096956124122066,3.566612000445893,1.0901110909832505,4.090350927226071,4.427922594922377,0.12653057496354092,0.35400390625,157.69426504564558,0.05459590626055201,0.2201080322265625,0.3444671630859375,13.220414502946777,1.6599431391385622,4.673078530975254,1.2222236534032045,6.256571028580166,7.863263889623658,0.1352153957366146,0.45166015625,92.48194636119048,1.2292124977296734,6.915283203125,7.9669952392578125,56.50976160957562,4.606935912465356,6.188727523815656,1.6128028626855069,11.072993622402992,15.128782526097698,2.289451728772211,16.30859375,447.1409500390504,1.373585338206814,7.5138092041015625,8.6334228515625,56.680454550380134,4.622752420253695,6.091951272316981,1.6317717661448514,10.487232757812217,14.604438595865936,2.814461413549307,11.81640625,415.72398660119296,0.016403354362276204,0.13060497042420127,1.3004500242104802,-0.00868482077307367,-0.03318034053414029,-0.003814697265625,-0.008741258540955553,9.044337197353858,0.25487656287142885,0.0577599562129108,0.03974700686187851,0.018012949351032294,0.07845821844090177,0.06926336654536841,0.062244466669805217,0.06418533760038773,0.06140039644175476,0.02217561539228878,0.08776636876977387,0.04322939627559612,0.33998785440791895,0.08683252260097513,0.03823198535031766,0.38860372267684484,0.06205969929210134,0.07628493599149579,-0.10282462808902851,0.05044787356022783,0.050772005853691536,-0.0032022589171010903,0.0909123518342681,0.07117633529237254,0.12176059707899141,0.08282866500134432,0.0555019695581179,0.19754621638793776,0.048600537250657466,0.014225236699394447,0.38860372267684484,0.10282462808902851,3,0,0.15958725389663186,2.46001909755205e-06,3.370022451495707e-06,-0.15608865670816552,1.5704502543415632e-07,2.8109379656568417e-07,-0.2768088035264483,0.539499732687432,7.146209832976424e-07,1.2775797020626247e-06,-0.281169976057463,0.5550110662298131,8.683563581356805e-07,1.0070436589831482e-06,-0.07355855499534922,0.8538044069847238,1.4858786779645727e-07,1.557614739131295e-07,-0.022820490342555275,0.896395671978204,2.64586966757244e-07,2.7727629029070535e-07,-0.02299360098974454,0.9210191571657332,2.4706139259845016e-08,3.966369199065769e-08,-0.20112392994990919,2.0918466969059358e-08,2.7290757888516582e-08,-0.10947218306116767,2.1639463655891077e-08,2.6847151699853595e-08,-0.08904068071449801,0.0,0.0,0.0,Normal
Train130.csv,18.603464497007558,66.9724721892272,6.966666666666667,627,0.051390981986636046,-0.11868238913561413,0.7102698329185477,5.780792236328125,10.352706909179688,11.192687388613,0.49851066080587336,7.547568608233246,1.5356072628227007,12.073649314753437,15.866068252248375,1.2602665223262781,12.98828125,31.267516094057335,0.7349814923658615,5.9421539306640625,10.580062866210938,11.633705803676676,0.526338560397214,7.797034086561451,1.54343380392565,12.563751527565381,16.838545450719657,1.379142735548311,15.75927734375,98.16425983424608,1.5347033994539006,9.768295288085938,11.0687255859375,15.163124014311482,3.3805363585111534,6.570223025366735,1.6449709499057985,10.979430429968524,15.48391763389124,3.7263724300608168,19.54345703125,75.65079494631684,1.6091105181222698,9.58251953125,10.952377319335938,11.798599422239398,3.094761354824332,6.0717825191503,1.5826343447454145,10.027838824774221,13.770328703248257,2.940982935056625,28.96728515625,25.048512966490428,-0.024711659447313794,-0.017098520405415034,0.966377834860104,-0.1188762132220329,-0.04503894665709012,-0.1613616943359375,-0.013764602506887807,-0.44101841506367556,-0.019320547541406486,0.4628059262416611,0.45676258996548763,0.006043336276173483,0.538979935197173,1.1361612561976993,-0.35649610940454435,0.29449570413501897,0.24109455343373412,0.09970522979010217,1.0211486538235799,0.7563431273608621,0.14897707419861733,0.8924089580303378,0.8693260273725295,0.01310238527249655,0.6333887220043983,0.7891544203519694,-0.10949804797805492,0.7219635169143354,0.5871122885534666,0.1030125427171529,0.9902216743091142,0.9817036796322602,0.004319633406321574,0.9019244074225095,0.7032407665317789,0.12377769146554617,0.2648055264627178,0.5971813210005262,0.14897707419861733,0.35649610940454435,0,1,0.15702188488933877,0.002035675920312739,0.0020213641214806366,0.003527645447092012,0.0011193674448857227,0.0011099870158815233,0.004207669570982153,1.0084418506267405,0.0003888521103936022,0.0003195852605382699,0.09777275306169973,1.2167017425060944,0.00022671698594257936,0.0002958413247478477,-0.13227809147849004,0.7663206718300447,0.0002748915699172519,0.0002713034539717749,0.006569174190177295,1.0131881257383175,1.769563886178845e-05,1.672202720643196e-05,0.0282799203822653,1.0575908491821042,0.00042961112042845566,0.00047733280564939297,-0.05261754081302814,8.934736993778908e-05,0.00010974672858227486,-0.10245574448800267,0.00027888806343007427,0.0001943992298843999,0.17851112765510205,0.001034272437050539,0.0009922632692677938,0.020729445011661768,Normal
Train131.csv,6.497860805174888,23.392298898629598,2.433333333333333,219,0.35973687390645304,0.9494591130849148,0.13567353630130563,0.511932373046875,0.8861541748046875,1.5461340039287452,0.1738060378559561,3.803623065150558,1.2323859554841277,4.765836869544328,5.654440186873021,0.19983879536563048,1.123046875,14.984570316071707,0.12759698915685247,0.5390167236328125,0.978851318359375,1.6443240899084421,0.24214143440822772,4.250931934816126,1.2467499750292896,5.348055001328648,6.355462168616327,0.19267896909633567,1.0498046875,8.646699026321462,1.2526926030089762,6.3053131103515625,7.328033447265625,15.59351967661117,3.4773957009045544,5.042102203209864,1.6099664228808168,8.803442230332395,12.656388375559555,2.2250380400288323,12.451171875,68.27037771405485,1.4455427608576734,7.537078857421875,8.740615844726562,14.683372476757734,3.397639183462822,5.07459859616843,1.6313190025999624,8.696042593536738,12.012373574236948,2.7398668044017427,12.646484375,33.169648571005226,0.008076547144453161,0.03067774800699935,1.0632972342439249,0.007159826269294817,0.01824076955268833,-0.0270843505859375,-0.025771324618664316,-0.09819008597969692,-0.030776171566585683,0.10830552913968007,0.08826925894496106,0.020036270194719014,0.13188996797291114,0.10140544411995868,0.1306691900744509,0.13044936441549596,0.1413956822614236,-0.04026675334742998,0.14981024084030958,0.13617954190983775,0.04766148749364697,0.17777825956064083,0.15071979021207368,0.08237025621182881,0.14362653893409058,0.1684436295195569,-0.07952406958088265,0.13046701167427635,0.12236860831463048,0.03203030901934665,0.1523400086163552,0.14421098899003426,0.02741187660070449,0.08509677682509291,0.06627105526755558,0.12437068070254031,0.030484523852952458,0.024817090585466328,0.1306691900744509,0.07952406958088265,0,0,0.06904816634605565,6.86549218019598e-05,7.405387522650552e-05,-0.03783195946546177,1.0420899681030374e-05,1.0384954424883882e-05,0.001726821102972641,1.0024959470802857,5.393534629600881e-06,4.516082590821005e-06,0.08845623971995946,1.1916562549121592,5.12472307749311e-06,5.892197659911269e-06,-0.069600081536345,0.868273713078283,4.6947849920820175e-05,5.236917894247437e-05,-0.054580601913661,0.896307480733534,4.669075565800337e-07,5.250978906866257e-07,-0.05807387002269068,0.8725647488180308,4.043779634239275e-06,4.092252294334909e-06,-0.005950462816823074,6.8430434718770325e-06,7.327559469862184e-06,-0.03416751741627474,6.242974043544786e-06,5.199268524512137e-06,0.09113547087657715,3.5628088756447006e-07,2.2717687264360531e-07,0.21754541532256463,Normal
Train132.csv,9.850638298255996,35.46229787372159,3.688888888888889,332,0.0,0.0,0.4157158482058564,2.8045654296875,5.1418304443359375,8.531438225120953,0.27421256053057796,6.425583510349062,1.507231711589263,10.134888960495758,13.271150641627237,0.7565001696594613,6.75048828125,40.27757738267654,0.4160853124796813,2.9613494873046875,5.1212310791015625,7.558702423422382,0.2791603384568293,6.506857773067363,1.4801197027185893,10.1788986143337,13.410336330932555,0.8790571973242711,10.7177734375,31.153398314190532,1.3970036126964414,7.2849273681640625,8.660888671875,13.797388385022925,3.304361874235991,5.204072822841605,1.6487143349695546,8.870038824097012,12.907472833753406,2.380882200486857,13.0615234375,49.44287559908585,1.5311597600206945,8.596038818359375,10.022354125976562,15.817040585348856,3.5925240389789344,5.7496143950387,1.653084172589878,9.857683174718439,13.540925306387873,2.729053149459023,14.66064453125,52.02238775449421,-0.0003694642738248932,-0.00044417378436771777,0.9991120228139195,-0.1225570276648098,-0.0749328818355657,-0.1567840576171875,-0.027191531543975543,0.9727358016985708,0.060455394538896104,0.2975767860955565,0.27174519643633116,0.02583158965922533,0.44658599674909216,0.6054134035963303,-0.15097670710203862,0.3611602547897105,0.27623192135743746,0.13324344928926773,0.4401114513050155,0.4381276932645833,0.002258790251050013,0.4226090394269552,0.4146401137218636,0.009517985870682985,0.34959837294161467,0.32378325456326973,0.0383365345007016,0.39385780134123893,0.4932677849196633,-0.11205852248815963,0.5967836742037274,0.4698137729762518,0.11904200630964984,0.4434915505225799,0.49543948095191986,-0.05532667271044827,0.12696990122747553,0.15882740684723817,0.13324344928926773,0.15097670710203862,0,1,0.09478295380717995,0.0007243916784549736,0.0006105898326190949,0.08524600894608546,0.0006011138036579226,0.00044842455917704717,0.14548090387034804,1.340471628148079,5.763229801231004e-05,8.993683984456663e-05,-0.21889639891775062,0.6407373300929973,3.970975898409375e-05,4.217013325828613e-05,-0.03004490794675978,0.9414327532095436,1.8778582954774116e-05,2.0786772226573215e-05,-0.050743430162456235,0.9029566102945367,3.903993445367609e-06,4.677028471464715e-06,-0.08998173134473149,0.8329357223101305,3.5682991361765e-05,4.5394559119400185e-05,-0.11976644626712413,2.5885569981430496e-05,3.1343983507700236e-05,-0.0953608683776026,0.0003964388016265051,0.00027424111156412235,0.1821969999236458,0.00022496045881241838,0.0002121676927809357,0.02926481247370762,Normal
Train133.csv,17.65400538392264,63.55441938212151,6.611111111111111,595,0.09840623849644739,0.11868238913561413,0.405749504612186,2.6546478271484375,4.6665191650390625,4.995642842667278,0.28555588495410666,6.011426680851522,1.3635715509588755,8.56156299627009,10.733952496347122,1.1566705454441595,8.837890625,18.609932776150178,0.38804743242826323,2.1678924560546875,3.940582275390625,3.0826671273805624,0.016053188701797644,5.698186018812163,1.3317055899412382,7.740107868271386,9.480062924986111,1.3112611202953954,8.1298828125,14.425184695651968,1.4340626262831044,7.9010009765625,9.064483642578125,35.52521082096384,4.319120579302048,6.049234545017255,1.7058502821785693,11.472135871430547,16.374308850088305,2.613564560020732,17.236328125,357.3511102119684,1.5081741794318404,7.9498291015625,9.26666259765625,35.04838053674081,4.272125166426583,5.679711910760547,1.607356688503053,9.35821403784728,13.01478427751348,2.8482235996121386,12.46337890625,348.35849692759996,0.01770207218392278,0.02230050424094254,1.0456182936631397,-0.15459057485123595,-0.06263973041510981,0.48675537109375,0.10093339640516466,1.912975715286716,0.23680395033261487,0.2829370868094253,0.2572961632332725,0.02564092357615283,0.1972226955422317,0.19831632533863827,-0.0027649099356163113,0.24002192182310358,0.33613281338662343,-0.16681437124766602,0.7235107267407757,0.6001395854160806,0.09320523650359921,0.7427902735352583,0.8821676587195404,-0.0857729185229751,0.762191444838772,0.4292973524443286,0.27939338612296927,0.24038664326362624,0.3450265449093937,-0.17874537501431756,0.3170231174743853,0.2539303841491688,0.11050415146025988,0.17176240787774308,0.1831106058035906,-0.031978192673326127,0.3328940923944434,0.1393773851842821,0.27939338612296927,0.17874537501431756,1,2,0.1445194600091126,0.0008519426729776753,0.000995572669889829,-0.07774224851049277,0.0005768489672828244,0.0007119339731518444,-0.10481513486833666,0.8102448915032717,9.633576353067219e-05,7.965147959465738e-05,0.09479855274854365,1.209314263567019,4.4631644475998345e-05,3.952723841160323e-05,0.06064481182685412,1.1288508320019648,0.00012559830004886492,0.00015433704256245955,-0.10265840554988423,0.8137395959371175,5.763840360103993e-06,7.364092801211985e-06,-0.12180397186216926,0.7816338247271128,0.00015306793204172841,0.00018044859616475438,-0.08209441171070771,1.9602073463513128e-05,1.549217691801497e-05,0.1170768924227133,7.439267175333943e-05,5.7221789733477764e-05,0.13045357850585704,0.0005134219360621679,0.0006257439666788665,-0.09859937376346739,Normal
Train134.csv,18.45511151058804,66.43840143811694,6.911111111111111,622,0.059341194567807065,-0.11868238913561413,0.5755305007034259,3.7639617919921875,7.0163726806640625,4.997868997238249,0.18748965617338867,6.171615313263331,1.3916658311058743,8.770020381258227,10.960764565375614,1.0486128886350228,9.8388671875,21.66793739677782,0.6390832428288983,4.9640655517578125,8.501052856445312,7.68546491114226,0.5029178845086817,6.915190598804635,1.4856912120254715,10.733872741944989,14.081591212289837,1.457460151114531,15.19775390625,34.12712212492294,1.5662341969080025,8.486557006835938,9.810638427734375,11.95604706617133,3.0000426009776087,5.542405765532629,1.6674694066951363,9.517555622399,13.919684300527058,2.8721843698131946,18.02978515625,65.28860935921125,1.655424690761937,9.04083251953125,10.527420043945312,11.472293746364063,2.9965127058124903,5.766530296735608,1.6256368023596255,9.39861902945608,12.68745187665044,2.3911925091041537,14.6484375,50.02804214281197,-0.06355274212547235,-0.05232341716916105,0.9005563800269268,-0.4088472624795083,-0.1631425957516948,-1.200103759765625,-0.13749999984246153,-2.687595913904011,-0.2118997994690643,0.36746132740876314,0.3860539488958631,-0.018592621487099947,0.7425777488478782,0.9986648382091023,-0.1470714590798883,0.9793439374494025,1.0400969905570696,-0.030084095040501944,0.7959062189763212,0.8036186448012228,-0.004821697962525234,0.8386058222571817,1.0838463583708808,-0.1275665201502771,0.3101279053600006,0.363913611226627,-0.07979583415134568,0.3524479629443663,0.3017931797078843,0.07742524760347294,0.364094823008161,0.3897005060728207,-0.033969012193519076,0.3214861952033723,0.36887027286336765,-0.0686371159906962,0.05065478323648204,0.25608708936122415,0.07742524760347294,0.1470714590798883,0,0,0.06668969187197928,0.0011340405536475727,0.0017215216443586567,-0.20573219911696086,0.0006125251874998559,0.0011997666148620112,-0.3240307031625957,0.510532694096812,0.0002534469453064865,0.00023996338363725003,0.02732672506238385,1.056146066972175,0.00014076595531274205,0.00015367670703622514,-0.0438466122890139,0.9159279811985459,0.00011084714736027091,0.00011033570813385206,0.0023121869161476503,1.0045442567264202,1.0507432776141156e-05,1.007460882924506e-05,0.02101899147206863,1.0419276497537435,0.0002082757836198433,0.00021581621753065654,-0.01777976498662495,6.0787076674184145e-05,6.75695536303656e-05,-0.05283676092525002,0.00015603377115151732,0.00015568016666504816,0.0011343514038284557,0.0005757858503445427,0.0009770701607605997,-0.2584152834477144,Normal
Train135.csv,9.286896949861827,33.43282901950258,3.477777777777778,313,0.17553362074379206,-0.4747295565424565,0.24993329978026568,1.07879638671875,2.0038604736328125,1.04136593672251,0.06213777170429366,4.279325171227168,1.2661065518717631,5.465354946155662,6.525622981701115,0.4661099954677507,2.96630859375,8.92027000165963,0.2676211224163221,1.3957977294921875,2.5707244873046875,2.782470061204827,0.15154744124763142,4.739264952583804,1.3112447564474614,6.414795650277636,7.862158284643801,0.609035996750494,5.89599609375,17.61502517143729,1.1790117523406551,5.9375762939453125,7.0590972900390625,16.468354967809425,3.3491766971737986,4.650979471939606,1.5008531613005502,7.4752183712288405,10.712431817531433,2.3104047401029812,15.72265625,86.82383029478571,1.3662301339496066,7.1929931640625,8.332061767578125,21.980686429980178,3.6467903569739772,5.272225528098384,1.634029074724116,9.495236582969646,13.699729895402474,2.722196874080174,15.00244140625,96.82122762660696,-0.017687822636056394,-0.03417577270275961,0.9339071900774245,-0.1429260012827433,-0.1329363649103079,-0.3170013427734375,-0.12810235804561024,-1.7411041244823169,-0.4553291827559469,0.21198541673925367,0.19588289981851936,0.016102516920734306,0.18904151642426048,0.26211684112603256,-0.1619726684856975,0.203515054258985,0.20525569494282794,-0.0042582318932053945,0.28869454703904257,0.2207203664206033,0.1334357858164003,0.20579454534010103,0.21907991836615892,-0.031268936705392276,0.2444722326801797,0.2904736445190528,-0.08599264512475921,0.38871777325778956,0.4832091297957655,-0.10837073053182861,0.22367483685364833,0.1937866403174203,0.07159509908031436,0.3110040143051371,0.3331432179109036,-0.03436978714618368,0.06797418061843927,0.09449135653797597,0.1334357858164003,0.1619726684856975,0,1,0.08969805389972477,0.00026465051182229647,0.000287742176833157,-0.04180298813705628,7.171795083241671e-05,0.00010728535782003116,-0.19868582540233437,0.6684161578799224,3.203165555619661e-05,4.710772128622018e-05,-0.19047611404495834,0.6798218309756087,0.00010701146712408289,6.742158020104779e-05,0.22695021401023008,1.586963657162228,5.202963344943568e-05,6.26193394370791e-05,-0.09235828405793173,0.8307549451596489,1.1944600456849017e-06,2.011364849244649e-06,-0.2540265189338437,0.5909175902268469,2.8314130026225183e-05,3.6590343042616916e-05,-0.1274941107141819,2.021170031743756e-05,2.5015740905862087e-05,-0.10619611672355589,6.725628592550114e-05,0.00010830540098563947,-0.23380258959927797,1.1174505985578826e-05,1.4185590342035861e-05,-0.11868635883654677,Normal
Train136.csv,16.941911049108956,60.99087977679224,6.344444444444444,571,0.09840623849644604,0.23736477827122826,0.45582055332094673,3.272247314453125,5.6732177734375,7.720077655236629,0.35291066632548024,6.504602413099489,1.411050183913665,9.860032940293646,12.931737469778819,1.2866346210152264,15.31982421875,43.965440569866495,0.4573440925661254,2.919769287109375,5.3607940673828125,5.147577277142811,0.1654174322806981,6.169485379819756,1.40950033432704,9.090932194093238,11.598982338006824,0.9442550955946236,9.326171875,20.365465494178242,1.4546461794182892,8.254623413085938,9.628677368164062,18.25415792162005,3.5834556024425464,5.868533226605465,1.7503057873467784,10.742927775678583,15.503452538674667,2.378021225939602,17.138671875,164.99798158456414,1.5768746367562683,9.415435791015625,10.812759399414062,21.834184560210957,3.8519886877571996,6.4344508761517965,1.6866054780496818,11.249815408699284,15.77624125530545,2.809538094896384,20.44677734375,127.83439098114411,-0.0015235392451786733,-0.0016684167913821272,0.9966687025444733,0.3423795254206028,0.15347218705466745,0.35247802734375,0.05692459330382922,2.5725003780938183,0.1999199068993779,0.313354928942019,0.29003199049899836,0.023322938443020635,0.28411945215885004,0.3352681133350194,-0.08257941101803001,0.3651792974303274,0.49924713689840794,-0.15509456050039055,0.4309817329759739,0.41167295769499757,0.02291422010178257,0.5320895797414621,0.51258693457837,0.0186685971294223,0.47520607067117465,0.43599714431735237,0.04302983711928364,0.5244976239964259,0.6241134584592839,-0.08672720916344383,0.6031060171351825,0.5758800672830253,0.023092681059645872,0.699113470281862,0.4179448361552287,0.2517045260657776,0.2811686341266333,0.13406783946808054,0.2517045260657776,0.15509456050039055,1,1,0.11448562950677056,0.0008257102281766184,0.000800767610472581,0.015335356628500066,0.00033800980304005005,0.00036875078760259473,-0.04349499677765716,0.9166099390272364,0.00012279409173074387,0.00010172696557584233,0.09382722554116604,1.2069761569525483,0.00024183033761754875,0.0002292178009563005,0.026774904472372123,1.0549782208295528,0.00011343423115660693,9.015087293329316e-05,0.1143610909869065,1.2581314650816757,7.427200763836705e-06,8.441421102081576e-06,-0.06387332268562823,0.8788108738313126,0.0003193458057767875,0.00028420676359046355,0.05821938597544607,5.2608833387645076e-05,4.543766044757675e-05,0.07313307522619628,9.287650947480122e-05,7.977418550636075e-05,0.07588480962543327,0.00028165306156541757,0.0003438185134319303,-0.09938814243533282,Normal
Train137.csv,12.461650859239514,44.86194309326225,4.666666666666667,420,0.11868238913561502,-0.23736477827123004,0.39228363682979106,1.92413330078125,3.536224365234375,1.4168993187426304,0.12802799434303366,4.577128273171158,1.2978468598359165,6.044525813760204,7.391556540997309,1.791006988870647,9.80224609375,10.499355316045307,0.3860265222854339,2.2045135498046875,4.015350341796875,3.2610471935018412,0.16500724815620046,5.495035902551573,1.3432134414661263,7.522426397310182,9.309089603100084,1.012094059853676,6.53076171875,16.724409682969828,1.2965367698293233,7.2185516357421875,8.423233032226562,22.901873405674717,3.7937533206242153,5.613506606326002,1.6024080680416617,9.381155694315938,12.976940950971496,3.206257035524706,23.74267578125,176.01712736497637,1.4386736900869723,7.2399139404296875,8.374786376953125,17.38427600938921,3.4444828324190007,4.98646999226672,1.543596297198665,8.043859330034113,11.156312313324054,2.566421023925805,12.60986328125,118.817893113132,0.0062571145443571785,0.008039358590766202,1.0162090012500244,0.778912929016971,0.2778754360613207,-0.2803802490234375,-0.06791093026145761,-1.8441478747592108,-0.3942216667056706,0.3025626753769619,0.26832110871429526,0.034241566662666645,0.16950368393422408,0.20079341955449545,-0.08449899953439569,0.2804136091873807,0.21570811224798325,0.13042262178718417,0.25179916675505887,0.28453573227587875,-0.06103754383612484,0.339097557584721,0.3597590374421141,-0.029564691395597194,0.42476924441452935,0.376538666489307,0.06018981800506925,0.6800447325421074,0.8109517867055465,-0.0877983627698274,0.4271317857689466,0.31002946852010793,0.15885576592494516,0.949469648961492,0.6767834882833501,0.1676775606184806,0.2726861606781419,0.13090705416343906,0.1676775606184806,0.0877983627698274,2,0,0.10329081519940639,0.0006609625842766633,0.000562653137458637,0.08034339954263281,0.00037244259274097605,0.000305178136136312,0.09926417698930085,1.2203704818152725,0.00013470950161821707,0.00012135312430244699,0.05215855176924741,1.1099706141587935,9.984417847260978e-05,8.212907589604182e-05,0.09734468502624798,1.2155503015273288,4.842165816082901e-05,4.8057160560345277e-05,0.0037776149124286373,1.0073750476697845,3.511545080189362e-06,3.6914377634236247e-06,-0.02494012354314076,0.9486975885125724,0.00010473249491874616,8.620549555628586e-05,0.09702641706974578,5.511670830231307e-05,4.4768751873859765e-05,0.10358785484549486,0.0002161233329306181,0.00021760978859473076,-0.003427041468427707,0.00022923079271998265,0.00015582580991617984,0.1906293152957773,Side I
Train138.csv,0.0,0.0,0.0,0,0.0,0.0,0.07177591265701735,0.23040771484375,0.353240966796875,15.271659285394986,1.806301818960943,3.7392400608120813,1.0943057369618732,4.269363688779643,4.590177744061815,0.12641251707632348,0.35400390625,59.00048067271411,0.05506307763552284,0.2185821533203125,0.35858154296875,12.344635767078474,1.6356641811292838,4.48751425976198,1.232886910770617,5.979383132330851,7.425412567518269,0.13486758811531877,0.37841796875,31.466671578072066,1.3640120864510354,7.6519012451171875,9.001541137695312,20.406334332185544,3.7395986295250307,5.64416982087816,1.7532670787051545,10.881734100232983,15.74447992960198,2.2440024915235544,16.95556640625,90.33240243249405,1.4960624866188892,8.08258056640625,9.499740600585938,20.056466397814535,3.6695225969099425,5.513093165122887,1.7097418058250078,10.075350214402427,14.389841248126462,2.767547203435028,12.3779296875,82.29256772165337,0.016712835021494517,0.1317641654613187,1.3035213922641087,-0.008455071038995288,-0.03236017801352281,0.0118255615234375,0.026338147246865992,2.9270235183165116,0.10598900075824841,0.0526211701815314,0.03680533250446806,0.015815837677063342,0.07879492110493097,0.06976291659780491,0.0607978955457075,0.06597852397959414,0.06299197755362511,0.023156816162582857,0.08775490772754974,0.04429432769125231,0.3291240317084707,0.08765379468773608,0.03798564519292329,0.3953228825977102,0.061559424396117265,0.07582750481871296,-0.10385325202044773,0.051870152177990084,0.050468988624693616,0.013691373656187547,0.0908065703465211,0.07076973069793445,0.12400852277827899,0.08422491093537719,0.05811187965224425,0.1834594509313701,0.0496681494948128,0.014268080422595697,0.3953228825977102,0.10385325202044773,3,0,0.1570566483427747,2.8012610290129094e-06,3.3783215733304683e-06,-0.09338179962166542,2.403026330979293e-07,3.108940263794844e-07,-0.12578726563926768,0.7488535570735463,9.599347651978778e-07,1.138555531919533e-06,-0.08471500531249952,0.8357756664961414,8.615102591099288e-07,1.0584695723785552e-06,-0.10205252410162384,0.8063030350897992,1.669978436109526e-07,2.2847500670238405e-07,-0.15161844509175854,0.7002739864448994,2.632821079177626e-07,2.946605953846452e-07,-0.05524938921554333,0.8641816890870291,4.1096277370603614e-08,5.4531065861033315e-08,-0.12719044216579128,2.099427745779562e-08,3.317084922816382e-08,-0.18976930926924615,2.3624644253794335e-08,3.2164071661921654e-08,-0.12980079165958264,0.0,0.0,0.0,Normal
Train139.csv,5.044001538263612,18.158405537749005,1.8888888888888888,170,0.05934119456780751,-0.11868238913561502,0.2528937540059752,1.91497802734375,3.40118408203125,12.745695237568846,0.4803355767226903,6.805027813012762,1.5039688594395098,10.904669469046576,14.397010466843058,0.5930667760990119,6.15234375,45.101948647797975,0.25532167551585333,1.9138336181640625,3.458404541015625,10.481139263867115,0.4426719302982074,6.688033644743846,1.5514197632865516,11.020118058387737,15.028237167740738,0.6061608450508382,6.40869140625,45.149666488004556,1.4016870770802936,7.354736328125,8.70208740234375,19.108240635676406,3.7667277676101873,5.2981923750878295,1.68776839790468,9.296744820981573,14.190885348935115,2.369018777983006,12.6220703125,104.54247046470407,1.4999840957459094,8.050918579101562,9.40704345703125,17.623234586172366,3.6579564246374874,5.5533197996862915,1.6062838512518418,9.007196521298694,12.430934484001725,2.7884015253771706,12.744140625,76.80686602060887,-0.0024279215098781393,-0.00477734700890341,0.9904906960606471,-0.013094068951826299,-0.010918751879717256,0.0011444091796875,0.000298894091079473,2.2645559737017305,0.09749739994000275,0.18042097721878247,0.170216253984163,0.010204723234619462,0.18742846077864236,0.15306451439768334,0.10092409499468398,0.30667111069091363,0.2889054748252426,0.02982930491127586,0.27320246131604736,0.4760876502074145,-0.2707698701256859,0.4090509644652965,0.28613902921725864,0.1768033697218741,0.28058737607744083,0.27220333048950307,0.015166762640310073,0.2784817143965789,0.2912995406408777,-0.022496047221658218,0.26543353697600797,0.19113651070134507,0.16272864377621274,0.16145290601489007,0.20942008863878472,-0.12933586975058195,0.12291193524803784,0.20288518889136714,0.1768033697218741,0.2707698701256859,2,1,0.14102390072697263,0.0002500790802387307,0.00027870441183852434,-0.054134314003152516,0.00016063273479455812,0.00017692519538355735,-0.048264242934459516,0.9078619685944392,5.0166517413417274e-05,5.984078399174999e-05,-0.08793404723412292,0.8381931541670762,2.8854253589560648e-05,3.151676663683196e-05,-0.04409519808192186,0.9152303476580094,5.596604018666952e-06,6.625128783628739e-06,-0.08408659521803406,0.8434808428249044,1.0913263615760839e-06,1.2689830289053652e-06,-0.07495083470651752,0.8532766556801854,3.7305986632187384e-05,3.8776441555879394e-05,-0.019324589301549126,5.69324819408217e-05,7.501625056591422e-05,-0.13704109066195694,0.00010117176811959611,0.00011428421349158629,-0.06085622089361719,1.5389015515370162e-05,8.689073761927436e-06,0.27814334612904507,Normal
Train14.csv,16.31882850614698,58.74778262212912,6.111111111111111,550,0.05934119456780884,0.11868238913561768,0.39373462014951044,2.197265625,3.9150238037109375,3.1635139371740686,0.20517061185410462,5.534732024725521,1.3260294746824264,7.483009473387201,9.154667284296426,0.9147806281018374,6.3720703125,19.79915037235312,0.39917852467135745,2.492523193359375,4.4757843017578125,4.466621056244412,0.2897886796451062,5.769006045187853,1.366438814647322,8.24397059380048,10.46366030749018,1.1792014617582671,13.427734375,33.41285489906233,1.2635856513794803,6.7935943603515625,7.7434539794921875,25.47985404345002,3.760282381673738,5.731435495539357,1.5854724272527951,10.209423855213458,15.12586798128013,2.760511830626869,16.650390625,122.88886510122401,1.3478019386415785,7.0003509521484375,8.098602294921875,22.33493167704837,3.5872594446438724,5.379923761174146,1.5254872195433857,8.667947512399351,11.697080364321996,2.8022452323022886,12.01171875,119.66958911250069,-0.0054439045218470095,-0.006865700851030623,0.9863622062585882,-0.26442083365642977,-0.1262765491997736,-0.295257568359375,-0.06295754012929933,-1.3031071190703432,-0.17078428081371044,0.3116010510278052,0.29617001598319487,0.015431035044610353,0.2791252008762824,0.24069083663145216,0.07393839499396823,0.6469417319914406,0.96774650520858,-0.1986790786230325,0.5215342101383907,0.5096247321210713,0.011549604443838228,0.6284754088855508,0.564442188988577,0.05367782273839175,0.24670060583296533,0.22221279320895737,0.052222461869966805,0.2255616195584367,0.3340062195622107,-0.1938006269913346,0.3802520555892725,0.2303408736733918,0.2455173852762029,0.3478325707436083,0.20840163402733614,0.2506694716248072,0.1499111819158807,0.3208047732171394,0.2506694716248072,0.1986790786230325,2,2,0.15829941530323166,0.0006310013483332244,0.0007287578886874924,-0.07189253633492959,0.00032724015329792716,0.00040819531005910966,-0.11007635616059432,0.8016557973009748,0.00010510940188548184,0.00016745005223094277,-0.22871473455287808,0.6276685124911244,4.185075729379051e-05,5.0750169518342e-05,-0.09609462436980622,0.8244802507735498,0.00014868712326906623,9.361021190092764e-05,0.22730187400021823,1.5881946884120752,5.292270712474767e-06,6.0396304558944835e-06,-0.06589369210022598,0.874808924455579,0.00018143430731564343,0.00013367370503468185,0.15156417725770885,2.763658834889971e-05,3.509481254106054e-05,-0.11887245242167166,8.267340596862216e-05,0.00013990190251976964,-0.2571081485107632,0.00025953978389385297,0.0002721985046005771,-0.02380585134098977,Normal
Train140.csv,6.1418136377680455,22.110529095964964,2.3,207,0.22790418216397823,-0.5934119456780724,0.19850003086193935,1.169586181640625,2.0229339599609375,4.372904374706781,0.28796093933704464,5.562619156287189,1.319275871889191,7.532236055112691,9.239008352067813,0.41816113402808025,3.857421875,21.390972923152734,0.2027273630445043,1.3416290283203125,2.3746490478515625,7.434853204998941,0.3669225276010962,6.217773480024878,1.3802518825150885,8.851660679386502,11.058007813994765,0.5866852249137157,3.9306640625,34.542374000431046,1.3160079450266682,7.0270538330078125,8.358001708984375,21.22981632597663,3.5239128517920033,5.344621910401175,1.6388017466929283,9.217161521993654,12.801210566580773,2.9370080911387224,17.00439453125,197.88455943175848,1.4445672772363385,7.704925537109375,9.037399291992188,21.364965503284253,3.708258462577695,5.692249383741489,1.658344351852595,9.74977422661873,13.863102856435258,2.6047787017050092,12.75634765625,195.04798734366713,-0.0042273321825649635,-0.01053600063556644,0.9791476497767426,-0.1685240908856354,-0.16771130004988544,-0.1720428466796875,-0.06850979769163858,-3.0619488302921596,-0.25931670827673814,0.15083497793743722,0.14033777784927584,0.01049720008816138,0.21620044631109125,0.17984905443894783,0.09178496850886424,0.3327107824778043,0.40267333170252195,-0.0951374212799322,0.12917316142284108,0.1027574846797132,0.11389471830514501,0.19391229354207076,0.1313744698422131,0.19225443152580135,0.2522819502419259,0.31809139674731246,-0.11537959425869225,0.2425938550483764,0.20542339143391364,0.08296658906916927,0.1301651088177306,0.1299417261727215,0.0008588110974830197,0.14276485756534948,0.21133260457761105,-0.19364088254371542,0.06253782369985766,0.06996254922471767,0.19225443152580135,0.19364088254371542,1,1,0.12467460941206747,0.00016786526589016894,0.0001999117731901832,-0.08713569335418116,7.297816082989234e-05,0.0001119007229904652,-0.21051867130308902,0.6521105295344226,1.3207716212328012e-05,1.931427005769881e-05,-0.1877092223845256,0.6834781429203863,6.348933356759182e-05,5.347565032229485e-05,0.08560533981114508,1.1870348997350988,1.674829228757922e-05,1.3516145898285504e-05,0.10676156463913576,1.2382161491916288,6.710084041716689e-07,8.436223658122745e-07,-0.1132168948960826,0.7860717233353685,5.7957753008112156e-06,5.583213034134493e-06,0.01866384093348318,4.1259037760144464e-05,7.109936887106418e-05,-0.2655580158652175,3.874196261545527e-05,5.26908963416524e-05,-0.1525426248181943,3.25065654581664e-06,3.82001741128475e-06,-0.08041054692217305,Normal
Train141.csv,9.464920533565248,34.0737139208349,3.5444444444444443,319,0.051390981986636046,-0.11868238913561413,0.26649513190240803,1.348876953125,2.495574951171875,2.2310357614823544,0.056154099505193775,4.584317640790147,1.3379360887439578,6.318143177930934,7.921846913515644,0.7965714961247695,5.17578125,12.567337139775002,0.2700034556665726,1.3782501220703125,2.5665283203125,2.0138974039821287,0.10644247536745771,4.62896524912729,1.3376052897066706,6.31691162021066,7.895179349055706,1.0288441221442,6.84814453125,13.217708711279627,1.4619530882214327,7.666015625,9.228134155273438,12.896951623941789,3.398103889344664,5.346775496558415,1.695667438531716,9.348279985591624,13.39523852103192,2.9349851013638903,16.357421875,36.05344303264355,1.548012838874016,8.703231811523438,10.233306884765625,15.404068532500172,3.5369055391539383,5.980827237596008,1.7520833676945693,10.96837404093278,17.21181761008122,2.7738760829744815,16.83349609375,67.23775521143135,-0.003508323764164545,-0.0065392971762865786,0.9870063380279089,-0.23227262601943044,-0.127243693119738,-0.0293731689453125,-0.010770737126542395,0.2171383575002257,0.051152361774568174,0.1822870598424928,0.1744193892595698,0.007867670582923009,0.1518919186528673,0.14385332457645605,0.027180805063261843,0.15073558333244655,0.1523197839910414,-0.005227429628822731,0.24415543320569366,0.23035396530039295,0.029085762385096466,0.2227445310286265,0.2439405155244728,-0.04541817698727752,0.6657075141302724,0.2614373288260056,0.4360377820307343,0.2873283965119713,0.8592922214174301,-0.49882568913689146,0.3034545024366992,0.19152476086782713,0.22613015858546762,0.1596666271841635,0.11461724696984346,0.16424362792319716,0.4042701853042668,0.5719638249054588,0.4360377820307343,0.49882568913689146,3,1,0.2517100013402864,0.00024901420362920403,0.00037984976249650704,-0.2080506531060308,0.00017038257011051257,0.000295349757638623,-0.2683182955091467,0.5768645379204914,2.0637970648063447e-05,2.4997910911426822e-05,-0.0955166186829159,0.8252576843047442,4.3038205191571976e-05,4.262357776161136e-05,0.004839719866542212,1.009490815718613,1.1783359898294188e-05,1.2909764576333614e-05,-0.045597660295819624,0.9120413788250377,1.5181212703880298e-06,1.7435626145156421e-06,-0.06890682353752217,0.8657354221750192,3.668026718663798e-05,3.930032417668538e-05,-0.03447870246884223,1.1119540853573953e-05,1.4355485988880907e-05,-0.12697436637250367,7.880917766199664e-05,0.00011223494952683679,-0.17495446110830623,9.211754766072941e-05,0.00018341277779549935,-0.3313316480395634,Normal
Train142.csv,0.0890117918517108,0.3204424506661589,0.03333333333333333,3,0.051390981986636164,0.0,0.12827308629043072,0.4787445068359375,0.830841064453125,2.3667208521491467,0.4238225602200945,3.696200663555092,1.2115643201724255,4.598723166099086,5.419165153516846,0.24904970516715053,1.25732421875,13.562266237407687,0.13403469492093845,0.52642822265625,0.92315673828125,4.033056409199269,0.520271439437746,4.092989751797205,1.2565460178246917,5.289899896026318,6.448507405298992,0.6513307667033847,1.416015625,37.462172387758194,1.2769743797280415,6.6196441650390625,7.8731536865234375,32.73160943093821,3.9624153972797185,5.451361957356036,1.6740756588415056,9.597034023637615,14.186765644303463,2.3328772660429253,12.744140625,368.8654045899286,1.3662286316765426,7.48748779296875,8.707427978515625,45.60716691253263,4.417393318431752,5.932686085244656,1.7038506744559783,10.771062904255547,15.826322145727204,2.0060691129537003,11.6455078125,602.5729486012584,-0.005761608630507731,-0.021965068608522546,0.9570139790742535,-0.4022810615362342,-0.4467900733482112,-0.0476837158203125,-0.04743832969883592,-1.6663355570501226,-0.26037399215598483,0.10045079002543596,0.09810561046096956,0.002345179564466393,0.07650196251190695,0.06659128551675617,0.06926026517032391,0.17766567621244264,0.3390686304883002,-0.31235191675750673,0.1430143971348269,0.1343410687521768,0.03127152386269689,0.157897453764443,0.12460310331244966,0.11785587121646768,0.0829939437948981,0.10167055617315877,-0.10113807131371011,0.1942643076710022,0.18046414423097934,0.03682710240364019,0.11958900876262261,0.11948580844259253,0.00043166535446870463,0.14528910951120808,0.16516870000608025,-0.06403314474662523,0.033294350451993346,0.16140295427585757,0.11785587121646768,0.31235191675750673,0,1,0.1258771895057262,4.0371012664656735e-05,7.199757898527062e-05,-0.28145379288140554,1.9687540297278742e-05,2.052463833521063e-05,-0.020811852226615177,0.9587478472177727,1.1331426480935691e-05,9.15801202364401e-06,0.10602312140433146,1.235974216843554,8.37963267326873e-06,4.120560341288815e-05,-0.6618774973183739,0.20331214344537324,2.0549412944923178e-07,1.9756935031205542e-07,0.01918537833883584,0.9900022770235403,2.5816302714108954e-07,2.948350965025227e-07,-0.0651371076054371,0.84689404239565,1.1590507077431962e-05,1.2541220627711956e-05,-0.039380510040191684,7.311962408913122e-07,7.398690064508116e-07,-0.005855761976093393,2.155261703792299e-07,2.483035111059372e-07,-0.06917536407590662,0.0,0.0,0.0,Normal
Train143.csv,12.75835683207855,45.930084595482775,4.777777777777778,430,0.19681247699289278,-0.4747295565424583,0.5558541005294315,4.2957305908203125,7.604217529296875,12.070995095786913,0.5133033444794461,7.168090291501339,1.4904921026655598,11.400277011712625,14.906883049031414,1.3088129173191798,14.3798828125,59.54341358705093,0.5408718053024473,4.1217803955078125,7.2582244873046875,7.993197340132633,0.3652915274404416,7.232238895438298,1.4502464737973522,10.850507560520345,13.8873901565063,1.035584559091299,9.46044921875,32.59348084834561,1.3221834590163242,8.27484130859375,9.5306396484375,23.394487748769308,3.9846394111282564,6.859661114382856,1.7230883027938213,12.52523120198046,18.234394457833353,2.267230037550431,18.78662109375,160.61392067296717,1.41502349752012,8.437728881835938,9.662246704101562,23.278219148379023,3.976027495445803,6.347837281240787,1.6374927051136785,10.747883837049224,14.786326081538942,2.086481826997209,14.27001953125,187.60127280532825,0.014982295226984244,0.01366092932674068,1.0277002513407105,0.2732283582278807,0.11654523595579447,0.1739501953125,0.020665276872032633,4.07779775565428,0.2032375719404337,0.4204061792899097,0.3822352084103145,0.0381709708795952,0.2579018986920875,0.3593588286368777,-0.16436640759595134,0.6835403176269853,0.5529975096280465,0.10557121995452112,0.7002418295120778,0.5371615887318402,0.1317922975303824,0.5565501792107286,0.6664207797909378,-0.08983909133174162,0.4948197323385139,0.40121728645644283,0.10446269838641951,1.164629199828563,0.6503744925253753,0.28333534892310897,0.39311748670303065,0.7310448990619288,-0.30060373272755536,0.3644332309947822,0.6750935572451896,-0.2988478284315402,0.5142547073031877,0.33792741235889817,0.28333534892310897,0.30060373272755536,1,3,0.20246592321881,0.0015968779285558837,0.0009598403991857006,0.24916218672116883,0.0011034921440304425,0.0004940038770422878,0.38152486372407,2.233727017218958,0.00020071252823094797,0.00014625187739223842,0.15695869769095802,1.3722819083792168,0.0001684411061555556,0.0001819992048169635,-0.0386876491100363,0.9254537775984869,0.00010970312942754206,0.00012330608264267225,-0.058376959969426406,0.8896092632574467,7.830468060795854e-06,7.511437799193836e-06,0.020781150204514875,1.0410865940598673,0.00021891819054170548,0.0002471583242405375,-0.060589896517443544,5.541567369035582e-05,3.0633321590691695e-05,0.2879693403197546,0.0004041311927432794,0.00023509784753791168,0.26442900785754986,0.0007948344881168594,0.00034915915177789205,0.3895751034323366,Normal
Train144.csv,6.2604960269036605,22.537785696853177,2.3444444444444446,211,0.21189044693511566,-0.4747295565424583,0.1877244240031247,0.8983612060546875,1.586151123046875,2.3369830094712487,0.20582466197459898,4.584831098449714,1.2683334100142614,5.966714695284399,7.16139672360822,0.3220350885879679,2.03857421875,14.361447256370003,0.1781587991201513,0.836181640625,1.525115966796875,2.0596519031164457,0.2456241384684612,4.513311577101286,1.2599630321945625,5.7867429705661335,6.909676659247342,0.2940942380684445,2.1484375,16.938097259148314,1.2669281043216563,6.403350830078125,7.566070556640625,23.911655690097575,3.736238232880841,5.2014335385674055,1.650710700202749,9.481190479432385,13.942779624393404,2.9072621105969247,16.455078125,184.15309275188244,1.3764295764321184,6.9568634033203125,8.075714111328125,25.140027777896357,3.8225490993383726,4.885356940465115,1.545371066413571,7.982674247636158,11.236182814068789,2.2113774033854083,12.7197265625,173.2507210915431,0.009565624882973384,0.02614392794476719,1.0536915066406976,0.02794085051952344,0.04534900199875533,0.0621795654296875,0.03584781153733695,0.27733110635480296,0.06307803837203209,0.14817290885018908,0.1294354617746642,0.018737447075524882,0.12044902647475361,0.10462809129589493,0.07029117234417559,0.2433828495637736,0.24162470892490512,0.0036249756768682606,0.21235372929705942,0.15143802584951607,0.16744662546993,0.20686538818019423,0.15003818234615296,0.15922285158987415,0.2532817055276284,0.2704983375625153,-0.03286996504222328,0.22558365857843413,0.2131513958327781,0.028336606198413352,0.12818100682091899,0.1453238610984409,-0.06267842243960381,0.13151769019933823,0.1610856420657733,-0.10105131280300006,0.06091570344754335,0.02956795186643507,0.16744662546993,0.10105131280300006,2,0,0.09193809650951641,0.00014995201470829382,0.00011783756737801576,0.11992418480240746,5.311338587657924e-05,3.6473016115941014e-05,0.18572587057711773,1.4558386759413704,1.1572435038366336e-05,1.0505964443634818e-05,0.048281931680950296,1.1004635000806784,7.152215007635158e-05,5.670463674333136e-05,0.11554807088121691,1.2610880397600595,1.2760978011855609e-05,1.3066461300802571e-05,-0.011823280366537774,0.9758739553698982,5.90895254385844e-07,6.416538821533858e-07,-0.040850398809109206,0.9067624249137205,5.5724969597835284e-06,7.117161197077946e-06,-0.12163037919724269,2.478475006297678e-05,1.977650289849377e-05,0.11236496243020966,3.6134632311328666e-05,2.228173831713465e-05,0.23710002598459134,1.4266483020039405e-06,9.334417119849386e-07,0.20809614280806638,Normal
Train145.csv,4.391248398017733,15.808494232863838,1.6444444444444444,148,0.11868238913561457,-0.23736477827122915,0.15911601627015193,1.01165771484375,1.755523681640625,7.56239862624933,0.20062673292333363,5.767569076512147,1.3378878947962005,8.220184114591696,10.204365987577713,0.3531675574728146,3.90625,49.020670406245735,0.16638430079795485,1.0204315185546875,1.8703460693359375,4.821539896528173,0.16443530573151768,5.540179213998867,1.391188010462763,8.114060733021844,10.680584668915014,0.5569227875435913,4.39453125,42.84082099221994,1.3630528519780065,7.1746826171875,8.513641357421875,12.979683936879667,3.173415634009787,5.213844638051345,1.6399152681829596,8.83922698757484,12.316074338091966,2.777758010787303,18.0419921875,28.723574139994287,1.5008944183491857,7.872772216796875,9.295654296875,13.061851151384534,3.1106650422200053,5.034525697438993,1.6964060900573452,9.205847646705585,13.497736840484508,2.7591208901482522,12.7685546875,29.4642375825824,-0.007268284527802926,-0.022329576726606886,0.9563162266144852,-0.20375523007077667,-0.223884616453389,-0.0087738037109375,-0.0043176271610317245,2.7408587297211566,0.22132367037083714,0.11673502965926742,0.11085676490981368,0.005878264749453743,0.13187890941917826,0.14106237423831605,-0.033646300624125554,0.10249932745387244,0.09537322736295208,0.036013583275261885,0.1653886061713213,0.3301819632356809,-0.33253256733188374,0.1391856120066729,0.11360616783994944,0.1011877964163449,0.18050084344767214,0.23922307287754127,-0.1399067952689682,0.21032031153870934,0.21686517653355206,-0.015320896950803348,0.27312914628039475,0.18329907163982184,0.19681095327932951,0.1273461493751698,0.13770786525783352,-0.03909284492854111,0.08983007464057291,0.16479335706435957,0.19681095327932951,0.33253256733188374,1,1,0.148704961280985,8.570140916143698e-05,0.00014042478530121479,-0.2420037018259564,4.015721294458423e-05,9.233002197078152e-05,-0.393765266569701,0.4348841606003828,2.6574776327737477e-05,3.139425766900978e-05,-0.08312455398174938,0.8462157140546548,1.3628669526366146e-05,1.105810418685355e-05,0.1040850667120387,1.2313463350438985,3.911150793827453e-06,3.626334352422022e-06,0.03773660178012587,1.0755751299993597,5.692048908691686e-07,7.475292560657682e-07,-0.1344085140256397,0.7513965781669436,2.4935471050759733e-05,3.081356217573333e-05,-0.10541953087846423,2.4824850000310793e-05,6.849652494682162e-05,-0.46792062124069916,1.3132284751542406e-05,2.098908703717004e-05,-0.23019298299126525,2.2000781927310233e-06,2.844409986789856e-06,-0.12747715914530236,Normal
Train146.csv,11.245156370599465,40.482562934158075,4.211111111111111,379,0.09840623849644606,-0.23736477827122826,0.5143086515404307,3.989410400390625,7.131195068359375,9.294354189766157,0.5188309138753433,6.987581722440133,1.5171805312011972,11.055101366069977,14.600061103404292,1.3005261786853515,11.181640625,29.589571472536655,0.5419057274252401,4.1271209716796875,7.2902679443359375,9.524324795458869,0.5409187728125238,7.036500886461876,1.5436656747029998,11.26949660198948,14.954159702955502,1.4856386327378817,13.83056640625,40.94696447589522,1.4262182452672056,8.354949951171875,9.603118896484375,24.3830638930978,3.9252871174799733,6.5427474426883,1.5938232287218255,11.074510706528613,16.472691447989448,3.994870792046279,24.71923828125,111.76669777116908,1.6003843504420916,8.87603759765625,10.280609130859375,21.598189784768863,3.893246628560376,5.914314392128885,1.5704833106201626,9.515377746561759,13.28967303699087,3.1015941608648263,16.95556640625,92.4103682387252,-0.02759707588480942,-0.026128290026265096,0.9490740105171581,-0.18511245405253018,-0.06643987915904084,-0.1377105712890625,-0.016966677612221117,-0.22997060569271177,-0.012220337344138956,0.36061006065588025,0.3386097370231384,0.022000323632741847,0.22017275964251815,0.18085063888509728,0.09805442755023876,0.3760607786112247,0.6687032275465989,-0.2801038745683286,0.841089540060365,0.679753130451709,0.10608356253806166,0.9753010384418772,0.9747468052599169,0.00028421516985249604,0.7390800776417628,0.9614574316732795,-0.13076886073121624,0.42547704170936795,0.3921156526767211,0.04080441135748285,0.43426976043963317,0.4309701588643399,0.0038135105229685235,0.32855360671117234,0.2551004642442721,0.1258504735316116,0.16133640960865592,0.2926424489353742,0.1258504735316116,0.2801038745683286,0,1,0.12931704960661355,0.001145904715128809,0.0014762668210336807,-0.12598798413789203,0.0007789727612310144,0.000998144225036918,-0.12332909550047189,0.7804132284289065,0.00018780726683688455,0.00030186927435686515,-0.23292861437833706,0.6221270646585333,0.00011273380017127087,0.00011261587982470003,0.0005232539670492638,1.0009582197869515,4.700312847004993e-05,4.4150221585211614e-05,0.03129444983218515,1.0643770973692384,1.1935049311088202e-05,1.193163659035966e-05,0.0001429310894580912,0.9994483771783195,0.00010703237719402596,0.00010534011751677178,0.007967980974884686,6.227271008571309e-05,8.190230649566666e-05,-0.1361417217639559,0.0005682336618956563,0.0008709511130721784,-0.210338069899738,0.0003167918353657876,0.0003341704519986675,-0.026696400092912534,Normal
Train147.csv,10.948450397760428,39.41442143193754,4.1,369,0.22790418216397829,0.5934119456780724,0.2102794583888959,0.856781005859375,1.5972137451171875,1.8068560293358036,0.08566018973565223,4.120925015491403,1.2589576730957097,5.215461060056718,6.211672820069813,0.40505177514243257,1.416015625,34.289111579378094,0.19722439454275312,0.8197784423828125,1.50909423828125,0.5286911347638977,0.021711526520109124,4.1640839701147865,1.2642878091648617,5.287746527487901,6.312362890393376,0.3272368809727417,1.55029296875,3.6372280102942085,1.3440470341502837,7.222747802734375,8.469390869140625,16.853619957084696,3.7096566416479266,5.440119158128118,1.7219200638913572,10.040677180435702,15.332908010301116,2.8361961257326933,15.72265625,57.1752204591961,1.4302661963698313,7.779693603515625,9.01947021484375,18.150243661013775,3.7888255178362282,5.528022730154364,1.7404029140147665,10.121258247122439,15.050223924987357,2.42005908629406,12.109375,65.07327924942088,0.013055063846142773,0.032036662799273904,1.0661939067652897,0.0778148941696909,0.10626259529934085,0.0370025634765625,0.022070534566879223,1.2781648945719057,0.5472657151806871,0.1564524540298633,0.13789348700570206,0.018558967024161238,0.22771348121288432,0.18099306409676802,0.11431286459479235,0.2154726793098268,0.195829175379082,0.04775933594563765,0.248272252757044,0.28560866432303955,-0.06993396780476291,0.3179468747236582,0.28513194986558804,0.054412330488136276,0.1886879817334824,0.19071141457424756,-0.005333252522604028,0.20266139787887077,0.16016033213925746,0.11714035034805184,0.169160055934135,0.17125645874192813,-0.006158346190121206,0.13603256234066818,0.12006867212081829,0.062334293819687435,0.0467204171161163,0.03733641156599554,0.11714035034805184,0.06993396780476291,0,0,0.05969423919679054,0.00015700937485829737,0.00011518966282902184,0.15363651680986,6.876601302981042e-05,4.95242522969381e-05,0.1626518814621934,1.3882517619845272,2.320558236553046e-05,1.4726053933197036e-05,0.22348873848168255,1.5747487401124034,3.794606683183027e-05,3.014072654093343e-05,0.11462126047801101,1.2585456864634315,2.567958070960964e-05,1.9174053580586e-05,0.14500669042867395,1.3385899180138354,8.775111878607357e-07,9.62931702308366e-07,-0.046162199817917256,0.9019247556419051,3.116872890606637e-05,2.6059087043825407e-05,0.0892703849272331,3.573195303456946e-06,3.505674894666908e-06,0.009524847670071307,7.248823052852617e-05,4.666943787534638e-05,0.21665937581053463,1.4982879844835128e-05,1.2891493442000148e-05,0.07500209458974506,Normal
Train148.csv,0.0,0.0,0.0,0,0.0,0.0,0.07144919230011568,0.22125244140625,0.330352783203125,14.184780946824207,1.7128309392078667,3.502411591575938,1.0920557679714997,4.024715680776662,4.348698520104876,0.1261440612559298,0.3662109375,52.84417128921255,0.05368823455776086,0.2063751220703125,0.3284454345703125,12.072761461519471,1.4940989794394808,4.3371120926841,1.21114173656985,5.685101114350849,7.033814027904715,0.13576298835609663,0.3662109375,66.85468452079269,1.2350367292572146,6.403350830078125,7.60955810546875,24.93568159651914,3.4222416588196722,5.308220668901009,1.6221865021553796,9.072692815717538,12.831395388181043,2.2110955380681947,12.98828125,269.7707687050959,1.352769730032291,7.074737548828125,8.261489868164062,42.4510213063946,3.8427002317658197,5.368798868067534,1.6342827958632316,9.387392857898675,13.545655454501462,2.3650054442845074,11.9384765625,622.7336177718611,0.017760957742354817,0.1419316088639935,1.3308163246657576,-0.009618927100166819,-0.036726490360419174,0.0148773193359375,0.03479036493130371,2.112019485304735,0.08043477381300032,0.057851876004180416,0.039687637126240946,0.01816423887793947,0.07734180313126125,0.06708366221195265,0.07102722629045236,0.06319441076308065,0.05923234718049618,0.03236272303137559,0.08774569536040634,0.04285585136823443,0.34371599479049414,0.08705750961268822,0.04309203062438018,0.3378073831851481,0.061821021078005106,0.0744183516580383,-0.09246467744528652,0.05461043650150745,0.05063667256986535,0.0377565102655904,0.09149786767403191,0.07195234697979544,0.11958087384481789,0.08271279360629855,0.055318394901789636,0.19846526727726477,0.04488984399217191,0.012597330580033192,0.34371599479049414,0.09246467744528652,3,0,0.14346436641823224,2.7621710586627743e-06,3.0042725254890687e-06,-0.04198453748713886,2.4111334758480736e-07,1.9536221169280233e-07,0.10247175896040008,1.1740881907986291,9.32411948576708e-07,8.47857934715762e-07,0.04722975828953977,1.0869071798999543,8.54517924232116e-07,1.084883849397842e-06,-0.11817262520325114,0.7804644526468072,1.8584546675331503e-07,2.3163918491533727e-07,-0.10712365457629906,0.7691031850584558,2.452175291116906e-07,2.909192471757145e-07,-0.0836818175379079,0.8148947979007198,3.986604765128647e-08,4.380262649177014e-08,-0.04202663138448488,2.095204433849636e-08,3.164994587968323e-08,-0.17088756290179738,2.7398502069164366e-08,4.214592925582982e-08,-0.1853986123354378,0.0,0.0,0.0,Normal
Train149.csv,5.607742886657781,20.187874391968013,2.1,189,0.051390981986636046,0.11868238913561413,0.279963841825459,1.7047882080078125,3.076171875,7.545210049537294,0.2656015274796392,5.774458405816661,1.4189035492406785,8.685524960170476,11.126502587955788,0.4999705991445542,4.69970703125,43.39023859288062,0.3100821810711698,1.7154693603515625,3.1047821044921875,5.685595723911803,0.1138010623322557,5.756723842555779,1.4317132624586797,8.577753519860556,11.016206515238975,0.5643747928741515,3.22265625,24.44079313310607,1.210122290805673,7.202911376953125,8.583450317382812,39.91415078257643,4.971741819640263,7.289750876543379,1.669311020886437,12.689346482609501,17.07426832777198,3.0060981918358456,17.7490234375,249.18604828620033,1.3236435033875469,7.720184326171875,9.164047241210938,33.63569432549067,4.567679788688364,6.846528453150466,1.6829813254241655,12.851849741611229,18.000430934673403,2.58538891196947,12.109375,260.4043792829687,-0.03011833924571078,-0.051044050068187234,0.9028697870662361,-0.06440419372959727,-0.06051061394867131,-0.01068115234375,-0.0031229087573204127,1.8596143256254916,0.14055185723848745,0.23135169200589495,0.23426411865048855,-0.0029124266445935965,0.3493393115990062,0.4654323953989185,-0.1424854120214975,0.2273501319907103,0.1736778402569582,0.13383677476302624,0.38939392171688525,0.2761244432328026,0.17019737207503194,0.2828105836877127,0.2936178201692401,-0.018748618599861922,0.2278272416534786,0.31387017396409295,-0.1588394706002518,0.36781298343234514,0.3151063413255962,0.07717843004903453,0.3156620032270814,0.3407572220609308,-0.038230474496742266,0.19502485074126927,0.35660378055841696,-0.29291250982989814,0.11326947848408264,0.1615789298171477,0.17019737207503194,0.29291250982989814,1,2,0.14868845883361087,0.00028484055760264154,0.00042232279432375693,-0.19441369005703868,0.0001679703855400528,0.0002568287279937161,-0.20917240149227587,0.6539916579253672,8.288952293227477e-05,0.00012139835292093312,-0.1884935407567709,0.6827332793671648,2.5828857078304925e-05,3.5961331231237815e-05,-0.16395539285708466,0.7180400667483476,5.37710716157155e-06,4.919913389283589e-06,0.04435751049802934,1.0907102695272597,1.0822421371981977e-06,1.1401922837438209e-06,-0.025958274967454585,0.9409227939484617,4.33091842074397e-05,4.888912351993797e-05,-0.06051449647027328,0.00013969744207068931,0.00025640639471826305,-0.2946348796943333,6.794054660392025e-05,7.451700133972512e-05,-0.04616107198255602,2.869490161443179e-06,4.626661298758192e-06,-0.23409747946491244,Normal
Train15.csv,15.933110741456234,57.359198669242446,5.966666666666667,537,0.175533620743792,0.4747295565424565,0.4364506209278285,2.9422760009765625,5.3066253662109375,6.02378302430691,0.2023040651335002,6.2910721971466,1.4131520130757216,9.455667033847202,12.588522950374927,1.28254508647527,15.6005859375,40.71649501408056,0.4067073739972358,2.33917236328125,4.3392181396484375,3.245887723092605,0.061903228759807,5.761050634083006,1.3619017151442092,7.9999270706239525,9.95278118289892,0.8931087193963931,5.96923828125,19.479670162985794,1.256162792263135,7.4604034423828125,8.710861206054688,36.83317419598619,4.763786996870056,6.5713605344640245,1.657344505535217,11.208860730258467,15.390972490227899,2.0569441952595406,16.1376953125,188.53615316297046,1.345322134881497,7.927703857421875,9.191513061523438,37.30969932905907,4.779455955918862,6.353089327108528,1.6709364930594717,11.281659765413817,15.984039088332363,2.703346764282344,14.75830078125,276.3617667546343,0.029743246930592715,0.03527600610663258,1.0731317849168798,0.38943636707887697,0.17899739574278342,0.6031036376953125,0.11419284918790198,2.777895301214305,0.2996757246201921,0.3474474965677282,0.30231225698961545,0.045135239578112774,0.25569621554933814,0.46583911369976333,-0.29124408288736064,0.3700673716494552,0.3818877836185471,-0.015719570148679026,0.5996869748378122,0.4278308898868761,0.16725362076740802,0.5503220707019433,0.6560297465828918,-0.08762590936581688,0.6266098687110278,0.44554725532575706,0.16887693756562608,0.29777819871254924,0.3134221418921501,-0.025595442090508187,0.8780417683718729,0.490602955049564,0.2830820912551655,0.1711879240248722,0.16463921997406278,0.019500221982735193,0.38743881332230884,0.2101428981504252,0.2830820912551655,0.29124408288736064,3,1,0.16749748748579835,0.0008162658595506543,0.0007376224913841122,0.050610694210580176,0.00031120836679617296,0.000355315830205433,-0.06617434425371836,0.8758394136903773,0.0002548986870382043,0.00018314832194486576,0.16379230013897927,1.3916849877830493,0.00020083397096353666,0.00015671475511274947,0.12339012484727957,1.28144383329267,4.210024119406469e-05,3.547415418388401e-05,0.08540489331523446,1.1864518730218327,4.763411302572944e-06,4.587862081796064e-06,0.01875270741157961,1.0360056952191596,0.0002226325196436435,0.00017468200327475745,0.12068350580699926,4.775055308701768e-05,3.521725882487449e-05,0.15104392334967023,0.00021687380073716006,0.00015577373587702642,0.1639576792549636,0.00024388719140511816,0.0003320243622704745,-0.15303676395310356,Normal
Train150.csv,12.995721610349776,46.784597797259195,4.866666666666666,438,0.05934119456780884,0.0,0.5834515101241777,3.4961700439453125,6.4495086669921875,5.591695972563931,0.23765653999852226,6.225265287477811,1.4079900215726686,8.873171667102438,11.177284468550427,1.5116065227635063,8.63037109375,24.087851276655567,0.5765129127872033,3.2352447509765625,5.792236328125,4.494716300648449,0.296745408572918,5.971623205076726,1.3741058852959436,8.340363229969629,10.40908884950675,1.4510342313197615,7.71484375,33.71908867170732,1.4076612987235553,7.4695587158203125,8.774948120117188,12.040159162017865,2.991574713121662,5.304851203856292,1.594104112875712,8.805575748347048,12.180519122377708,3.0246325922925617,16.44287109375,48.932652865591756,1.6015550517269994,8.188247680664062,9.414291381835938,13.744554454047698,3.083851428837267,5.045176086919453,1.5889068845615664,8.610553908909031,12.28471734519978,3.087288037062931,13.1103515625,94.45492963241875,0.006938597336974439,0.005981732836031305,1.0120354411197396,0.060572291443744763,0.02044537163535846,0.26092529296875,0.038762325681960155,1.0969796719154825,0.10875816307263914,0.4144828777408411,0.35997071007070724,0.05451216767013384,0.11084979176516799,0.11610365972927897,-0.023149538806393272,0.47371754232529867,0.5088427033950397,-0.03574860764543128,0.3953859212038177,0.42200768556449403,-0.032569087664189804,0.5036647609801767,0.5863483577950382,-0.07585559717777748,0.7265531016326445,0.6383821956228237,0.06459713185023376,1.1233501737952518,1.066060960503859,0.026166493872366185,0.6543512748763994,0.4990233591158035,0.13467255983966822,1.0265370726520848,1.0140642737004266,0.006112315329414856,0.15532791576059596,0.08268359681486159,0.13467255983966822,0.07585559717777748,0,0,0.062394508700588706,0.0015163765956454443,0.001342227512792148,0.06092102167602345,0.0009463694931645565,0.0008603437220771658,0.04761425013066057,1.0999772173702247,0.0003279765800679379,0.0002882361317021165,0.06449039869314442,1.137835148493442,0.00015677447122721403,0.00011958719143582076,0.13455532826002403,1.310854120778778,6.868007171573783e-05,5.910357892859329e-05,0.0749371564147373,1.1618324073847814,8.531726604623644e-06,7.2766076781195045e-06,0.07934583402206882,1.1708777227355094,0.00019420376506538664,0.00015169239817378253,0.12289855287201275,5.358015340169899e-05,6.760613267662205e-05,-0.11572944789627475,0.0005410402242943939,0.00040193868470620234,0.14751132092912414,0.000605274491030875,0.0006183043496330371,-0.010648886430749255,Side I
Train151.csv,10.384709049366261,37.38495257771854,3.888888888888889,350,0.2967059728390359,0.8307767239493007,0.18849325058749405,0.9967803955078125,1.7520904541015625,2.8060493440199346,0.2054887460079755,4.893538960794302,1.2907537548440122,6.500863338252168,7.890382601943143,0.46097520900295197,3.08837890625,27.743524691186312,0.18254834419017754,1.0540008544921875,1.9145965576171875,3.7856499234449625,0.1933138315004715,5.107523218671963,1.3041175216384862,6.892153638656112,8.43379585975601,0.5808898692024671,6.26220703125,28.62428832542417,1.3253613496801289,7.2818756103515625,8.588027954101562,25.79222629137858,3.929648919985252,5.915591388669141,1.6772711938958902,10.610828583934993,15.290469349267443,2.32056756335582,16.90673828125,222.71715301834564,1.533400958581203,8.370590209960938,9.865951538085938,27.10035321984929,4.15631308904365,5.8107686417201645,1.7702552172088168,11.55144253925687,16.973271848175564,2.7371149939828747,12.841796875,163.0605485079479,0.005944906397316513,0.01602220969499823,1.0325661462339077,-0.11991466019951513,-0.11509614973860435,-0.057220458984375,-0.027901785578231295,-0.979600579425028,-0.14861123637329718,0.1422202701254141,0.11904801674873242,0.02317225337668169,0.3178263865731326,0.22641336531216016,0.16796461350841027,0.15721388582102744,0.1485980696306019,0.028173574496019222,0.2409155809572519,0.3385235916105299,-0.16845255479743118,0.21256972985056527,0.2097668127385048,0.006636690797605849,0.16276152546822836,0.17862183272474827,-0.04645893366297335,0.11572795163686195,0.12726446269460595,-0.04747683426544589,0.19041796917195106,0.17610385748991284,0.0390539123464116,0.15548984873239968,0.12608529359145018,0.10442879955234918,0.09141302126097245,0.09760801065327801,0.16796461350841027,0.16845255479743118,1,1,0.09577968101591303,0.00011999917896471538,0.000133108199707325,-0.05179232945079575,4.4017619033962086e-05,5.569037039584163e-05,-0.11705762850439896,0.7902572051342815,3.292036974316515e-05,2.9145171153544472e-05,0.0608162012780913,1.129143422612456,1.9004593221451402e-05,2.4756033411817524e-05,-0.13139953966285234,0.7673652419601051,2.261750917401253e-05,2.169431736495605e-05,0.020829281668813714,1.0420742008929027,9.306029746329631e-07,1.1946473774231152e-06,-0.1236596928954481,0.7725106882510584,1.6675038530244488e-05,2.4326315307198757e-05,-0.18656484268433676,9.030214025396908e-06,8.154773634108868e-06,0.050912533851344574,5.3556139781124765e-05,5.988532429506591e-05,-0.055787596620971346,1.0863689121833898e-05,1.1473620914896567e-05,-0.027293298032746407,Normal
Train152.csv,16.496852089850403,59.38866752346145,6.177777777777778,556,0.14535564741834425,0.3560471674068424,0.3492542400370794,1.816558837890625,3.261566162109375,2.6380208590331025,0.22820549362107323,5.177375953364397,1.3113722071490357,6.937361408098344,8.465529981454686,0.7826503696171241,3.96728515625,12.866502886159688,0.3215946200089108,1.7124176025390625,3.1024932861328125,2.5230506814289804,0.09006469215616299,5.5546971725694885,1.3116297011403257,7.3762237758619005,8.946061069926346,0.6220264509179299,3.1494140625,16.93624442396198,1.3420913406492765,6.6577911376953125,7.9540252685546875,14.561888948225555,3.3968618879672454,4.88712466621903,1.6690130331749824,8.788908671636602,13.105063121187193,2.2895907583425803,12.95166015625,49.829203490721255,1.457606926653285,7.6995849609375,9.054183959960938,15.81769227298933,3.1935939418130506,5.406269198622978,1.65510214760496,9.504123454787186,13.719130734599823,2.513116257919631,11.6455078125,60.52520551028077,0.027659620028168574,0.04123077680114801,1.086007686221011,0.16062391869919423,0.11434937574788014,0.1041412353515625,0.02951032312467891,0.11497017760412209,0.02227641614343218,0.2602313470451302,0.22063192203743417,0.039599425007696004,0.2632574002701121,0.3058843945906677,-0.0748969658466448,0.4038923654069776,0.4138947812972332,-0.012231074807492304,0.492984988493763,0.5059354091634071,-0.012964416954917863,0.49265558070951876,0.4477252555841007,0.04777886034419426,0.2196762451202793,0.19596836595310593,0.0570388210629281,0.26081594216977433,0.28569240983913774,-0.045518914985893194,0.38947583441300593,0.25384003436045877,0.21083857017667293,0.3832420498504874,0.2129205892631402,0.28569629586922374,0.17032146058734718,0.04262699432055561,0.28569629586922374,0.0748969658466448,2,0,0.11918904252090702,0.0004177160897959315,0.0003965675089332644,0.025972008886919012,0.00025019277986995523,0.00019173667844473734,0.13227174067718783,1.3048089380179926,5.895262879963048e-05,5.527264518035807e-05,0.032214074436562073,1.0663858179596724,2.9434166366342865e-05,3.7328682851234276e-05,-0.11822943872242726,0.7883022141840197,7.228116561545419e-05,0.00010325152531227369,-0.176426369751676,0.6999815797497506,4.849490357026511e-06,6.675521914417311e-06,-0.15830339096485746,0.7253719932573398,9.526941710068897e-05,0.0001316476805893358,-0.1603081512034247,1.5639070917381126e-05,1.8918101311907655e-05,-0.09485966548771395,4.72582926234523e-05,4.271785154084174e-05,0.05045711342315944,0.00020275717363879472,0.00016129342369912197,0.11389244055210564,Normal
Train153.csv,4.717624968140672,16.98344988530642,1.7666666666666666,159,0.05139098198663605,0.11868238913561413,0.26351561516776384,1.6941070556640625,3.0582427978515625,9.498965359327688,0.5093104087595238,6.114192775684901,1.4774281150112913,9.63438314783394,12.867990010290647,0.629538259971373,6.298828125,37.781606608714675,0.24195499198812204,1.62811279296875,2.919769287109375,9.505085117916458,0.35457534149359693,6.53338061230033,1.5119682740413518,10.462465428562925,14.131557001625733,0.45809673755581576,4.79736328125,40.867367326296126,1.3968962278216417,7.2788238525390625,8.578872680664062,18.169622497230147,3.4764162975051427,5.114990156709446,1.7070614759380511,9.374164702636099,14.760623308038628,2.3404036060692337,12.890625,105.95432938518023,1.4727940345101915,7.9471588134765625,9.23614501953125,22.096483797484883,3.6771703047310234,5.650157034198674,1.5933747041316384,9.239795740332738,12.71453880835604,2.52134908701771,13.9404296875,103.12936816506611,0.021560623179641802,0.04265455290152416,1.0891100122026005,0.17144152241555727,0.15762780825282655,0.0659942626953125,0.01986450792045744,-0.006119758588770452,-0.00032202390710749486,0.18864365729747926,0.16428297825483756,0.024360679042641692,0.43734549450841564,0.3368910463736628,0.12974645542154564,0.39238040841687216,0.28118840841242837,0.16507889851117272,0.3908064039539745,0.2653215301648378,0.19125061645966687,0.2274357311413761,0.26862762847775334,-0.08303757112322928,0.2314005699851526,0.1919278220305252,0.09324379788050591,0.23155832549436622,0.22381834804358955,0.01699686815460666,0.21665168746343452,0.2377065701353815,-0.046339825141110375,0.1418238112451435,0.21951191060145833,-0.21500253783175757,0.1254848737891367,0.07768809935631482,0.19125061645966687,0.21500253783175757,2,1,0.1308529610063875,0.00033194757649008047,0.00026598125087333934,0.11032471190195174,0.00021667533570466897,0.00015705825505373005,0.15951331909120953,1.3794979490320847,8.509810931353318e-05,7.720474898565337e-05,0.04863053001833171,1.1020965609736626,2.1963639596463194e-05,2.1354407455556483e-05,0.01406091855871709,1.0280481516818694,5.150270995523212e-06,5.851409768843029e-06,-0.06367227567917698,0.878674448406601,9.589047666802119e-07,9.497204755805795e-07,0.004786912471145319,0.9991500557494368,7.350074502606275e-05,6.782131936273613e-05,0.040184976338439,0.00015593247804086024,8.536854597905548e-05,0.2924190154527753,6.282892895731183e-05,6.960082092979444e-05,-0.051131869233029134,7.863402266942197e-06,1.0921984123515392e-05,-0.16273045911554318,Normal
Train154.csv,15.339698795778162,55.222915664801384,5.7444444444444445,517,0.09840623849644604,-0.23736477827122826,0.4686826163941368,3.170013427734375,5.693817138671875,6.433092925908766,0.25805189477642565,6.671953252470853,1.3856151006519233,9.549673828759046,11.963434950692337,1.2111973022358768,10.77880859375,24.342996099681592,0.4098054218454442,2.79693603515625,5.0174713134765625,5.365976867071392,0.1799252658404939,6.738449344323734,1.3675547102729277,9.446595798761855,11.735074048189556,1.0275962794807298,9.4970703125,21.54452040500289,1.3020487866705226,7.1743011474609375,8.440017700195312,27.533567750814502,3.9691923953931685,5.329263717564695,1.6336140295825028,9.182004151437475,13.185801756167718,2.3472324566426765,16.259765625,302.0288129023757,1.3305020844601583,7.154083251953125,8.39691162109375,29.021765765330898,4.0681054570232975,5.45541242838798,1.5383016317375637,8.623701975117413,11.555239693082605,2.787524517875239,13.04931640625,250.53271825059275,0.05887719454869256,0.06702105357799425,1.1436710691792338,0.183601022755147,0.08200891026062387,0.373077392578125,0.06252397381159516,1.0671160588373736,0.09044069377128745,0.35995779696783115,0.30800809976305965,0.051949697204771494,0.7562116398422106,0.47111563987547955,0.23229011719629314,0.30368079866959363,0.2302752911312701,0.13747479908123486,0.39496468350665015,0.4576141194506511,-0.0734822810417863,0.4052164014643938,0.3515775783272298,0.07087638625662575,0.42550569769633984,0.48730488626174084,-0.06770209392227872,0.48160569264626346,0.40284796018607216,0.08904675933839312,0.8835840883241136,0.5966410179531496,0.19385096713709338,0.2968329035878395,0.41214989738650504,-0.16265132527005433,0.286943070370964,0.11531699379866556,0.23229011719629314,0.16265132527005433,2,1,0.13124824575230593,0.0011057822813502224,0.0006342052873547115,0.27102319722117546,0.0005460370751141037,0.00026819894282856076,0.3412213583648217,2.0358645366389996,0.0003552257465003277,0.00017234682461052508,0.34663563943126746,2.0609903164730015,0.00010997635363678845,9.876901243338546e-05,0.053686482002266715,1.113357492928513,8.644784786059648e-05,8.856833431034996e-05,-0.01211525283504399,0.9759479960157194,5.545202196608765e-06,4.394642851159149e-06,0.11563590587852675,1.2589447962050908,0.000173926410432971,0.00016699862984216447,0.020319943016757085,6.257108420505835e-05,5.077868374453406e-05,0.1040263285098467,0.00040711640790123385,0.00015646490085502676,0.44473983745304285,0.0004242297850041426,0.00023341350631824793,0.2901472268194792,Normal
Train155.csv,0.0,0.0,0.0,0,0.0,0.0,0.07014469231651696,0.201416015625,0.3025054931640625,12.578700165426579,1.5114080278064015,3.239755004228022,1.0712625843741566,3.5885521748038,3.7689784108447943,0.12966349735816035,0.341796875,77.09081203190094,0.05325708755989007,0.205230712890625,0.330352783203125,12.971140221356213,1.5520973484365468,4.38962417109636,1.1886968785938081,5.558445720164695,6.594134893673392,0.12755424794667897,0.32958984375,88.71186840801097,1.3142326990642608,6.8935394287109375,8.049392700195312,21.61797408927783,3.9193016926957447,5.447357954796997,1.6901239979057663,9.649934017457515,14.46580068955624,3.0750582783495357,17.041015625,135.47744609020947,1.4189451705037701,7.3795318603515625,8.603286743164062,21.41991445556029,3.8414994238046605,5.038239856713261,1.6516815807219165,8.829988052978461,13.484125202013967,2.542851566948927,12.29248046875,132.1339118474793,0.016887604756626887,0.1368505657295624,1.3170956648104226,0.0021092494114813842,0.008200248108773152,-0.003814697265625,-0.00938086280871136,-0.3924400559296348,-0.015359785025469296,0.05337311408605884,0.03753287180621181,0.015840242279847032,0.0779334342266196,0.07259387138051113,0.03547238469358264,0.06587961281907297,0.06676936447523546,-0.006707564635894286,0.0871028564135301,0.041594776083587366,0.3536046150259669,0.09287162403552972,0.05238320728127637,0.2787405664913202,0.05494418530804312,0.06845470321114204,-0.10948653565978474,0.0493893225937719,0.04146327105148219,0.08724077488453737,0.08987963001464312,0.06741326791010106,0.1428313736515759,0.08182269788179017,0.05454866633974621,0.19999821588464067,0.04550808032994274,0.013510517903098922,0.3536046150259669,0.10948653565978474,3,0,0.1429898613360719,2.5027111601449528e-06,2.7981083108361213e-06,-0.055726695147476225,1.9457871859051267e-07,2.630675718348115e-07,-0.14645439223308762,0.7125661874937695,7.280467734427847e-07,7.598898010044443e-07,-0.02125792780873272,0.9456506275221874,9.026576405413456e-07,9.524315680650536e-07,-0.02668715646094984,0.9378928024525607,1.581091217430399e-07,1.9424173122058456e-07,-0.09971719172735583,0.7741274067652675,2.3550341476390202e-07,3.192382375564665e-07,-0.14827102348219062,0.7152978843276417,4.184062423789144e-08,6.355623398385038e-08,-0.18818198415966508,2.6931667692034837e-08,3.048718126232972e-08,-0.05273767834128389,3.937342018637355e-08,3.738987290712185e-08,0.022861595134641154,0.0,0.0,0.0,Normal
Train156.csv,2.0176006153054447,7.263362215099601,0.7555555555555555,68,0.08392112216521354,-0.2373647782712287,0.18533598572057597,0.7946014404296875,1.4072418212890625,1.6283806665369158,0.20714538346513336,4.277608170123367,1.283985988565644,5.608874250122957,6.8020714663129525,0.32891894970657165,1.74560546875,12.937005805788965,0.18118226946908678,0.878143310546875,1.587677001953125,2.3457951824696757,0.15166840005999832,4.7922253829071835,1.3081170418140926,6.334660281220695,7.7340425096065175,0.3695744785565528,1.953125,9.644655965741821,1.1490934588065453,6.346893310546875,7.4085235595703125,23.265820713917655,3.669884959285466,5.923609629718842,1.5150169366305253,9.509285149902455,12.414385086407588,2.9801177796868026,17.7734375,104.19177308168457,1.2615824098783757,6.4693450927734375,7.60040283203125,20.434165507775653,3.3129413595134927,5.0548051715496705,1.5020638615530073,7.941369109665932,10.312292704335157,2.531394586436758,11.669921875,99.05013720382445,0.004153716251489192,0.011332903830426467,1.0229255656991438,-0.04065552884998114,-0.05820459666890397,-0.0835418701171875,-0.04994298715867151,-0.7174145159327598,-0.18051906643912055,0.16128886879242899,0.14361508738093692,0.017673781411492062,0.13811723173744836,0.09217284700353552,0.1995065657627509,0.23315365776254027,0.1721248652811569,0.15058481391315945,0.1788803090108056,0.2021266262063337,-0.06101284369574897,0.23867723518258757,0.22247778281987574,0.035127996831957574,0.19122245294109197,0.27333327759450443,-0.17675128620463307,0.23550047061502608,0.1705075179858903,0.160078010416293,0.18550390448663934,0.19171044447488922,-0.016453615406731844,0.14714882516670655,0.1909893809663276,-0.12965276832942418,0.06499295262913576,0.08211082465341246,0.1995065657627509,0.17675128620463307,3,1,0.1313984485176743,0.00010174072856415558,0.00011014094872118635,-0.039645807342360076,4.5204308210819466e-05,5.491901725670745e-05,-0.09701774110197159,0.8229586194772037,4.4492025740186045e-05,4.3950338030240224e-05,0.006124061436636616,1.0120947138663965,1.0787043183516477e-05,9.914689683783557e-06,0.04211880798782432,1.086889719196154,4.442430740015671e-07,4.847590919280979e-07,-0.04314794938350074,0.8978977471042167,3.058206796130846e-07,3.282914338047156e-07,-0.03488640210847181,0.9040154406913676,4.647655977895718e-05,5.20130440476933e-05,-0.0562081881921046,9.849603228732434e-06,1.4050554956081407e-05,-0.17569736238788836,1.2693461093925074e-06,1.1926432139117348e-06,0.031028813416655806,1.525143347308608e-07,1.6522855893777028e-07,-0.03879328721544875,Normal
Train157.csv,0.0,0.0,0.0,0,0.0,0.0,0.07095945735304315,0.21209716796875,0.318145751953125,14.71948444738334,1.775419339619031,3.4156150845549575,1.086119229545221,3.9075984321609396,4.210084111390743,0.12631434613765777,0.37841796875,82.61803993366357,0.052567920578986405,0.19683837890625,0.32196044921875,13.966344462325754,1.71366305028165,4.119236245164457,1.189825619963263,5.263515314855051,6.321963956587911,0.13615415342904275,0.35400390625,85.73730331575116,1.2007456055573729,6.731414794921875,7.920074462890625,26.719020979184712,4.500242972487277,6.070558515938251,1.6836730128391544,10.751805654921984,15.199240908929402,2.0070337908035656,12.92724609375,144.39192630501773,1.2951556032089355,7.1147918701171875,8.231735229492188,26.536031097507532,4.487701167426167,5.990466920828077,1.696714127777708,11.190168265279373,15.465218491812177,2.080021881632607,11.865234375,135.86854834599546,0.01839153677405675,0.14888630838836014,1.3498621035960774,-0.009839807291384978,-0.03748947752867249,0.0152587890625,0.03731343192336826,0.7531399850575866,0.026254775037723548,0.05909616194609593,0.04058811160825823,0.0185080503378377,0.07695415031408422,0.06687255832635491,0.07009540426861068,0.06263988457135336,0.06002338276654178,0.021330767134193032,0.08725589865335137,0.03881264890497856,0.3842611566802363,0.08851200429677643,0.048565348209038836,0.2914168711558258,0.060443266543191564,0.07346698595149688,-0.0972570672753472,0.05442720866455055,0.047823099507280274,0.06458766364102775,0.09261931617636357,0.07174287344600373,0.12701486581662208,0.08136588415602812,0.05358337513233332,0.20587372699535525,0.04844324974837281,0.013023719408305316,0.3842611566802363,0.0972570672753472,3,0,0.14478374639266392,2.3967679268106795e-06,2.646441217871009e-06,-0.04950682866754046,2.0362169689172614e-07,1.753170274147093e-07,0.07277410992564548,1.0987748925847702,7.232378039827953e-07,7.076753935788001e-07,0.01080038022438197,1.0077505937276983,7.411382339311339e-07,9.318635241567843e-07,-0.11332447474228195,0.7868849519304271,1.86849761253828e-07,1.959087677959935e-07,-0.023065079106191412,0.9074395580811379,2.4432374835879754e-07,2.950884730440714e-07,-0.09239824435585219,0.8008291690637026,3.5028508862211365e-08,3.673643688775992e-08,-0.02088826709151401,3.644923194001909e-08,4.150463645020297e-08,-0.05747790975781458,4.364810970424991e-08,5.240201006855223e-08,-0.08254493614016047,0.0,0.0,0.0,Normal
Train158.csv,9.939650090107707,35.782740324387746,3.7222222222222223,335,0.05139098198663605,0.0,0.45352403406830777,3.0498504638671875,5.5816650390625,8.082814714770441,0.36677170078621,6.389151000442494,1.505195431768767,10.055622415960695,13.274030042641344,0.9254251753032179,7.38525390625,27.811750509257493,0.4899022507312552,3.2306671142578125,5.7514190673828125,7.510535971961762,0.4208215932702194,6.344788743689703,1.4850033936649325,9.803440421635408,12.763288529981589,0.9740526906713721,7.70263671875,62.04906568453984,1.473368214559637,8.135604858398438,9.608840942382812,11.455553011015073,3.1454135994031094,5.6490433036309815,1.7289578634103329,10.02836598356913,14.531501644994805,2.998138935775607,17.73681640625,25.080321350556865,1.6720858958993992,9.47113037109375,10.970687866210938,13.680082868805659,3.352824976781773,5.791535412422899,1.6837792034372774,9.837080180994802,13.729213520451086,2.803043744494728,15.56396484375,54.57641666353193,-0.03637821666294744,-0.038559680669782714,0.9257439093899112,-0.04862751536815424,-0.025600464202934867,-0.180816650390625,-0.02879008741771654,0.5722787428086793,0.036700177783380965,0.30781445297142734,0.2929886849729419,0.01482576799848545,0.3937327547686811,0.32146586970932667,0.10104449529898621,0.2774331727731331,0.28671198870718934,-0.016447567759391633,0.4050154772718075,0.6753417443611985,-0.25021933410005637,0.6858578788887876,0.6945026213728289,-0.006262670092179707,0.6038924987974329,0.38753435074924053,0.21822905639970397,0.5435989276894884,0.6110225315871816,-0.05839455240680024,0.5762069788438583,0.5534887793255633,0.020110015597480706,0.2932963574074528,0.6083003128792195,-0.3493845555993039,0.21635814804819237,0.3150039554717667,0.21822905639970397,0.3493845555993039,1,2,0.17032117450182796,0.0006930853610587699,0.0010241398657970275,-0.19278455706384615,0.0004656521785223983,0.0007824273863522202,-0.25380807335060507,0.595130277060638,0.00011929025492592411,0.00013161677505928233,-0.049125880910056076,0.9062765145784202,7.239677771357117e-05,6.935576819623045e-05,0.021451431320058285,1.043696041954963,2.3587878616039664e-05,2.2188472280439327e-05,0.030563831976134898,1.0625901781909848,6.655971529038262e-06,1.1240797307460201e-05,-0.25603869800770085,0.5915999859516452,7.943084838920725e-05,6.86228641171539e-05,0.0729954969323697,4.779038788444352e-05,5.065899673208535e-05,-0.02913494593546611,0.0003492687996380982,0.0005057503310729804,-0.18301309957094145,0.00016283640747010185,0.0003325989118547057,-0.34264629771042354,Normal
Train159.csv,11.749556524425827,42.29840348793298,4.4,396,0.1876533339094823,0.4747295565424583,0.23386182425489413,0.87432861328125,1.596832275390625,0.6754305190052681,0.07911144737401592,3.801817721929349,1.2444949755937291,4.755034049524607,5.627273333880496,0.4142891065835655,1.55029296875,13.838126464382647,0.21442103762450082,0.9731292724609375,1.7566680908203125,1.0092911105333005,0.04898834237331812,4.634355451337104,1.2709609843473872,5.934529323481527,7.105752435144131,0.40929334787158567,1.91650390625,9.235254140774368,1.1382155807280472,6.21185302734375,7.196044921875,34.892024083065124,4.518721323085475,5.67190526510182,1.591039419764156,9.716564568165511,13.426803020167352,2.412347292267117,15.6494140625,272.0790614441123,1.3518318346859288,7.5382232666015625,8.610153198242188,35.7943879560551,4.493311426713122,5.460772600717281,1.6180522918232563,9.39871467789957,13.12580514182461,2.1597216239610137,12.75634765625,263.3206526403796,0.01944078663039331,0.04336723049196405,1.090666363427337,0.004995758711979825,0.006065887664673406,-0.0988006591796875,-0.05347924811027743,-0.3338605915280324,-0.19816958700635795,0.2054635573084243,0.15861516982855015,0.04684838747987416,0.22586413977184658,0.1782659713155957,0.11777931406887628,0.2943464058354157,0.21625839408668696,0.15293238573416842,0.2726772570783576,0.3083711557720821,-0.061430161910812006,0.30683034749709076,0.29725671997968367,0.015848091896611,0.18852497131411683,0.19557415601606024,-0.01835251375710284,0.24909396201399764,0.1726002563543173,0.18139614088545084,0.1880529713484423,0.1903216422285751,-0.005995832539417161,0.22236250859236473,0.18015870217526211,0.10484864956092993,0.07808801174872876,0.03569389869372447,0.18139614088545084,0.061430161910812006,2,0,0.08359603210002206,0.0001760442197519546,0.00015426698918966772,0.06592943252536031,5.2701462433460796e-05,8.096661913072745e-05,-0.2114419683955037,0.6508232005633668,2.2981102245049608e-05,2.4030180725248374e-05,-0.02231071578505077,0.955945485921973,8.503741273261895e-05,3.672944487010871e-05,0.3966925145999842,2.31460799239799,1.361041603780882e-05,1.0827749961924912e-05,0.11381901104214583,1.2558341063066425,1.2240324397922218e-06,1.1064886238292114e-06,0.050221216886267864,1.0963232528014197,8.495235403718601e-05,3.653501786666358e-05,0.3985052138316117,3.87460586468985e-06,4.6148099494421044e-06,-0.08708881891876841,4.708452766374922e-05,6.287236663545618e-05,-0.14356901749675985,2.2194723728185316e-05,3.447641789131846e-05,-0.21668043042568247,Normal
Train16.csv,2.314306588144481,8.331503717320132,0.8666666666666667,78,0.1027819639732723,-0.2373647782712287,0.23269256430933763,0.9731292724609375,1.7627716064453125,1.6606912232886346,0.07749432090356222,4.1851421832175415,1.2796916727944185,5.463533563824947,6.591662502319519,0.45404739877224326,2.03857421875,13.838661145368505,0.2257313617120429,1.0684967041015625,1.970672607421875,2.781238668434067,0.20954929588699203,4.744900963811461,1.3306628784203811,6.473236903164869,8.009183947135257,0.4932556369476795,2.5146484375,17.620672261481896,1.229036022516036,7.39288330078125,8.622360229492188,72.86966201471768,5.501065163647712,7.663542288974048,1.6787605640167351,14.420163746174243,19.09204303838772,2.509596172505022,17.431640625,918.7016780366398,1.3464784045446327,7.342529296875,8.546829223632812,61.27576233831237,5.140388677323781,5.7687720912060065,1.7190985420612126,10.729661267483058,15.307431405954592,2.314300889428721,11.63330078125,841.4261406369566,0.006961202597294741,0.015185076629528518,1.030838392308956,-0.03920823817543623,-0.041389329795344536,-0.095367431640625,-0.0467115094871984,-1.1205474451454323,-0.2522659001689454,0.18932932652346918,0.1676457336959117,0.02168359282755747,0.18164083009113505,0.1158199303863552,0.2212759000090088,0.3044348427224452,0.25355367389688516,0.0911867653154669,0.2549533819379784,0.31053803989150186,-0.09829442998578378,0.32707526114499375,0.23560419413232797,0.16256336450377376,0.24188251673430627,0.31179588983925427,-0.1262707214371963,0.2948841803505478,0.24258464122626253,0.09730711075998663,0.19090261178070927,0.21788620701876132,-0.06600864147216881,0.14235785204043766,0.23322923664252687,-0.2419449041799871,0.09147106701266577,0.09087138460208921,0.2212759000090088,0.2419449041799871,2,1,0.15061374028614988,0.0001523624077739265,0.00016956089895616441,-0.05342418775742005,6.085658877622238e-05,7.77288781460157e-05,-0.12173767111199875,0.7828333805115687,7.22759467615014e-05,7.003827178893588e-05,0.015722376664745425,1.0318019976178396,1.637526457978436e-05,1.835389072421971e-05,-0.05695665675000713,0.8917099772428618,1.638325304514444e-06,1.913401319542466e-06,-0.07723108594861856,0.8517854739249969,4.784641213888468e-07,5.317672637560539e-07,-0.052246130773203524,0.8831543605489772,6.500094197421602e-05,8.297497185810876e-05,-0.12145770782115242,1.6685630145657616e-05,1.5075834940367162e-05,0.050667956322812104,2.424332738693026e-06,3.1941017934835513e-06,-0.1367643259222289,2.739422999810661e-07,4.43618965460027e-07,-0.23321289015584448,Normal
Train160.csv,10.147344271095031,36.530439375942116,3.8,342,0.13269094491965866,-0.35604716740684417,0.4221259029268267,3.1970977783203125,5.670928955078125,8.928915970215652,0.40272354972068813,6.793547280910856,1.4701096955113526,10.42900950784935,13.511823176124295,1.2684266199743492,10.791015625,50.017252610352514,0.4152811087090432,2.996826171875,5.3966522216796875,7.375352219398158,0.25309496661766423,6.7024029976548665,1.465775283046732,10.079349118960303,12.957120825890787,0.914805566722223,9.75341796875,31.01916121779614,1.4198866372371792,7.6297760009765625,9.088897705078125,15.99200257150375,3.365690206985657,5.682810452326489,1.659418696374988,9.912902002969968,14.051405741053578,3.104516030766309,17.431640625,102.39048326022616,1.60057280519792,8.9874267578125,10.504150390625,17.78538832481877,3.383965385169194,5.973655756188296,1.5904423592869787,9.679595774877907,13.025811425492448,2.871315990332368,20.80078125,116.22997357899578,0.006844794217783501,0.008173796064442155,1.0164822909335764,0.3536210532521262,0.16197134404081567,0.2002716064453125,0.03233355910281426,1.553563750817494,0.09528570873572188,0.29729549450176246,0.2594578045845989,0.037837689917163575,0.2089752034821919,0.21898226668574244,-0.023383311817855565,0.22846507467006824,0.26257704444306534,-0.06946851960463434,0.483051237012284,0.4763253864999828,0.007010646577536413,0.4671551155744111,0.6988194620225593,-0.1986873032332546,0.537284253867898,0.44627475506910064,0.09253079586129741,0.8958632180954932,0.43276911149667724,0.34854947663020514,0.3215112410730005,0.4666394562820777,-0.1841376450655064,0.3829487295454547,0.41822484005471144,-0.04403054644770191,0.46309410659881595,0.2316643464481482,0.34854947663020514,0.1986873032332546,1,2,0.16207690365652813,0.0009125474470555177,0.0005244656726756523,0.27006139961510306,0.0006949437226658594,0.0003000798571299832,0.3968347134745874,2.3157854427743825,0.00011541825858037795,0.0001347818578681398,-0.0773893540461464,0.856270255531947,6.308283971182541e-05,5.4355097649695056e-05,0.07431158229084261,1.1603554934878197,2.688677968141124e-05,2.6591005855208106e-05,0.00552974521632866,1.010742970689102,7.532126095304016e-06,5.1828231123772614e-06,0.18462179648690646,1.4504877081892027,6.242703012459473e-05,5.5649182235006425e-05,0.0573974535566279,5.1012918926462015e-05,5.39012034062508e-05,-0.027527363732717972,0.0005419359906761681,0.00025237086360729074,0.36454611973466133,0.00019718831565656138,0.00010811491574766146,0.2917443161543503,Normal
Train161.csv,0.0,0.0,0.0,0,0.0,0.0,0.07010770579908665,0.2178192138671875,0.337982177734375,12.22815625369346,1.3214923275247021,3.3802377715629524,1.0719665607902633,3.7552819164017937,3.962309787869292,0.12744748623547544,0.4150390625,34.66998832981591,0.05257776559541463,0.1983642578125,0.3360748291015625,11.385384391728852,1.2752772331781086,4.1178918464783685,1.174961418735284,5.167683827510622,6.248953665132209,0.1351038792748533,0.37841796875,36.72575477519391,1.3525257362937095,7.375335693359375,8.740997314453125,18.28302824010027,3.7646720057568515,5.445833072953134,1.7238096364183684,9.906618893184973,15.54228316167979,2.6985798147165423,16.19873046875,61.42786729865557,1.4569435278851894,8.006668090820312,9.477996826171875,17.507035802725284,3.669049078231308,5.5366679050010905,1.6622127267311224,9.517789740510716,13.119443142667997,2.0503238821912904,12.4267578125,64.13049175979306,0.017529940203672018,0.14288520535941512,1.333409506301001,-0.007656393039377846,-0.029161504198924465,0.0194549560546875,0.04674610336808336,0.8427718619646072,0.03569019463292913,0.0518346552671555,0.03608771666727272,0.015746938599882777,0.08130863348222028,0.0753350384017807,0.03813492512812102,0.06219742968851026,0.06434547219326897,-0.016974814889398827,0.08521192025855756,0.0325578938702451,0.4470926808103724,0.08886324695611818,0.04643443815269517,0.3135959468437329,0.061581992485985136,0.07231370512107338,-0.08014978842027125,0.0463667977372124,0.04218333011788203,0.04724405540933539,0.09242308869778208,0.0709379511663399,0.1315193404383283,0.08197744057876803,0.05558624181711047,0.1918471240631533,0.05265402638831246,0.010731712635088243,0.4470926808103724,0.08014978842027125,3,0,0.16545558145462094,2.1607507020542857e-06,2.9999650785368586e-06,-0.1626158874392504,1.3887987773806895e-07,1.8562574570620776e-07,-0.1397461348685695,0.709926381298706,5.016220918797666e-07,9.731293862113298e-07,-0.31756647579685654,0.5102299848983863,7.926111896634654e-07,1.0178707727305717e-06,-0.12373623453586828,0.7711194935116876,1.7325822256002376e-07,1.7820929096359543e-07,-0.013697132434691532,0.9205614753287413,2.765827406321423e-07,3.147138220700228e-07,-0.06341476702697806,0.8517738446394152,4.16322475028239e-08,5.8539427778113337e-08,-0.15346213291371136,2.4729246720960704e-08,2.352862918099407e-08,0.02060867344335068,2.0234535825069422e-08,2.7281278265348758e-08,-0.12251834650556193,0.0,0.0,0.0,Normal
Train162.csv,0.0,0.0,0.0,0,0.0,0.0,0.07162575898238885,0.23040771484375,0.3498077392578125,13.041859067340951,1.6965535662673359,3.725194446221667,1.0944619714821209,4.318363252546533,4.697742564064239,0.12883710451680702,0.439453125,48.41005088748035,0.05530686685202022,0.2262115478515625,0.372314453125,13.766135495658956,1.6748351255730185,4.577147181419445,1.2341677735716714,6.0825253739375995,7.535540544732605,0.1350142355760093,0.3662109375,52.48939734927357,1.420876403988227,7.6099395751953125,8.88824462890625,24.881769132589497,4.188526467829296,5.5032686291577,1.7043261359925392,9.628788720805328,14.232996896473384,2.837027865571339,17.02880859375,122.52373232486828,1.5263604964974582,8.400726318359375,9.92584228515625,25.34101573440707,4.2489043054054205,5.715757303118373,1.7005491445034546,10.385404663906268,14.714585565639158,2.7932832580830613,12.39013671875,135.47993878379646,0.016318892130368627,0.12856340706307842,1.2950606336718602,-0.006177131059202284,-0.023411405918633065,0.0041961669921875,0.009189640567334241,-0.7242764283180048,-0.02701718050359019,0.050409562912895486,0.036234471880390154,0.014175091032505333,0.08027984055276374,0.07069997517013384,0.06345129448097532,0.06708402316901727,0.06495548755312429,0.016120443366135644,0.08659985356070711,0.04446259275420828,0.3215051967685688,0.0895163333576479,0.04093966944238674,0.37236048283738643,0.061065086655508034,0.07612292844556365,-0.10976061342789886,0.04892275224092269,0.047767019519159286,0.011952997521818233,0.08946917027658875,0.0686895841953956,0.13138434756092174,0.08454536880648927,0.05834434198202806,0.18336537211966294,0.04857666391526116,0.015057841790055614,0.37236048283738643,0.10976061342789886,3,0,0.15279577038148331,2.693482262692364e-06,3.3119300262439407e-06,-0.10298173277643825,1.7099299473317637e-07,2.386691554692192e-07,-0.16126343703715912,0.6876325067760253,9.216409692245044e-07,1.2874491108683714e-06,-0.16484600824701842,0.7103484533645086,8.04273626120195e-07,9.379738786543619e-07,-0.07630215033541661,0.8484132782876384,1.8958478985008675e-07,1.8999413597298893e-07,-0.0010507399034414852,0.9479517433235739,3.044299110079789e-07,3.2977537968608737e-07,-0.0393437760357436,0.8959740146247103,4.862276801525317e-08,7.086538234961347e-08,-0.17177335742062833,2.4743629513817998e-08,3.645764549472358e-08,-0.16451975023621873,2.8002221732135928e-08,3.5811826075926724e-08,-0.10580105787042014,0.0,0.0,0.0,Normal
Train163.csv,12.906709818498065,46.46415534659304,4.833333333333333,435,0.1293311351550282,-0.35604716740684417,0.4608142066270161,2.5299072265625,4.6199798583984375,2.3266904764912884,0.18644122012182454,5.073822834288887,1.3143976457536346,6.77500924205047,8.285667428237076,1.6312800795606326,11.03515625,13.559317910643689,0.4328406189521832,2.6336669921875,4.6901702880859375,4.448890656150931,0.24800792652363754,5.734739657252977,1.3831951748385931,8.188980799989292,10.347171457341968,1.1654192551161429,7.958984375,20.920748015496727,1.2712325343666144,6.8393707275390625,7.927703857421875,18.746465039915226,3.3886887143919355,5.140887143129245,1.4830957733857757,8.00282180880897,11.056536870879768,2.9115623968471778,17.22412109375,86.90342888309125,1.3907578330908943,6.9580078125,8.058929443359375,20.843438546419733,3.425142271662783,5.053461136604918,1.572072124268542,8.52979911926393,11.957460644825872,2.3550794827002877,12.43896484375,146.75229881465071,0.027973587674832934,0.031302452089013284,1.0646278925861261,0.46586082444448973,0.1665752256606371,-0.103759765625,-0.020094562608838143,-2.122200179659643,-0.3132130122837058,0.36249402886126914,0.3112264447060138,0.05126758415525534,0.15763477383319943,0.19780720122112033,-0.11302105287809944,0.4074427673381477,0.42433079562354814,-0.02030363651163769,0.2654899295825032,0.31565254416998684,-0.08631723886985344,0.3985099726569429,0.484237416785561,-0.09711435477777558,0.7220467600490817,0.4765397949750957,0.20483039960408184,0.6186550775601531,0.8195416370748181,-0.13967947226805982,0.4454628707246222,0.2870056133522965,0.21633320566506936,1.0760796173345248,0.6911055751628029,0.21784589505824817,0.38497404217172193,0.20088655951466494,0.21784589505824817,0.13967947226805982,3,0,0.15067512675246755,0.0011973086435817207,0.0007402011705601338,0.23592524264143921,0.0007207076192353231,0.00042368000010687795,0.2595493158218701,1.701025794929125,0.00021506965471202125,0.00014703536649494922,0.18788032595363213,1.4626074920858425,0.00020327027259262309,0.00011659322629433695,0.27097288959507365,1.7432645652489573,4.783177961046704e-05,4.581326210915542e-05,0.02155268380910563,1.0438318314511772,6.513291796277204e-06,4.383497422897785e-06,0.19527235106323254,1.482484492270689,0.00021955509624346558,0.00013413514847162694,0.24150378476736675,6.228662483572059e-05,4.6824224163528855e-05,0.1416997834419167,0.0004701459121531922,0.00025782286223893704,0.29166104477640487,0.0003991432960818111,0.00025984533595393625,0.2113782234988291,Side I
Train164.csv,18.514452705155847,66.65202973856105,6.933333333333334,624,0.08392112216521339,0.23736477827122826,0.7555630189218068,4.0767669677734375,7.4062347412109375,1.7352608116261996,-0.01015867429013163,5.3911859683736,1.3288255101491666,7.216802406138386,8.830647097408088,1.6617761943664267,7.6416015625,5.234180371142921,0.8274467904544764,4.21905517578125,7.7266693115234375,1.7023710604977413,0.010342650429409128,5.155829301944976,1.3253376907763674,6.911388014890912,8.454725226661514,1.5862927156473134,9.11865234375,6.152821702755125,1.2406135650614165,7.0568084716796875,8.108901977539062,16.216758707649383,3.0451241665625943,5.976743733281383,1.5454002782232186,9.702796184369767,13.176376861586,3.304016162327659,18.26171875,79.73623125372436,1.6225780361006397,8.271026611328125,9.406661987304688,13.788234177405213,2.7225982672143862,5.182816584874846,1.508748582041937,8.540149272570613,12.482909987346012,4.232663422765431,18.78662109375,51.053865318503185,-0.07188377153266967,-0.045409555046848904,0.9131257967361921,0.0754834787191132,0.023239494166519686,-0.1422882080078125,-0.01715179103096409,0.03288975112845827,0.009567560534764803,0.6090236590264642,0.5099580833371848,0.09906557568927932,0.39366380773728094,0.8566935211111147,-0.37031790751937643,0.5583426371257091,1.3045201993797018,-0.4005542134536448,0.9580918177055116,0.651364879804238,0.19057793631234754,0.6496406303360069,1.0730422912433097,-0.24578037730897917,1.1226912607163877,0.9159218652725512,0.101426500101272,0.6869518820617877,0.7195579067225433,-0.023182223606929356,0.9080912757008073,0.5619442896822577,0.2354684415908437,1.0381635670959115,0.7021807104766283,0.19305539657783313,0.34614698601854954,0.7461775622539927,0.2354684415908437,0.4005542134536448,3,3,0.24624756898799194,0.0020695301375864205,0.002851206225536065,-0.15885347847687306,0.000580952288821351,0.0016177362056085417,-0.4715443792833549,0.35911213193222496,0.0006706730771256149,0.00046656413589918377,0.1794763169245774,1.4374416100735863,0.0005533282451284424,0.0005068312082139709,0.043858117933769425,1.091719134437163,0.00022646615658949426,0.00021643284308308215,0.02265321660618615,1.0463092859234187,3.356877525216407e-05,3.8577203303071e-05,-0.06941113059776471,0.8699457949442131,0.0006762251091388207,0.0006058804935424079,0.05486604753058489,0.00024412405922508002,0.00022908718876143573,0.03177556064446362,0.00033963240328128676,0.00020333104647966667,0.25102766417331707,0.0007239923240136546,0.00170406676166625,-0.4036435550507231,Side II
Train165.csv,0.0,0.0,0.0,0,0.0,0.0,0.07157369971929294,0.2223968505859375,0.3265380859375,14.223984854174402,1.7675761271691384,3.713720841633223,1.0943199196512317,4.2577484803084635,4.582603294377284,0.12819829798043206,0.35400390625,53.90401414861207,0.05529253459778527,0.217437744140625,0.35400390625,11.14688569257583,1.5054957724455602,4.353031290022525,1.2337209063681034,5.808615122994182,7.215404215328861,0.13507812314670578,0.3662109375,21.68817102841242,1.3919108518202097,7.088470458984375,8.2275390625,14.757640535980396,3.3097983902601484,5.145311747726984,1.6687902866221487,9.041515169483862,13.10715392738506,2.9815846600222295,16.97998046875,54.141416974462565,1.525951633438931,7.8891754150390625,9.193038940429688,15.4581132941262,3.3213008060902958,5.118811973940213,1.6222718324869874,8.500665503502404,11.65105832919826,2.7977365653220208,12.2802734375,38.3830197758816,0.016281165121507665,0.12833331048104465,1.294454799285179,-0.006879825166273723,-0.02613156497457766,0.0049591064453125,0.01127493469595347,3.0770991615985714,0.12128472906420908,0.05142118053859829,0.036234788196286706,0.015186392342311582,0.07975001687764195,0.07169807364584115,0.05316635338422284,0.06703160852723174,0.0659522920893475,0.008116143019708132,0.08632945495547636,0.0425260014795634,0.3399425316425805,0.08979634402602489,0.04228952398494111,0.3596661562649391,0.060500804231752386,0.07614983949068252,-0.11451855393766712,0.04972998308402011,0.04813526675705831,0.016295019596856242,0.0898962282250941,0.0672535416475277,0.14408347626016085,0.08173013097311027,0.05887808159135715,0.162522852255498,0.04750682004108378,0.015649035258930133,0.3596661562649391,0.11451855393766712,3,0,0.15448723592761385,3.1238711220841975e-06,3.7683416159036e-06,-0.09350705184523335,2.40912514744318e-07,2.4764342235782837e-07,-0.013500807256721757,0.9350617707978058,9.348119073640141e-07,1.1533337436721773e-06,-0.10414998415398088,0.803562960714256,1.1388486093051032e-06,1.437180968668595e-06,-0.1153630886144977,0.7869427763086484,1.9227527764716697e-07,2.026363386469451e-07,-0.02558845086887372,0.9042446783586457,3.051259746086722e-07,3.558840330024397e-07,-0.07564426434483922,0.8339417604665946,5.2272098409878493e-08,5.408556555368281e-08,-0.015585283186608338,2.0041868845140827e-08,2.2293686578300816e-08,-0.04302653740732779,1.504300470835167e-08,1.4207527332927974e-08,0.021285759248945383,0.0,0.0,0.0,Normal
Train166.csv,8.901179185171081,32.04424506661589,3.3333333333333335,300,0.3250251085409104,0.8307767239493007,0.1727261788909513,0.7274627685546875,1.3011932373046875,1.2298202784482573,0.04740958905579937,4.151405737878956,1.2581593032850131,5.322652498188116,6.388046539469258,0.22444458597035033,1.9775390625,22.764034990061003,0.16984023879887766,0.797271728515625,1.4415740966796875,2.446965280694794,0.06507841984986693,4.609516424626954,1.3149331780023659,6.3598935827209,7.9791862271065845,0.23946891346791097,2.3193359375,31.497155635616544,1.3483476484103927,7.151031494140625,8.456039428710938,23.270058998192624,3.970951363263146,5.5181187296093075,1.629625182823669,9.37316861823086,13.062870228776074,2.971937192853759,15.90576171875,99.84951108060304,1.4302882629724305,7.7503204345703125,9.207916259765625,26.246083337443572,4.298164109368184,6.251244823998386,1.7481127566736214,12.573491139755518,19.683309071906038,2.7320907588474053,12.0849609375,122.06262206842875,0.00288594009207363,0.008424468537490942,1.0169920269929134,-0.015024327497560636,-0.03238605298593941,-0.0698089599609375,-0.04578433795341282,-1.2171450022465369,-0.3310350792445633,0.1281021091359949,0.1187454599246032,0.009356649211391704,0.1805319741379668,0.18089238765635723,-0.0009972031399021045,0.17218831072510873,0.1470536297256145,0.0787323876577239,0.19457973350963445,0.182162683131527,0.032958991342736145,0.19701963137827122,0.18384235878184083,0.03459854905685196,0.18453364537854158,0.17575682364398984,0.024360404300339197,0.15864914551464837,0.14957408189942886,0.02944315195491821,0.16571628286304524,0.17177239519877768,-0.01794463799812767,0.14857628257364122,0.18265420875028743,-0.10288281435567286,0.02513468099949423,0.034077926176646206,0.0787323876577239,0.10288281435567286,0,0,0.05010563692005838,0.00011310977563678205,0.00011325209159847206,-0.0006287099652792012,2.9648883991219724e-05,3.5912199824456994e-05,-0.09551948006294565,0.8253638178092257,1.6070801415775905e-05,1.793278659308627e-05,-0.05474239227056046,0.8956692056945224,1.716830817330235e-05,1.7002867123714596e-05,0.004840121738066516,1.0091366756971305,4.8953866572313924e-05,4.1020237261384297e-05,0.08816700920411408,1.1931168289486584,7.921138501079879e-07,8.478071824845549e-07,-0.03375515026258885,0.9234171341556121,1.7249437836668157e-05,1.7545378516108284e-05,-0.008502865708024911,4.7601302965737566e-06,5.1094401905638555e-06,-0.03535678949250594,2.9039344099457916e-05,3.684022002030125e-05,-0.11839319359685946,2.1948850708609626e-06,2.3978106806063828e-06,-0.04408842571893379,Normal
Train167.csv,14.212216098989824,51.16397795636337,5.322222222222222,479,0.17553362074379275,0.4747295565424583,0.28705096371943334,1.5590667724609375,2.85797119140625,2.9341501606002303,0.11813705371619379,5.0982665978756545,1.3250397151417859,6.921593931581193,8.544121821435734,0.7729655665911775,7.70263671875,22.84894968955784,0.3212822805510694,1.6078948974609375,3.0040740966796875,2.172730775379783,0.09912572587341244,4.759785410654768,1.3405920877380844,6.5363476205565885,8.14997338743221,0.745391135396004,5.09033203125,16.455599699139956,1.3108766785577504,6.8256378173828125,8.039474487304688,23.787949233406003,3.73941318096373,5.598288761332101,1.6141972605189139,9.813680369278515,13.774681378330058,2.911612500912623,17.32177734375,175.9677711939644,1.4719391092759244,7.4962615966796875,8.806991577148438,19.801825997223247,3.429352801231458,5.1120076429295205,1.6002948608461105,8.492438330112433,11.777695671766818,2.550137793567249,12.3291015625,150.10115529580443,-0.03423131683163605,-0.05627066511871909,0.8934540501036586,0.027574431195173554,0.01816070688625266,-0.048828125,-0.015417971524431117,0.7614193852204472,0.14909675656719862,0.21897632799867078,0.2182714463823167,0.0007048816163540972,0.1995176429261104,0.24945272953994901,-0.11122133789663403,0.17900133771036886,0.18298985200766216,-0.011018263152253724,0.2527116992335273,0.28099998646953317,-0.05300293672362112,0.3305153687603753,0.2958877674860614,0.05528005643300342,0.22972252831681458,0.2568319052027959,-0.05571704718156314,0.3927575503208754,0.5113953412888729,-0.13121430098468465,0.3821380035074014,0.46833019929294833,-0.10134675757220903,0.4515676578966333,0.41009106345104457,0.0481357559978731,0.04147659444558871,0.11863779096799748,0.05528005643300342,0.13121430098468465,0,0,0.06619775893250669,0.0003364492932780551,0.0004128757435280263,-0.10199372301202005,0.00016146251406578657,0.00016077814813008552,0.0021237068406241883,1.0041941271389945,0.00011218323825772925,0.00016955624231018845,-0.2036312682345089,0.6615894574847737,3.837064068154886e-05,4.417235021227537e-05,-0.07027861096139316,0.8684608332783571,2.1195462393154916e-05,3.415874159300851e-05,-0.23414549955587488,0.6203173252798942,2.0052847135404884e-06,2.774845571595521e-06,-0.16065551712508003,0.7200703457289379,5.053572272817312e-05,7.021500922064914e-05,-0.1629609739432185,1.3867085588023113e-05,1.0534997759439226e-05,0.13649338244334078,0.00011740224983547673,0.00017929088467214178,-0.20858773514263607,0.0001387371717340255,0.00013591133758182798,0.010288536696847218,Normal
Train168.csv,9.96932068739161,35.889554474609795,3.7333333333333334,336,0.0,0.0,0.4436716211822976,2.7873992919921875,5.059051513671875,6.419353459132174,0.32075072964773793,5.799575820702701,1.4587621743586223,8.984016882150394,11.812636228582797,0.9368428470216958,7.666015625,29.799517755260105,0.4260844176236337,2.690887451171875,4.880523681640625,6.875051847423862,0.2860181225170517,6.285642383819436,1.4178467612456047,9.227685471976224,11.64962725810309,0.866643434260523,6.84814453125,42.87161742365112,1.3057321692370443,7.6526641845703125,8.842086791992188,16.792185338636347,3.3899845850881483,6.147447230562076,1.6709466352864704,10.777411932047691,16.320206272254154,3.0394366458161253,17.4072265625,100.05751010288397,1.4768077985541415,8.300018310546875,9.537506103515625,21.153161863457157,3.7990568299349636,5.944531545133423,1.6183524153884785,9.959375451223028,13.802762807464301,2.617522323598825,13.916015625,79.38525542536905,0.01758720355866389,0.020220846503808704,1.0412763114971169,0.07019941276117281,0.03892428409381663,0.0965118408203125,0.01761715754739759,-0.45569838829168763,-0.03427745562444894,0.33978761359893916,0.28851717546157124,0.051270438137367924,0.6671588823448003,0.41728528016291877,0.23041628929967153,0.36327145163335106,0.3092659678654092,0.08030108273407463,0.24368181986816134,0.27498030023023023,-0.06034464161887331,0.4913864087767514,0.4172279441888476,0.08161709478800246,0.5168935783315466,0.5132142991481142,0.0035717415895478296,0.43924282128113423,0.546641102226761,-0.10893602917687337,0.6533867983209855,0.49390790004991625,0.13900430038374437,0.4661450403799917,0.612190947851546,-0.13543636464985723,0.24987360218188148,0.14604590747155433,0.23041628929967153,0.13543636464985723,1,0,0.11872454831752591,0.0008391525188266142,0.0006381027376933352,0.1360968459891643,0.0005836045259093015,0.00046436965876426076,0.1137754451725637,1.2567400722553277,0.00015275735970841854,8.744398067435734e-05,0.27189964857606047,1.7467170565651453,7.015996716107348e-05,5.3993638264249744e-05,0.1302018320219188,1.299171119134008,2.2703811070829476e-05,1.8936645030996673e-05,0.09044717375058066,1.1983024452976283,6.025115894115014e-06,9.436136710113227e-06,-0.22047476718633577,0.6378391589086787,6.813397452385391e-05,5.79252164437086e-05,0.08097742201559793,4.6577452615938705e-05,2.8328334624823524e-05,0.24359509074458077,0.0005155062925388634,0.0003293769484310794,0.22029924620311347,0.00015124668558314197,0.00017745779876260286,-0.07973823615235588,Normal
Train169.csv,16.200146117011364,58.320526021240916,6.066666666666666,546,0.059341194567807065,0.11868238913561413,0.5207786940287521,3.0101776123046875,5.469512939453125,2.719107373422208,0.11498913435119698,5.57497419351055,1.3176045912659975,7.467381255104817,9.101711200996396,0.9261734932282404,8.53271484375,16.572011653492698,0.649374982452303,3.4389495849609375,6.284332275390625,2.3466733652000693,0.015135548664708445,5.391609581006495,1.3588551560361037,7.390524081375088,9.17677592584075,1.4076910741349344,7.373046875,7.268224422210235,1.3031408140007823,7.7564239501953125,8.98284912109375,39.62714783692415,4.23285383589854,6.422502302741245,1.6123546382393585,10.52026070345622,14.568402046967877,2.192656835070586,15.71044921875,637.169727219736,1.5236823951829437,8.65936279296875,9.905624389648438,29.347189356482282,3.843348713387333,6.266917846542086,1.5538275559477908,9.698247633427325,12.354429386375283,2.5483568069995655,12.7197265625,247.07761374845953,-0.12859628842355086,-0.10989692201053698,0.8019691242837683,-0.48151758090669405,-0.2063177039392396,-0.42877197265625,-0.06648527139815028,0.3724340082221387,0.07351956721052885,0.3996334735565306,0.42618788550907666,-0.026554411952546042,0.4572876797728939,0.7370457301841279,-0.234237814781488,0.35201042568314506,0.4544662241943905,-0.12704124447544887,0.8471120502584829,0.5371688463058047,0.2239019569531887,0.4896974206624274,0.4666867465427846,0.02406007404564723,0.4712883725973456,0.6473786228380186,-0.1574107838928726,0.6185398315630739,0.5186445729430049,0.0878443789290387,0.6468051880791711,1.1951430019801932,-0.2976944812472738,0.4129724639800625,0.8763523231471692,-0.35939730640376416,0.30994320395267816,0.5483378139010221,0.2239019569531887,0.35939730640376416,1,4,0.18835014816576132,0.0010023985787772196,0.00159109939964756,-0.22699104675142306,0.00022224931316068455,0.0004492448350012692,-0.3380403865887031,0.49470655816104164,0.0003931507831464558,0.0007523897246006143,-0.3135950261683932,0.5225291428105538,0.00030874331411816106,0.00029625555197236076,0.02064062668452178,1.0421168173712088,7.00603123300728e-05,8.054078978069334e-05,-0.06958635388586909,0.8697656785342293,5.630710783060603e-06,8.50063293495318e-06,-0.20294550568322314,0.6616089339178601,0.000333366852547818,0.00032273076576444894,0.01621088749240365,8.531974966328247e-05,9.399759397626692e-05,-0.048391082680770886,0.000343797660882733,0.0007014012063942792,-0.342135966032491,0.00020238138683270385,0.0004334544188181763,-0.3634104840071026,Normal
Train17.csv,14.09353370985421,50.736721355475154,5.277777777777778,475,0.05139098198663605,0.11868238913561413,0.48627428320918065,3.1734466552734375,5.6941986083984375,4.832517719095193,0.229354298328593,6.403973842065833,1.3929717761245257,9.064097049418528,11.318517610620995,1.0049980253228672,7.80029296875,24.996185859393663,0.537821870998409,3.3832550048828125,6.1084747314453125,5.2441977786678535,0.30040180050713866,6.148035121957028,1.4319232042502146,9.016660761334991,11.512436684636121,0.8432639276048173,8.8134765625,36.62001862157231,1.5520354396778044,8.36334228515625,9.75494384765625,11.17340732372926,3.0424494349791207,5.695364028015209,1.6546405680386447,9.61991351034861,13.955005495139531,2.532423774521995,13.78173828125,47.194253801756865,1.7529653620779069,9.408187866210938,10.913467407226562,11.612933027286182,3.047500117811611,5.511669014774954,1.6173267314658528,9.040501773847895,12.32891336348537,3.678181028060896,17.68798828125,45.71483986573737,-0.0515475877892283,-0.05033471424933425,0.9041548891734644,0.16173409771804992,0.08750604674126379,-0.209808349609375,-0.03199906906918569,-0.4116800595726602,-0.040854587911656734,0.3133139022759622,0.30680689964850405,0.006507002627458125,0.21857857799435368,0.4726768087219317,-0.367589507343649,0.2775375535294426,0.37337944924283695,-0.1472413438776169,0.5840239591164346,0.5101865295023335,0.0674800961125001,0.5063567275703407,0.48376865274609143,0.022813347728645118,0.7118557931001946,0.6843952085611884,0.01966736948418122,0.5974341584483412,0.6848231051573335,-0.06815242814981798,0.5204984116555219,0.5684882932139524,-0.04406838109515651,0.6293797221191303,0.6607823675682447,-0.024340077465245444,0.07383742961410111,0.254098230727578,0.0674800961125001,0.367589507343649,0,1,0.12884033780492327,0.0008159744879893243,0.0010576941839852986,-0.12900877279504847,0.0003349296273098594,0.0005584042811492091,-0.2501552333018331,0.5997870015440484,0.00026157381489571517,0.0003031452003675521,-0.07361297958536278,0.8628379608153753,0.0001464707920615892,0.0001258113807151319,0.07587221893226422,1.1641168713067056,5.7198295840648376e-05,5.802466599111443e-05,-0.007171300097905424,0.985588438630902,1.1078094509612225e-05,7.821144093080158e-06,0.17224122477720105,1.414620185497694,0.00018004172617821655,0.00016175661321272836,0.05349522190731136,5.522893913642503e-05,4.061558575965862e-05,0.15245345373740904,0.0002857171203135288,0.0004065684076923484,-0.1745660378984763,0.00023724502779262188,0.0003882017675553584,-0.2413543843244199,Normal
Train170.csv,13.144074596769297,47.31866854836947,4.9222222222222225,443,0.15417294595990935,0.35604716740684594,0.30438394459645124,1.48773193359375,2.718353271484375,1.5669914074329043,0.06982148528053961,4.780805022128215,1.2838899642003567,6.2347754278582315,7.509448442481397,1.584489913399739,7.70263671875,22.256847267108675,0.27018482317024434,1.132965087890625,2.1327972412109375,0.46840400457422504,0.01881156482450435,4.216592641678593,1.2623405646801746,5.336154890993887,6.348942309371148,0.6448088077203924,3.30810546875,3.047029016181627,1.2533890732674173,6.899261474609375,8.098983764648438,29.31141061279795,4.347027136988133,5.851139155756189,1.68193424083903,11.23313577436116,17.44703180870106,2.833527094980209,15.576171875,197.03134865345865,1.3116052156812525,6.7974090576171875,7.9181671142578125,20.60374888573263,3.9238859131501007,4.943967525575024,1.5079414917392506,7.751799110485468,10.405182103652463,2.4245995055646645,12.2314453125,104.10911697993681,0.0341991214262069,0.059521371069162936,1.1265767253658459,0.9396811056793466,0.42151421546236434,0.354766845703125,0.13537117852275485,1.0985874028586793,0.539741512131018,0.2428487280286207,0.20599553728516853,0.03685319074345217,0.24357655785692886,0.18993156034942663,0.12374623223204369,0.23726747951090546,0.25796624136801904,-0.041795945159830095,0.3051664061059956,0.3594563433596974,-0.08168534176793289,0.3384087124202219,0.33650464045830697,0.0028212094568612635,0.20715429140581534,0.20528037679251043,0.0045435428017132195,0.21995276781267095,0.22766955976256065,-0.01723951488143225,0.2678339980832186,0.23572948393138035,0.0637546499318253,0.8674562763695778,0.4054052529201833,0.36300179492202467,0.46205102344939447,0.05428993725370179,0.36300179492202467,0.08168534176793289,1,0,0.13140675156600917,0.0004431383488491978,0.00026322800346591745,0.2546983513493024,0.0002017763449273193,0.00010096623903398875,0.33297851524271094,1.9982556971586265,0.00010380737690646646,4.197227393528499e-05,0.42413918007321993,2.472647790981591,7.976681734674279e-05,6.675254412129677e-05,0.08881682889394592,1.1947839675165668,5.33572867330605e-05,4.984958483225895e-05,0.03398380369028857,1.0701510434266301,3.2811124562784715e-06,2.6624432042554047e-06,0.10391592643102769,1.2277576006307136,8.631096690054134e-05,7.410116677443006e-05,0.07611044589925077,1.4592243087064187e-05,9.496394085766983e-06,0.2114579743555901,0.00020675521046318188,6.48468531846128e-05,0.522467063401811,8.013485255661019e-05,6.458363351236398e-05,0.1074509895504253,Side I
Train171.csv,2.670353755551324,9.613273519984768,1.0,90,0.35106724148758495,0.9494591130849153,0.0774621280757029,0.2407073974609375,0.3749847412109375,4.379365952980892,0.6494964075931455,3.272315900385676,1.1324480219263413,3.7721555172806496,4.217112694917235,0.13535418046893782,0.62255859375,22.11564918491217,0.06251495253553031,0.2346038818359375,0.3978729248046875,4.725025173521026,0.7957951148346079,3.96900465528717,1.1999408780860248,4.89688305465215,5.810872930440991,0.14510119672238386,0.40283203125,17.320960901422385,1.1774789495386058,6.15692138671875,7.0613861083984375,16.50766038429158,3.3519702576798136,5.204295480132908,1.6123080712949271,9.058154448120082,12.581853569431626,1.9780360108437327,15.58837890625,43.12596733779388,1.3789978811858763,7.2681427001953125,8.179473876953125,14.715790536861455,3.02881263543192,4.893810861303303,1.6352115677935783,8.838526087357799,12.659073327027269,2.357384751730004,12.6953125,40.061982027092924,0.01494717554017258,0.10678301338385629,1.2390974085872224,-0.00974701625344604,-0.03475424862064353,0.006103515625,0.012841091222615167,-0.3456592205401332,-0.037966209421110404,0.0657864222950161,0.04533360996061442,0.020452812334401688,0.09136836497643662,0.07681610863902201,0.08652555827139956,0.06742299305507075,0.06710975717917565,0.0023283241594813037,0.08920080839627928,0.05119205251763895,0.27073138138150454,0.09852456299593654,0.05678421760996184,0.26875713359903963,0.07486645511434965,0.09066521311452634,-0.09544250483784857,0.05505807525184937,0.049216632191947045,0.05601974479624784,0.09432623519129157,0.07493484269490196,0.11456497614754699,0.08083771770342393,0.05603865018570871,0.18117857807285062,0.041740345385974695,0.015798758000176688,0.27073138138150454,0.09544250483784857,3,0,0.11905232315157772,1.0136695515796744e-05,1.1317804442187829e-05,-0.055051803990030505,9.028427582943184e-07,4.859279029138196e-07,0.2980580497880929,1.8205121207935155,7.655551788041435e-07,7.343397787528945e-07,0.020673888534441152,1.0285023058780955,5.644987437556749e-07,1.2668874149317587e-06,-0.3814456125144095,0.4420896761566436,7.361966710524158e-06,8.18063337503451e-06,-0.05263857232917102,0.898827523273576,2.572655654583047e-07,3.1183728234578506e-07,-0.0942349309702272,0.799365330154311,1.1447781500150363e-06,8.579353905856906e-07,0.14251544178697823,3.881873673612543e-07,1.7750396079440183e-07,0.3659659200388158,4.436133544875887e-08,5.763006030805468e-08,-0.118479859721621,2.8827741727307343e-08,5.018692250056945e-08,-0.2399512592507543,Normal
Train172.csv,5.6374134839416845,20.294688542190066,2.111111111111111,190,0.059341194567807065,0.0,0.24137921620626945,1.3759613037109375,2.4379730224609375,4.137732060859572,0.3926309003496168,5.267988532182458,1.3251598403437146,7.191457453040316,8.839402795162654,0.4237870403012645,5.2734375,39.42040977167661,0.2878267432267664,1.4148712158203125,2.6424407958984375,2.7621595636862883,0.042635066130382974,4.973282404621265,1.3382481340714598,6.833724321887487,8.480964952377533,0.5779045818892469,4.60205078125,29.310165992828672,1.4424725362304436,7.7999114990234375,9.346389770507812,15.068095396040333,3.487680112139632,5.769577986609669,1.727547028052181,10.394017703542062,14.763544992726514,2.8523208602617918,17.71240234375,79.7456999822351,1.5938131656162053,8.454513549804688,10.0555419921875,12.655333381888369,3.2832649060165426,5.258095837636738,1.6860594315068953,9.182858485213602,13.188482596994056,2.773395121613294,13.36669921875,31.151533870046627,-0.046447527020496926,-0.08776833539927455,0.838626755505584,-0.15411754158798235,-0.15385727167447355,-0.038909912109375,-0.01394204478328563,1.375572497173284,0.19936146392302317,0.16733713014993334,0.18059001370438907,-0.013252883554455724,0.285965691672358,0.4140804979623336,-0.1830090733394886,0.2970360519847773,0.29534012145591515,0.0028629282815046293,0.24389587341170973,0.29672977383842575,-0.09772732706666738,0.26796949959252503,0.3364686647941005,-0.11332700035216561,0.24380395946148894,0.15574069464211787,0.22040906244347988,0.21715869438101068,0.165730916650797,0.13431489104255825,0.23980368798385188,0.3445023788413617,-0.1791846688064291,0.260978734304718,0.41959926277693405,-0.23306737335281769,0.08806326481937107,0.15862052847221603,0.22040906244347988,0.23306737335281769,1,3,0.15156379942461792,0.00021769519015967353,0.00035201276607768904,-0.23576566633388138,0.000132270129706875,0.00020537675029601006,-0.21651156815910405,0.6440051732462926,6.103483823891081e-05,0.00010820899777604454,-0.2787184069078671,0.563993748724418,1.5886672172681962e-05,3.138865112760128e-05,-0.32783912370599055,0.5059667088283495,4.287927416112381e-06,4.208786264759101e-06,0.009303375465808844,1.0163888727738684,2.623653844336466e-06,1.4290672053051762e-06,0.2940360966049244,1.8231628339970962,2.5541325244458317e-05,5.3183732488584716e-05,-0.3510813104100336,0.0001087353222191798,0.0002173085168725051,-0.33299161560491547,5.762852730149104e-05,4.512414779301033e-05,0.12168211363689771,3.0673564466844063e-06,2.048520054002499e-06,0.1987633515059085,Normal
Train173.csv,17.416640605651413,62.69990618034509,6.522222222222222,587,0.09840623849644604,0.23736477827122826,0.4120551168981875,2.5821685791015625,4.70428466796875,4.158130527665735,0.11884007581375866,6.0970087368615875,1.3412981732552944,8.436557795768756,10.435154884847318,0.9223065012978251,8.85009765625,26.015346853080977,0.44366492225760784,2.771759033203125,5.107879638671875,4.147656591402846,0.07877391005033307,6.2221927554317595,1.3713674139171075,8.770806726918032,10.956064755089761,0.961654101258821,6.79931640625,21.64026627282418,1.205308324055276,6.3922882080078125,7.4298858642578125,25.15444860924506,3.7179475286810963,5.722342668664122,1.6077119749328075,10.011166953177515,14.438950324303248,2.9124790650339802,17.24853515625,135.04741450418467,1.3003090814695506,6.8355560302734375,7.805633544921875,17.58512002581856,3.344357208817537,5.426658446436155,1.5983891888167512,9.180316611422963,13.073344824921367,2.4575540959689963,12.19482421875,70.41419048153885,-0.03160980535942032,-0.03693942357737762,0.9287529550767684,-0.039347599960995905,-0.0208855746233457,-0.1895904541015625,-0.035411471255554654,0.010473936262888728,0.0012610407779693824,0.3418669773167689,0.34119958490499963,0.0006673924117692742,0.2811982849047085,0.33989552399452405,-0.09450623610108523,0.3419986238424042,0.5181963197723386,-0.20483460777061055,0.4403365559027161,0.3756778273351867,0.07923724030279286,0.5399552809722482,0.49789494833871634,0.040526398742708775,0.4532510483472413,0.41534369116192843,0.043642167082789465,0.43605785588452356,0.6661289963198799,-0.20874059410870482,0.633513747901784,0.5437367106052382,0.07625992912994992,0.3006861647879738,0.2939572189302271,0.01131593477507885,0.08977703729654585,0.2300711404353563,0.07923724030279286,0.20874059410870482,0,2,0.11289815081571318,0.0006740883791970692,0.0007392401266665375,-0.046098091985810184,0.0002600259002193594,0.00025770006626666997,0.0044923167468454775,1.0089861990501103,9.97738532334834e-05,0.00014769621454334774,-0.1936412970158027,0.6754885266130932,0.0001631470960260187,0.00018220338959706035,-0.05517797884914775,0.8953628291905216,0.0001377009016205595,0.00014034569824003423,-0.009511720350463618,0.9810852238080529,1.0287062901900162e-05,8.97503860188802e-06,0.06807894301274028,1.144910262237332,0.00026947975702272336,0.000285698078837162,-0.029212314764280416,5.042884843724054e-05,5.6450684738616966e-05,-0.05633700627608823,7.112272018564415e-05,0.00011689762112758162,-0.2434442261937102,0.00022385212828814565,0.00023240003877536244,-0.018734646666478894,Normal
Train174.csv,12.372639067387803,44.54150064259609,4.633333333333334,417,0.154172945959909,0.35604716740684417,0.3675115248651117,1.987457275390625,3.626251220703125,2.3060783721841998,0.10800070527014236,4.796104318064955,1.3245830936257543,6.492603885574367,8.046774157502913,1.1358407749411303,6.79931640625,14.087105487298558,0.3427927067923715,1.7902374267578125,3.2909393310546875,2.386412886120068,0.19525878626176482,4.558972688869651,1.320978027752099,6.1837639879947055,7.673049747952127,1.3490582788722574,7.36083984375,16.07259718326416,1.34058702525306,7.40966796875,8.662796020507812,18.050668580440423,3.4755475319182043,5.886488040714196,1.737423986773662,10.909010947363097,16.60613785886631,2.987547641039107,16.44287109375,47.331931876527456,1.4043612904544451,7.6953887939453125,8.847427368164062,16.78166262182961,3.3534828618679198,5.612231204585958,1.5501201318661555,8.852285662810782,12.210982193590137,2.1859220160644184,12.40234375,45.09030662461665,0.02471881807274018,0.03480032445682602,1.0721100737029727,-0.21321750393112704,-0.08580529770248219,0.1972198486328125,0.05220640196217717,-0.08033451393586821,-0.017119800409324752,0.2741422341114445,0.24409153590421875,0.03005069820722575,0.8990095846470907,0.9759532114945205,-0.04103741503319105,0.41388485354586985,0.38961937205582675,0.030199568857122595,0.3338706006792495,0.36273723805743874,-0.041438863243558666,0.6612261166793438,0.4860370140047844,0.15270176166392993,0.18788350145314453,0.17930152114134087,0.023372358756467856,0.20190395553541562,0.17654886066452125,0.06699671165224505,0.2216434028943539,0.17372662013027593,0.12119477644147343,0.1753264690042537,0.16565446276691004,0.028365239966504203,0.17518910267455945,0.07694362684742984,0.15270176166392993,0.041438863243558666,1,0,0.0648831261751331,0.0006269139672530894,0.0005183538046645995,0.09479020125285785,0.00036712006002677063,0.00026608011672852645,0.15956778176875525,1.3796831860587973,0.00014803414605899288,0.00015304103893777873,-0.01662948935478024,0.9672207852125367,6.677075827658827e-05,5.9823812564433694e-05,0.054871207777149676,1.115936882756457,3.935873654689519e-05,3.439764397062033e-05,0.06725411415701589,1.1438951350607571,3.3552519067129545e-06,2.7370398722258533e-06,0.10130817353256888,1.22140633655757,7.578066595631114e-05,6.754281987580399e-05,0.057473283599312204,2.1023007669887388e-05,1.963296376699651e-05,0.03418199181712186,0.00022651207252043465,0.00022267469288573622,0.008542758831374512,0.000244886541264293,0.00016383909852477123,0.19828817174188143,Normal
Train175.csv,15.07266342022303,54.26158831280291,5.644444444444445,508,0.08392112216521401,-0.23736477827123004,0.4202597787488103,2.9571533203125,5.31005859375,6.8014929942911255,0.2685397671148655,6.872098392633481,1.3837393024783384,9.819865302164013,12.25627647135331,1.2923697210521936,9.08203125,29.0473362478874,0.3685515692698419,2.4776458740234375,4.4887542724609375,4.832242116542287,0.22877478037783236,6.678015393649386,1.351078577975321,9.217720891345579,11.34283798394611,0.573872130740568,4.13818359375,17.502336246790957,1.2605604395393653,6.911468505859375,8.199691772460938,19.017334885967927,3.554567307061652,5.64203266063559,1.6443299621484755,9.723490649967706,14.288297591867215,2.94314150899379,16.44287109375,75.76578699637035,1.3991462785796607,7.2967529296875,8.443450927734375,16.99519237790642,3.309085341173397,4.984376000752625,1.5938120384720418,8.534612711493036,12.043033074995078,2.5700419727100408,13.07373046875,65.03319169112365,0.051708209478968425,0.06555206001197783,1.1403011203517577,0.7184975903116256,0.3849970387125588,0.4795074462890625,0.0882291007009986,1.9692508777488387,0.16927073354303482,0.33339121412414763,0.2634117477765502,0.06997946634759744,0.7962803562035482,0.43739454667435934,0.2909079254047428,0.3102611570918839,0.35894629055400146,-0.07275043472076718,0.365918492850546,0.39805492097249146,-0.04206485084406464,0.4914612255668945,0.385472727470149,0.1208625763902228,0.3974969974065535,0.46669082155114644,-0.08006803825048993,0.5597625621863598,0.4000943366954208,0.16634586261086573,0.33669925974045645,0.29457494401496603,0.06672902964766249,0.23632583144154762,0.27892015299618894,-0.08266793340358225,0.35888580952918886,0.06919382414459296,0.2909079254047428,0.08266793340358225,2,0,0.12980886206380865,0.0007060323743508121,0.0004627295056341844,0.20817146151254604,0.0003064703049825219,0.000145924103802175,0.354873202079585,2.1000595268530664,0.00015345533682974136,0.00011317460864893773,0.15106786835142277,1.3557968584377977,0.00013098692334939904,9.008288201326568e-05,0.18501934751133586,1.4539097920090063,0.00010836411597480693,0.00010729279105993384,0.004967497932821524,1.0098909348432539,5.018973684424671e-06,4.748136340500992e-06,0.027701165603456424,1.0548192244310965,0.00021782161076787246,0.00017709267491024087,0.10313099835756387,3.771798751777924e-05,3.5026471931212276e-05,0.036994510122833044,0.00020492680983957859,0.00011050688574942066,0.2993241754724444,0.0002165322456662269,0.0001148934516316316,0.3066621817240566,Normal
Train176.csv,8.693485004183755,31.296546015061516,3.2555555555555555,293,0.2569549099331808,-0.7120943348136866,0.27473869957940866,1.5552520751953125,2.7317047119140625,2.9396841814478316,0.22469863439517454,5.146937796538428,1.3242611577143437,7.070743765514649,8.771124158607106,0.8136560578624212,5.76171875,19.864224390262528,0.32934228358257,1.944732666015625,3.5175323486328125,4.520644483244239,0.34083214039855825,5.494699372571436,1.349636843663155,7.636196808440966,9.513781110170115,1.5887694372718386,9.38720703125,32.55139459268667,1.2969162548790907,7.2765350341796875,8.585739135742188,24.653989572620628,4.234020339753762,6.394968090875457,1.7245807449607002,11.686450367886295,16.609501732613936,2.9199898574723173,16.44287109375,94.68998509852013,1.4421231859407617,8.270645141601562,9.583663940429688,28.286443557623443,4.417365741969176,6.396494838916623,1.6962228654431393,12.06133238939179,17.64737479666177,2.5022268063709636,18.3837890625,112.69162132164531,-0.05460358400316134,-0.09039116380296358,0.8342041241980008,-0.7751133794094174,-0.3226378415284515,-0.3894805908203125,-0.11128065363300757,-1.5809603017964076,-0.2119156367948712,0.21183996763663235,0.22837319620791846,-0.016533228571286113,0.33963047657925566,0.38891766314926857,-0.06765124115458748,0.6480402648938173,1.1378729079962844,-0.2742757306431785,0.21199854911339208,0.18891948579434226,0.05756553892295156,0.2420195566360803,0.20404117548751474,0.08514172524521886,0.2255752197626027,0.24746431440233643,-0.04627328710620746,0.2776173061866018,0.2649037442293015,0.02343422750732277,0.1735257186427127,0.13905821965091536,0.110266375416757,0.1386697258581262,0.17955875967825852,-0.1284895425571883,0.037978381148565554,0.4898326431024671,0.110266375416757,0.2742757306431785,0,1,0.1196392816518694,0.0003038612857628209,0.0007361076238896059,-0.41563390416281604,0.00012266326682473994,0.0004759730930706295,-0.5901811986422845,0.25770509207254205,5.91072362315777e-05,0.00011954283826093009,-0.3382714476137017,0.4944026180505492,7.566610304802252e-05,7.924150339336594e-05,-0.023079367332570645,0.9547592134934372,4.19423089131687e-05,4.956238884103725e-05,-0.08326618690622661,0.8460820608759492,2.0257518717308363e-06,2.8192501713338445e-06,-0.16343933381789452,0.7160030923584957,3.0118465636411253e-05,4.4035179314782574e-05,-0.1876487285317454,4.924230187763643e-05,9.892207414252342e-05,-0.3352791056000656,9.901377103605897e-05,0.0003879458482023592,-0.5933266999657332,1.9818550944595886e-05,7.256728140598047e-05,-0.5708994563871749,Normal
Train177.csv,15.6660753659011,56.39787131724396,5.866666666666666,528,0.08392112216521401,-0.23736477827123004,0.5784968810173599,3.8639068603515625,6.871795654296875,4.693087043018026,0.3304242260380137,6.132380086527601,1.37784091626629,8.718545508098353,10.940608980254288,1.4714153535886763,12.70751953125,22.538622013212,0.5182161803074211,3.8051605224609375,6.7951202392578125,5.854044771810847,0.33560998024122757,6.423012111730586,1.3926892667117456,9.321579098908945,11.759702678318966,1.2941376568328138,12.79296875,25.7907651419087,1.2871854063441335,7.4787139892578125,8.644866943359375,24.442699037002967,3.723471612750073,6.052881637809353,1.6578362234713997,10.666061395626544,15.032088777608788,2.926001946614368,25.45166015625,145.11942864016336,1.4597731913239862,8.485794067382812,9.714126586914062,25.70634941031106,3.7700978740990583,5.952769319883884,1.5855174046049432,9.5445630725389,12.758706515809642,2.5024733110580484,26.91650390625,140.89534901057064,0.06028070070993874,0.05496487849563269,1.116323441523852,0.17727769675586247,0.06410207848007343,0.058746337890625,0.007660167120930825,-1.1609577287928214,-0.11007331169027632,0.4494277775927635,0.3549977351532478,0.0944300424395157,0.3424802107384425,0.3035926772592924,0.06019062802304148,0.2623858703280627,0.2213849448329427,0.08475278657301082,0.43778109035506735,0.5430048271927529,-0.10728512092416329,0.45013416148038765,0.3912440306464075,0.06999246080433331,0.5531179896411509,0.6876344657659725,-0.10841523984454327,0.5502705946048868,0.43767296403363515,0.11397172282463629,1.3015715701209634,0.9050142622944827,0.17971533225844866,0.9938528753658812,0.9094179580806254,0.04436305929657294,0.3965573078264807,0.13451647612482165,0.17971533225844866,0.10841523984454327,1,0,0.09487089144314874,0.0014861835346884108,0.0012650869871537029,0.0803616168528105,0.0007673110994378812,0.0007436590916140016,0.01565342018641164,1.0317910319125525,0.0003624773208299866,0.0002447617051666991,0.19385064549108058,1.480879175079184,0.00021918788787572845,0.0001529637051643188,0.17794469915729175,1.432846825801106,0.00012443069144129452,0.00011125124043546233,0.05591812541433837,1.1183651283617604,9.150530038574292e-06,7.457346227799174e-06,0.10188930183583703,1.2254058884412002,0.0003147976570058178,0.00023971904466272973,0.135392240116084,5.780031906726197e-05,5.515765404376934e-05,0.02339304628308479,0.000313529209514103,0.00019871835313860678,0.2241272062064868,0.0006714548375808258,0.0006789148294497713,-0.005524366258675664,Normal
Train178.csv,0.0,0.0,0.0,0,0.0,0.0,0.07087655191786518,0.215911865234375,0.3025054931640625,11.65170921147096,1.454935659974339,3.5102064078421487,1.0919160554360887,4.079537697693722,4.4087153373038195,0.12878591527266522,0.4638671875,76.36810146966877,0.05299865646388903,0.2033233642578125,0.328826904296875,12.976232781425967,1.445275007134779,4.21059714789261,1.189216110586441,5.293124732292566,6.2751080086619,0.12667381665896893,0.3173828125,68.8135049565264,1.2560944439816084,6.687164306640625,7.9071044921875,27.402178749324946,4.010897652221404,5.504362027721397,1.5844309826430112,9.122295253766449,12.915571257752752,2.9588115503180665,16.97998046875,166.5535439729733,1.3628245282781888,7.4573516845703125,8.763504028320312,28.78087809721684,4.205718876247077,5.916762047956556,1.741396483285194,11.981177927749748,18.872867191315905,2.4853813244549667,12.3291015625,205.78200373374904,0.017877895453976153,0.144321807763686,1.337327080977733,0.002112098613696295,0.008267833505686122,0.0125885009765625,0.030027296826981284,-1.3245235699550069,-0.053781333811782,0.05642613236066637,0.038888833430346256,0.017537298930320112,0.07739534583693358,0.07025896789625583,0.04833165572295164,0.06466492618372524,0.06519100437821025,-0.004051244727106611,0.08577695936579578,0.041976970310668965,0.34284648415578994,0.09280053796971939,0.052118877362334566,0.2807191686978534,0.05534811872000608,0.06734177818863442,-0.09775587716077795,0.05179839073023235,0.04454224266765817,0.07531762096092735,0.09176945784177001,0.0681691656962299,0.14755842052341225,0.08130936654553142,0.05486860261005021,0.19416328616004042,0.04379998905512682,0.011993659468628341,0.34284648415578994,0.09775587716077795,3,0,0.13765812037854985,2.3957403874905234e-06,2.691554144540864e-06,-0.058147558626258714,1.6360758126369304e-07,1.7194539648285775e-07,-0.024128905713786574,0.8992125353339596,7.950721236145547e-07,8.432208630761692e-07,-0.029211274846398946,0.9318479634312183,7.575220089836086e-07,8.953592819373873e-07,-0.08289062707382842,0.836708723372869,1.657705378528691e-07,1.7862479392554344e-07,-0.03627095201330564,0.8788374762561931,2.2972750907718302e-07,2.59804680311993e-07,-0.060210676856656875,0.8514585766693664,3.6769934704834925e-08,3.169350689169489e-08,0.06469800087592065,2.2615808404592626e-08,2.4079111629036927e-08,-0.025810129436223166,3.648952141986674e-08,4.36560999280273e-08,-0.07950001787111742,0.0,0.0,0.0,Normal
Train179.csv,13.381439375040523,48.173181750145886,5.011111111111111,451,0.09840623849644525,-0.23736477827122648,0.8034242850066127,4.1259765625,7.6381683349609375,3.2384497005627986,0.15437840182352114,5.194706764867012,1.3661701524854726,7.240364320001851,9.005907771718874,1.8533043776180975,10.05859375,17.30803234052706,0.9439617654061023,4.5162200927734375,8.369827270507812,2.3241856392055964,0.14760294563750853,4.889225997086897,1.3571214044678204,6.7436336951887945,8.385285824458514,1.8026209554815342,8.82568359375,14.94715946678016,1.4435172184793577,8.785247802734375,10.078048706054688,13.722370800593453,3.1042340976608713,6.455630406905567,1.6164807287918008,10.87243498886754,15.132061359639241,2.6664599205626542,18.54248046875,83.59185290650149,1.6613218838406971,9.848785400390625,11.1297607421875,12.066089706521536,3.003655196289012,6.160197822431263,1.5610981504697239,9.916917999761903,13.170223327692709,3.144922326926219,22.42431640625,43.447514717473474,-0.14053748039948966,-0.08042726423392443,0.8511195113392923,0.050683422136563294,0.013863363548226062,-0.3902435302734375,-0.04515559473918663,0.9142640613572022,0.16435807919626952,0.5565740880370114,0.5681991966191581,-0.011625108582146715,0.6042357287451806,0.49163005308298774,0.1027549874281042,0.6471111250193641,0.6982520949721194,-0.03801276028116142,0.5774051592304993,0.6248436255334462,-0.03945811092475345,1.1810353770379878,0.8065005681922174,0.1884417778003871,0.8713885608154718,1.3541472696480115,-0.2169179664758856,1.406196591899538,0.8900799924150671,0.2247623830519084,0.6558870208620854,1.2609981628630715,-0.3156741697321217,0.7134652708858569,1.5721396674176182,-0.37568801956310316,0.516116599484471,0.8586743965317614,0.2247623830519084,0.37568801956310316,2,3,0.21208664351427745,0.002738186183549746,0.003565875857233932,-0.1312946586390659,0.0007848205297152919,0.0009281343932401483,-0.08366421378763075,0.8455802086736597,0.0014154487059310093,0.0020206795815574364,-0.17613693774496036,0.7004780540512607,0.00043706679530209155,0.0005046612277475214,-0.07177625920480517,0.8660426259147644,8.00711427466856e-05,8.759720312023676e-05,-0.04488391351095625,0.913978986828192,1.3198145653031761e-05,1.454869300272629e-05,-0.0486563821782479,0.9065474250030721,0.0004584184372636546,0.0005307833979086296,-0.07315415977849854,0.00029358063010871926,0.00039726941769177907,-0.15008653042417977,0.0015545836686114555,0.002234329459796396,-0.17940342628977468,0.00032976999285955,0.00030241639243437613,0.043267568530080076,Side II
Train18.csv,15.250687003926451,54.90247321413523,5.711111111111111,514,0.1027819639732721,0.23736477827122826,0.33600968764123595,1.873779296875,3.3721923828125,2.201520307688891,0.06230994861042399,5.516034309313536,1.2969852128092145,7.242906299408068,8.727175925058846,0.8339500956224178,5.18798828125,11.145897752147816,0.340620126803761,1.8260955810546875,3.340911865234375,1.6637035125409683,0.05402312574012701,5.426963857361861,1.2974780837211686,7.081082583895258,8.53107322750794,0.8551175777139393,4.345703125,5.201573837624089,1.403566243992707,7.35321044921875,8.637237548828125,15.099852547179166,3.5163313188912735,5.279280832631136,1.668364234520336,9.360807814724154,13.688424732951102,2.8791466538818975,16.357421875,63.27234065362779,1.5100597040350794,7.9601287841796875,9.189224243164062,12.914706228121503,3.376563424938329,5.208393398356751,1.7310765143900917,9.611417517658927,13.96072201971953,2.7109831275727982,13.8916015625,37.55935209268874,-0.004610439162525071,-0.006813827880417133,0.9864645431541786,-0.021167482091521417,-0.01253205084695601,0.0476837158203125,0.01288792655553673,0.5378167951479229,0.13914247111426395,0.23939709770407597,0.2255673226945304,0.013829775009545575,0.25325443525939995,0.18417826396112882,0.15791267969274525,0.1979610159190439,0.21857567210017215,-0.049490612181732056,0.37157686307623927,0.3860392090912541,-0.019089280646787415,0.40270603868344174,0.5897791902945466,-0.18848960595498976,0.6295606632135811,0.4051046318644315,0.2169358827898707,0.3315335077163406,0.5451152007375313,-0.24363429561373284,0.3070422718991448,0.23336437407720909,0.13633788001522978,0.3169126931556694,0.27139240188934977,0.0773753123608136,0.22445603134914954,0.21358169302119068,0.2169358827898707,0.24363429561373284,2,2,0.15544588824149197,0.00043021376591800034,0.00044870375463636165,-0.02103722850660557,0.0001619506405931561,0.00013764124656693688,0.08113898833096952,1.176528688495407,0.00012478658881298466,0.00016338146660563479,-0.13392719211941934,0.7637276989144868,0.00010146727927582989,0.0001086338238015413,-0.034108357058467306,0.9339442936137747,3.7005464457527176e-05,3.433585471614296e-05,0.03741500188505766,1.0774361204100176,3.264586042722914e-06,3.2173790130610057e-06,0.007271608712657766,1.011528559091242,0.00012301403510018728,0.0001303582257492401,-0.02898462830204637,2.5665379529966495e-05,1.9972846094117685e-05,0.12470437477082147,0.00013510923398516133,0.00016924370644337615,-0.11215055423684006,0.00012871359459769538,0.00011199581858396316,0.06944922219927553,Normal
Train180.csv,18.54412330243975,66.7588438887831,6.944444444444445,625,0.051390981986636046,0.11868238913561413,0.5538698138252272,3.7567138671875,7.0034027099609375,6.309845683206218,0.24270528964357596,6.344784521437768,1.4266312882925702,9.332417239025002,11.866304742218965,1.2700040611724048,13.90380859375,31.19368002099243,0.5696445798985736,4.035186767578125,7.236480712890625,5.8750816765226705,0.2098926513720497,6.540048769716355,1.4315097383089024,9.639742790618776,12.26343582552365,1.0653921972124574,8.94775390625,19.416990100950624,1.4004784680429423,8.608627319335938,9.799957275390625,23.488814099910194,3.953998861522918,6.493895679099828,1.6492322305039593,11.410537665070988,16.87044124698264,3.7995556132326165,20.42236328125,209.1353835606286,1.4693721333574004,8.783721923828125,10.0799560546875,17.836089272278436,3.628240971337567,6.044231696329941,1.5704817503032094,9.585288579939206,13.039993168713536,2.8728056235196364,19.86083984375,71.08771392363455,-0.01577476607334649,-0.014040555262186458,0.9723076873666873,0.20461186395994746,0.08761333857121176,-0.278472900390625,-0.035738764274117776,0.4347640066835474,0.03568047584457787,0.3954861302825705,0.38767890249843745,0.007807227784133064,0.25029234631208347,0.23662531113339627,0.028068472541546253,0.287816726848202,0.2656192428301552,0.04010849462831705,0.6702781236054459,0.4998502544338799,0.14564886290566453,0.753116705658853,0.712379523180424,0.02779753464989736,0.5622813773482889,0.736194016565806,-0.13393602889456263,0.7583173785631627,0.5693315796987959,0.14234621001647027,0.6654876730745959,0.7275922973409251,-0.044580803069042,0.8002297409617632,0.936475456209962,-0.07845068621063146,0.18898579886436684,0.1739126392175171,0.14564886290566453,0.13393602889456263,0,0,0.09267543896931144,0.0012756326637309615,0.0012588201337059054,0.006633593666474637,0.0007049167130457354,0.0007006834019738902,0.0030117249631389583,1.00602733101232,0.00014678694409882043,0.00014718734467346822,-0.0013619795000607232,0.9972119023236582,0.00015782932534882667,0.00018621663668564245,-0.08250783148461126,0.8475120861214311,0.00025049931175034874,0.00020599375478468494,0.09749235049716426,1.2159939124030557,1.122956690861278e-05,1.3175125509316932e-05,-0.07968802421919388,0.8516844910333006,0.0003558637538009374,0.0003369252971900387,0.027336146872327882,6.125666550888678e-05,6.654693107987899e-05,-0.041390475756764696,9.423296239226038e-05,8.749621595217927e-05,0.03706821226688587,0.0006340230804897987,0.000665515974378995,-0.02423370920182458,Side I
Train181.csv,0.0,0.0,0.0,0,0.0,0.0,0.07052683002127663,0.1983642578125,0.295257568359375,12.052903173190456,1.357470276678511,3.2316033046432047,1.0824609355816872,3.6765935987163636,3.963007597217347,0.12295898447195044,0.37841796875,35.523557834925505,0.05522506181196914,0.2208709716796875,0.3650665283203125,13.752307461290687,1.7744256399965364,4.582834111395628,1.2288247741122427,6.061342717354476,7.494081439959781,0.12734800694377185,0.30517578125,52.70668076878494,1.1714853189719934,6.0977935791015625,7.2803497314453125,16.57657553908018,3.436748978918648,5.21354372260865,1.5648534388661064,8.55538762198491,12.041402153605762,2.296753902876073,9.43603515625,73.77849189363637,1.4120359479032818,7.555389404296875,8.848190307617188,16.068530971367235,3.337034800588492,5.180530944695909,1.6428833010961652,9.050558166865748,12.766351445791003,2.305195542282929,12.41455078125,77.03727303741358,0.015301768209307495,0.12168220111373361,1.2770799151046297,-0.004389022471821408,-0.017534557351561657,-0.0225067138671875,-0.05368516705429987,-1.6994042881002311,-0.06585508297192202,0.060202913580800564,0.039110237599028486,0.02109267598177208,0.07790819124969894,0.06812811288808576,0.06697018080301394,0.0687034123969731,0.06833364820020132,0.0026982786129361286,0.0861248228904553,0.0435612318656157,0.3282048160293727,0.08988470719589768,0.04921148488754233,0.292410732278345,0.05521000163838516,0.06981248023324002,-0.11679881256765294,0.05040735366284686,0.05075655850421337,-0.003451871318214013,0.08859624536219302,0.06669665397303931,0.1410211933236362,0.08188218241775734,0.059868488427560554,0.15529868258071167,0.042563591024839594,0.014602478594854862,0.3282048160293727,0.11679881256765294,3,0,0.1421057158919459,2.4688592615839573e-06,4.076661137226718e-06,-0.24563392636205045,1.2069355349836438e-07,2.2502010640277835e-07,-0.2932880141105844,0.5135456508198465,6.73945270573868e-07,1.4644787040174594e-06,-0.3679596964067423,0.45707358725330755,9.646104807603812e-07,1.5157816735791565e-06,-0.22131903678637643,0.6322074104466152,1.3790591048983617e-07,1.8573561258852944e-07,-0.14335656322806992,0.7045519651027355,2.765104580976181e-07,3.3306122395693503e-07,-0.09127396796410982,0.8060090700671226,2.7605189756469606e-08,4.6713897129709485e-08,-0.2266237465193901,1.4517658113205316e-08,2.9308053101362795e-08,-0.2747830851541894,2.0489440466573538e-08,3.279754411353713e-08,-0.19448080404879467,0.0,0.0,0.0,Normal
Train182.csv,5.5780722893738774,20.08106024174596,2.088888888888889,188,0.0,0.0,0.2581687680231532,1.505279541015625,2.7095794677734375,6.25900648005749,0.32420761363840533,5.234948196307541,1.4034268299223198,7.894162006718313,10.320720447263717,0.6106105407595949,5.84716796875,52.88546635891607,0.30383960833198503,1.5285491943359375,2.8293609619140625,4.631808306468285,0.12223287829074259,5.123012162660288,1.3623701502760912,7.338411073527388,9.280835759948193,0.7200429109859479,6.787109375,35.78046755961345,1.2822615934668544,6.722259521484375,7.8884124755859375,16.797961138737108,3.5269023910209363,5.539411670889187,1.653961799195696,9.639830546434828,13.967267205625676,2.308912042276356,13.037109375,64.20329229365203,1.381227702578664,7.3818206787109375,8.655929565429688,26.396799084294273,3.933790993782009,5.5132860155017225,1.6375373833327955,9.648910591767168,13.900904240836581,2.331227689666967,12.51220703125,241.89276035141307,-0.04567084030883184,-0.08126362776368254,0.849687639289586,-0.10943237022635299,-0.0822395712876291,-0.0232696533203125,-0.007670061586688538,1.6271981735892052,0.1494101409297943,0.2013386093174291,0.21997792656848444,-0.018639317251055332,0.41796233715948977,0.517670025853775,-0.10656716416638098,0.22723076362523187,0.300105673834633,-0.13819433600774877,0.214465988273687,0.1582381127368898,0.15086465073952868,0.28179552894907467,0.4602463033409584,-0.24048613463785615,0.40440836120259555,0.18491739608504174,0.3724442020035159,0.2396902186278104,0.19564299278267508,0.10118048354412676,0.2596787759254234,0.361940885024396,-0.16450912652541808,0.2126134678187443,0.3889362452071624,-0.29311421922277986,0.2194909651175538,0.17845077439188373,0.3724442020035159,0.29311421922277986,2,3,0.21222289930920818,0.00026143480137912794,0.00039729616860520694,-0.2062471227507489,0.00015801620733958335,0.00022288684220538466,-0.1703029994464475,0.7089207984112306,7.674982357043173e-05,0.0001311577242045217,-0.2616801766678212,0.5851273553451343,2.042067011126474e-05,3.6916783718317135e-05,-0.28765206657776854,0.5530042981007113,3.7421786756831924e-06,3.5462909866870517e-06,0.0268395565177323,1.0522701009821778,1.0248583646292238e-06,1.0931627170794919e-06,-0.03209759200102586,0.9290183114077943,3.583323353656612e-05,5.988823755997046e-05,-0.2512758212933659,0.00014406419584917402,0.00023386941171576412,-0.23761538512371796,5.42942794043715e-05,6.29501607502484e-05,-0.0738213523894076,2.822035124798495e-06,4.199856006914029e-06,-0.1959388813489756,Normal
Train183.csv,17.23861702194799,62.05902127901277,6.455555555555556,581,0.09840623849644604,-0.23736477827122826,0.3976240774611459,2.3342132568359375,4.3254852294921875,3.712917188547694,0.19517854053443032,5.816384048525988,1.3320185683531676,7.913265132193034,9.684237511285435,0.9385580053329171,6.31103515625,14.179992766669965,0.4322458771159797,2.6020050048828125,4.637908935546875,3.936837778293521,0.23304728503576078,6.068267160227913,1.374280328218167,8.493455687584255,10.576042368270805,0.956333863875549,5.79833984375,16.4460910691751,1.4190231013678352,7.9769134521484375,9.346389770507812,15.154021815377797,3.419243900691484,5.700552417926778,1.6982401475105515,9.944725301751559,14.535485078741976,2.2663365200483856,14.12353515625,73.51583708298347,1.5646563753296316,8.7188720703125,10.2264404296875,14.755920390479442,3.4626214262634822,5.871660049959342,1.654716109616796,9.87255453084028,13.31039689611028,2.135027908588355,12.1826171875,59.28339316807944,-0.03462179965483381,-0.041719547799848294,0.9199025122347917,-0.01777585854263186,-0.009380935523380464,-0.267791748046875,-0.054250386288860794,-0.22392058974582696,-0.029271602871428135,0.2802097261670849,0.2762561040038941,0.003953622163190784,0.19204399364576527,0.21154124782884706,-0.04831012558522167,0.3359812719083556,0.3340006205305314,0.0029562759391173667,0.44421159450686576,0.42714894525387015,0.019581617801816695,0.5949037410103868,0.5172276948020889,0.06984430347759041,0.40413001666921294,0.29351219001610035,0.1585595366901501,0.32310364742119674,0.3852647506676717,-0.08775250637472884,0.4990972288931359,0.6639085394832631,-0.14171151481311656,0.5605641438818101,0.7518390123057976,-0.14574398580553627,0.1106178266531126,0.19127486842398755,0.1585595366901501,0.14574398580553627,1,0,0.09877154163321374,0.0006391573148974285,0.0007591694054014554,-0.085825500408356,0.0003818207136457398,0.0004661824788639973,-0.09948166604411503,0.8190194628968449,7.523036448844202e-05,9.331346528720996e-05,-0.10728383225012958,0.8061248503462118,6.210232392516924e-05,7.543809832059404e-05,-0.09695189718572862,0.8231131772372057,0.00011105845803271353,0.00011395100860488501,-0.012854668155578002,0.9745303186791289,6.4370239759038695e-06,6.962868283406076e-06,-0.039213164232332606,0.9231529571873026,0.00015545173837979055,0.0001705586439933088,-0.04633730413894748,3.111724423771436e-05,3.0897359812211593e-05,0.003545116149806883,5.705182180334705e-05,7.586119823375653e-05,-0.14150578601929978,0.00032056037680932333,0.00034686665164714546,-0.039413867850063185,Normal
Train184.csv,0.0,0.0,0.0,0,0.0,0.0,0.07076856731988548,0.2140045166015625,0.307464599609375,11.858280462425208,1.5270378933450597,3.4636148344151434,1.088238489345673,3.9428970963554333,4.194573557621694,0.1274438032019858,0.45166015625,32.297206990118745,0.052695101753644606,0.1903533935546875,0.3170013427734375,9.222535206038584,1.1967004127911818,3.8946013306505374,1.1725455243792222,4.849792378369073,5.765548858404512,0.13565488793621458,0.3662109375,37.97324254593415,1.3361376762118882,6.5074920654296875,7.5931549072265625,13.032157477688632,2.7900117342829143,4.73262662519996,1.6708543516018628,8.669024318233083,13.04741089686964,2.8597201597624604,15.869140625,52.58837385525481,1.431313066251447,7.04803466796875,8.316802978515625,12.374492379203051,2.604683467025374,4.489457754467174,1.6219677573583873,7.981602099616209,12.256203099696206,2.274294924205622,12.36572265625,49.61678056355344,0.018073465566240877,0.1463869026248362,1.342981634629342,-0.008211084734228769,-0.031209142039495107,0.023651123046875,0.05849056459123108,2.635745256386624,0.12503051573470694,0.05296502602252237,0.036815915838378996,0.016149110184143375,0.07915833872777583,0.07503507310627475,0.026740865936153352,0.06096287834678949,0.06033003339735232,0.005217492829236206,0.08650027582918411,0.03867871580403903,0.3820254148156826,0.08934921492907863,0.044050852879787945,0.3395677333426554,0.06268066876958128,0.07377577646416314,-0.0813087785079598,0.047235138574322044,0.0404827378007115,0.07697860781484157,0.09285866687317869,0.07341329297365427,0.11694920026169882,0.08172928773175939,0.054858179775289485,0.19673185600109766,0.04782156002514508,0.011095107694581857,0.3820254148156826,0.0813087785079598,3,0,0.15235203246512294,2.0226240226167412e-06,2.809482411158322e-06,-0.16283962270401628,1.2964907810025484e-07,1.7787374687407185e-07,-0.1518778021004198,0.6900861895683387,3.111031707277104e-07,6.3057946573685e-07,-0.33569625289789196,0.485658981231708,7.863073832160393e-07,1.0639011987790511e-06,-0.1492272523897777,0.7321971370457679,1.7967463230313765e-07,2.1824439466981185e-07,-0.09455249649149583,0.7872028251255093,2.840854431597143e-07,3.4524924490381275e-07,-0.0956678917725499,0.7996792315114793,2.7773284529828066e-08,4.1274687781149395e-08,-0.1708001211999005,1.9294662311188738e-08,2.793902908212058e-08,-0.1510363312323828,2.6302656156706022e-08,3.2858074438434305e-08,-0.09478526651349325,0.0,0.0,0.0,Normal
Train185.csv,18.395770316020233,66.22477313767284,6.888888888888889,620,0.08392112216521339,0.23736477827122826,0.4961481826742129,3.179931640625,5.8284759521484375,4.8140870943794285,0.1482231402960933,5.863323307534308,1.3930813194646974,8.438516508856834,10.599288589236384,1.1439795287220502,7.80029296875,18.604322673540064,0.548602354220622,3.971099853515625,7.135772705078125,6.857755008516754,0.2964301629822652,6.478165972242744,1.4752864078600698,10.005792871307875,13.05010162803784,1.111726652534154,11.4013671875,34.19053505518274,1.509851862325497,8.819198608398438,10.249710083007812,13.033089696729,3.143183602452698,6.02869279694953,1.6888453786194124,10.59097523676774,15.301711302290055,3.452295510101128,18.27392578125,54.96060965491944,1.6734649172874732,9.651947021484375,11.13739013671875,12.388511266229447,3.28401388942659,5.799253215612498,1.7165445829048624,10.256292320825976,14.767899651182928,2.378333115087039,25.10986328125,31.283622542049187,-0.05245417154640908,-0.05020736452573415,0.9043857902053909,0.032252876187896184,0.014298349808551325,-0.791168212890625,-0.11063693572493967,-2.043667914137325,-0.1750938621658772,0.3286071910551317,0.3278242317930463,0.0007829592620853809,0.27699782060633416,0.29813801483120084,-0.03675687125497153,0.2786445068018821,0.3001012608876159,-0.03707457559585957,0.3222925637285505,0.38176592504495566,-0.08447218721172998,0.8306121409908399,0.8714363596165319,-0.023985343761514732,0.6018361732401732,0.6604936995666024,-0.0464676683372217,0.6283121857311739,0.5890173712627438,0.03227952029906329,0.565612707346964,0.7533534696688333,-0.1423393292186199,0.5900212488197109,0.6985234607691794,-0.08420523579816937,0.039294814468430084,0.18774076232186931,0.03227952029906329,0.1423393292186199,0,0,0.04824447896930588,0.0010066006952207094,0.001222352711633577,-0.09679521148777966,0.0005410067777681922,0.0006748139908715011,-0.11005414285823369,0.8017005694618374,8.868706853660119e-05,0.000133002864430004,-0.19989088539813912,0.6667555722271616,0.0001314215944152445,0.00018655912331120292,-0.1733935169245747,0.7044123490682289,0.00023245525796804993,0.0002125578421057367,0.04471097311356233,1.0935579703181102,8.529173974090375e-06,1.113735517916495e-05,-0.13255291036138211,0.7651298300812998,0.0003299912296147074,0.00034891767798996584,-0.02787733286444141,3.553545466736255e-05,5.243482725035485e-05,-0.19208136430839418,6.350386728412084e-05,0.00010029756129440465,-0.2246100551686856,0.00047633116612140366,0.000545805736281567,-0.06796926155803552,Side I
Train186.csv,4.628613176288962,16.663007434640264,1.7333333333333334,156,0.08392112216521339,0.0,0.24957183323389245,1.7459869384765625,3.08990478515625,9.35628748043003,0.2601317206922492,6.409953444199184,1.4528624366243006,9.96369808327654,13.04214473202947,0.6375319898283272,6.3720703125,56.25062150225062,0.24662386977584128,1.7887115478515625,3.1208038330078125,11.62822311653191,0.4996158966565034,7.031922595160983,1.4748389408944458,10.829832599588528,13.952270048289488,0.4459889444137761,5.078125,79.46342048552782,1.2402140154679961,7.3085784912109375,8.523941040039062,22.14587175733005,4.006576034328385,6.17959769223847,1.6131063412308688,10.641033541415881,13.887792699502704,2.5646425541848106,17.34619140625,100.55119464493845,1.3439063465862193,7.17315673828125,8.36334228515625,16.009210294435587,3.58647911779821,5.653812242907003,1.6906935954082902,10.363529542086074,14.933173142600491,2.338037245637515,11.669921875,49.0710420197123,0.002947963458051178,0.005941130446633563,1.0119532360805068,0.19154304541455103,0.17677835064695568,-0.042724609375,-0.012087200483827033,-2.2719356361018797,-0.10826726811289701,0.20123287441433044,0.1835126893828476,0.017720185031482844,0.4304343322314973,0.2842652693411653,0.20451817871943978,0.21306280295489508,0.19060480917640485,0.05563486528821817,0.31461545059745044,0.27490873989978004,0.06735382646578379,0.25600544931108604,0.2602053126332119,-0.008135946691517395,0.20681059072367716,0.19887517773280422,0.019560490932329262,0.303738442552334,0.26032180329879323,0.07697163344371448,0.217676320680726,0.22636385957182265,-0.019564758059750362,0.22539698130670827,0.3450619846099006,-0.20976969134531645,0.146169062890332,0.11966500330319235,0.20451817871943978,0.20976969134531645,1,1,0.10946918704650442,0.00019923584147467957,0.00017736507085646292,0.058074130736533745,0.0001228570465590043,0.00010729832553326557,0.0675980095715765,1.1448976204639278,4.6092409725142843e-05,3.709264966297933e-05,0.10817661683703804,1.2422942874382745,2.097213983766068e-05,2.2344014890536447e-05,-0.031663900511875745,0.938182243340064,5.532623188719001e-06,7.118930562331121e-06,-0.12528536424532846,0.7760803868609802,9.626092332666797e-07,1.0431818239032082e-06,-0.0399707054706603,0.9140009933889132,3.831945113419375e-05,3.299127724108131e-05,0.07470722768108426,8.165718475247826e-05,4.869084141426763e-05,0.25289078323449093,3.888454250824531e-05,5.391323499316144e-05,-0.16193354576008814,8.154260468999129e-06,7.096181169382432e-06,0.06933477580068982,Normal
Train187.csv,0.0,0.0,0.0,0,0.0,0.0,0.07157369971929294,0.2223968505859375,0.3265380859375,14.223984854174402,1.7675761271691384,3.713720841633223,1.0943199196512317,4.2577484803084635,4.582603294377284,0.12819829798043206,0.35400390625,53.90401414861207,0.05529253459778527,0.217437744140625,0.35400390625,11.14688569257583,1.5054957724455602,4.353031290022525,1.2337209063681034,5.808615122994182,7.215404215328861,0.13507812314670578,0.3662109375,21.68817102841242,1.3919108518202097,7.088470458984375,8.2275390625,14.757640535980396,3.3097983902601484,5.145311747726984,1.6687902866221487,9.041515169483862,13.10715392738506,2.9815846600222295,16.97998046875,54.141416974462565,1.525951633438931,7.8891754150390625,9.193038940429688,15.4581132941262,3.3213008060902958,5.118811973940213,1.6222718324869874,8.500665503502404,11.65105832919826,2.7977365653220208,12.2802734375,38.3830197758816,0.016281165121507665,0.12833331048104465,1.294454799285179,-0.006879825166273723,-0.02613156497457766,0.0049591064453125,0.01127493469595347,3.0770991615985714,0.12128472906420908,0.05142118053859829,0.036234788196286706,0.015186392342311582,0.07975001687764195,0.07169807364584115,0.05316635338422284,0.06703160852723174,0.0659522920893475,0.008116143019708132,0.08632945495547636,0.0425260014795634,0.3399425316425805,0.08979634402602489,0.04228952398494111,0.3596661562649391,0.060500804231752386,0.07614983949068252,-0.11451855393766712,0.04972998308402011,0.04813526675705831,0.016295019596856242,0.0898962282250941,0.0672535416475277,0.14408347626016085,0.08173013097311027,0.05887808159135715,0.162522852255498,0.04750682004108378,0.015649035258930133,0.3596661562649391,0.11451855393766712,3,0,0.15448723592761385,3.1238711220841975e-06,3.7683416159036e-06,-0.09350705184523335,2.40912514744318e-07,2.4764342235782837e-07,-0.013500807256721757,0.9350617707978058,9.348119073640141e-07,1.1533337436721773e-06,-0.10414998415398088,0.803562960714256,1.1388486093051032e-06,1.437180968668595e-06,-0.1153630886144977,0.7869427763086484,1.9227527764716697e-07,2.026363386469451e-07,-0.02558845086887372,0.9042446783586457,3.051259746086722e-07,3.558840330024397e-07,-0.07564426434483922,0.8339417604665946,5.2272098409878493e-08,5.408556555368281e-08,-0.015585283186608338,2.0041868845140827e-08,2.2293686578300816e-08,-0.04302653740732779,1.504300470835167e-08,1.4207527332927974e-08,0.021285759248945383,0.0,0.0,0.0,Normal
Train188.csv,12.19461548368438,43.90061574126377,4.566666666666666,411,0.227904182163978,0.5934119456780724,0.3065306582316866,1.8260955810546875,3.3061981201171875,5.628791909653384,0.315889445178049,5.8443337715787775,1.33998700458746,8.049866354887701,9.897110285190124,0.9332481127530056,4.541015625,48.39122343773275,0.42637692650700604,2.3227691650390625,4.19158935546875,4.263692609518866,0.24970685282884555,5.781109952110595,1.3464365100447742,8.105348996238076,10.07384473229941,2.9512902595208894,11.73095703125,23.264603144058572,1.1551484419068823,6.5746307373046875,7.5702667236328125,57.794773628927885,5.175921323932634,6.98290003915069,1.6084846361071525,11.893322465620866,16.641496319771466,2.8746792417387512,16.29638671875,404.1136155163254,1.391388999019965,7.648468017578125,8.938980102539062,49.975488591691686,4.707969589379386,5.445349143573441,1.569706694966959,8.94395341540929,12.801334551213351,2.5049547716776592,15.71044921875,411.3860599362322,-0.11984626827531941,-0.16352166239735694,0.7189194160989753,-2.018042146767884,-0.5195062960316488,-0.496673583984375,-0.11971312953859803,1.365099300134518,0.13799357442601348,0.26536040257481674,0.30643976899553615,-0.04107936642071941,0.6862504668746638,2.055356361030777,-0.4993808285078891,0.351802997980578,0.28372392451633477,0.10712224767055635,0.4137218486581388,0.5389810860010008,-0.13147774764953366,0.2859470428375255,0.26885689117832634,0.030803947671126933,0.19884015554668158,0.18850065482529246,0.02669354784620895,0.22136212596421195,0.19797459285878233,0.05577267980096661,0.26126237478333986,0.21773094138951324,0.09088108542480515,0.17032005529531685,0.1315094189244056,0.12858464265425548,0.06807907346424324,1.3691058941561132,0.12858464265425548,0.4993808285078891,0,1,0.1946625423558689,0.0005582873743082548,0.002011284247905193,-0.5654626868681388,0.0003391973525782203,0.0016956141440320333,-0.6666023499915968,0.20004277113655697,5.364146854037906e-05,0.00012213658725395232,-0.3896460337084064,0.43915650650848104,9.916900665467247e-05,0.00012109447136432588,-0.09953746999791943,0.8188715539357451,6.184682030790182e-05,6.2546259785305e-05,-0.005622364630193489,0.9886591768779338,3.0221379643267873e-06,4.804604905805118e-06,-0.22744997137418255,0.6277021735849814,0.00010653794830791464,0.0001291943992372766,-0.09610683513287223,1.595480723209923e-05,3.471257360931382e-05,-0.3701408017891471,0.00014952970357485075,0.000634166893822025,-0.6183911068975597,0.00022060226177378182,0.0011397234840154896,-0.6756576272340993,Side II
Train189.csv,4.628613176288962,16.663007434640264,1.7333333333333334,156,0.2653818898393163,-0.7120943348136866,0.1351419869764091,0.5527496337890625,0.97198486328125,1.5524961224779856,0.16768031393604216,4.051012656203743,1.2314446571827862,5.091748178415925,6.046125932735631,0.20290865747858633,1.611328125,17.444222142715173,0.12243333527228412,0.55389404296875,1.007843017578125,1.9082445765673561,0.214820132245899,4.3748003685541,1.259804331406304,5.618226349105998,6.773980416592776,0.24345316419043525,2.05078125,15.862693087939139,1.3216308297036525,6.6684722900390625,7.9376220703125,17.00924285460674,3.1629170099898425,4.900901710149178,1.6795982623111834,9.109889151007582,14.521528600197346,3.0023051510309218,16.41845703125,164.39316438584842,1.4072849511752064,6.9576263427734375,7.997894287109375,15.889908528766226,2.989707068764827,4.568845048843108,1.5822920553200805,7.7188547889587,10.871546280169099,2.52535641050358,12.01171875,151.16679794326615,0.012708651704124996,0.0493395527948095,1.1038004938594284,-0.04054450671184892,-0.09083327434213231,-0.0011444091796875,-0.0010341261540472264,-0.3557484540893705,-0.10279546605717971,0.10225395996866403,0.08699967572313254,0.015254284245531491,0.08571437567112948,0.07303965221741879,0.07983874692125224,0.1916218924746335,0.20194368543275268,-0.026226360421907912,0.12716980562683577,0.07895906588097978,0.23388638890968821,0.12588046348916618,0.10819472683151625,0.07555578990606658,0.18661093531996492,0.19639434647886694,-0.025543801530660368,0.17841116981518285,0.15951764324270462,0.05590978124183787,0.1058260552026349,0.08841839324465021,0.08961728997128043,0.09859458257985612,0.08710939980408183,0.06184671976264779,0.04821073974585599,0.010321792958119191,0.23388638890968821,0.026226360421907912,1,0,0.07582532178203633,4.965677960835142e-05,5.185811319394094e-05,-0.021684833868433236,2.43402822696729e-05,2.7136796013725915e-05,-0.05431486573505386,0.8966171277585027,5.858778855040738e-06,3.7438135751041243e-06,0.2200202802008054,1.56075381417369,6.627008099427515e-06,7.264192309966289e-06,-0.04583663221689785,0.9110300933820413,1.1747725129949748e-05,1.2489807162156949e-05,-0.030604435258295183,0.9398325092178924,6.695381270554484e-07,7.404979834909049e-07,-0.04997045913723627,0.8921251512777214,4.269301789582014e-06,2.440550307186701e-06,0.272141626937694,2.3776845945473784e-05,2.623343843455704e-05,-0.04911192568237337,1.837916643731276e-06,1.936257969556958e-06,-0.025987523271350524,1.4084008767442453e-07,1.017921842974155e-07,0.15456419353011855,Normal
Train19.csv,0.5044001538263612,1.8158405537749003,0.18888888888888888,17,0.22790418216397804,0.5934119456780721,0.07011061133673938,0.202178955078125,0.2956390380859375,9.882578699165585,1.275058160409176,3.156803434569219,1.0731402753902954,3.521620640057039,3.7356493066890177,0.12240134558202963,0.439453125,38.65263319242629,0.05277866728417594,0.1995086669921875,0.3368377685546875,11.569137598563948,1.3395696419398373,4.293889180463185,1.1782833134504682,5.375262074023821,6.524207140394246,0.13031204543731958,0.32958984375,41.14981109296898,1.2002475253005613,6.146240234375,7.14263916015625,18.200697562723683,3.5339274207295297,5.065239807171052,1.5300747228893428,8.174285171175713,10.897966785569547,2.316293784462135,15.8935546875,97.36654938432063,1.343007943343792,6.9377899169921875,8.095550537109375,15.798604532605044,3.163551113554452,4.917735177026885,1.5846659918696164,8.644846326686759,11.952973725321739,2.0825396126497813,12.3779296875,63.99227906853105,0.017331944052563435,0.14103706065081414,1.3283889431188887,-0.007910699855289957,-0.031303048526042626,0.0026702880859375,0.0066476731488463794,-1.6865588993983636,-0.07862116369638258,0.05841345995281094,0.03929884938713041,0.019114610565680534,0.08125088397792303,0.07368017843627137,0.04886499153257043,0.06618721686168479,0.06669941870015726,-0.003854426728185491,0.08444365516241102,0.03511744582916055,0.4125606472218856,0.08819787046122592,0.046125499652854486,0.3132170346862885,0.05914612123455813,0.06999290204676052,-0.08399304638260362,0.04533116843977412,0.04367252028641952,0.018635721628346907,0.09178435463439003,0.06945704239910137,0.13847133094448286,0.08138160958673175,0.05438362573849397,0.1988578430625901,0.04932620933325047,0.010846780812202389,0.4125606472218856,0.08399304638260362,3,0,0.15847560476369885,2.2720392406834794e-06,3.0732281751233334e-06,-0.14988753080353096,1.5643798009842583e-07,2.5026228071498573e-07,-0.225160167726826,0.6010781880058205,5.440221146785727e-07,1.0160697019630108e-06,-0.30064967047223073,0.5301999597471638,6.501627140147161e-07,7.255777808124272e-07,-0.054422214750329774,0.8838803060318485,3.8372206745521936e-07,4.5467118443184957e-07,-0.08362763001570217,0.825792690210377,2.8219110117543205e-07,3.1554461626585367e-07,-0.05488161076141449,0.8668277313638101,4.419313053452329e-08,5.710402145224373e-08,-0.11600378524740253,2.058268712328782e-08,2.996578568820783e-08,-0.15496837705770425,2.078829148667658e-08,2.8969298536214818e-08,-0.13690322930366386,0.0,0.0,0.0,Normal
Train190.csv,12.402309664671707,44.64831479281815,4.644444444444445,418,0.05934119456780795,0.1186823891356159,0.40034512616028894,2.60772705078125,4.744720458984375,8.057727173886107,0.33035094461684317,6.136962820634995,1.4125517709656419,9.102657505119307,11.731046068888752,0.7682129755846293,8.056640625,54.23284475523365,0.4848948251282459,3.63311767578125,6.4212799072265625,9.081928214102383,0.48505672699009394,7.153750326487025,1.4931930797206903,11.159850747858757,14.719621534982597,1.2796655837011628,12.73193359375,61.15758607609264,1.2673676270637064,6.99005126953125,8.118057250976562,43.04112568962173,3.8113056020992913,6.078842561436009,1.601631090952328,10.080803983050895,14.239131845606487,2.322144732204015,13.09814453125,929.4462284319526,1.4143522033560236,8.254623413085938,9.450912475585938,23.933277447207253,3.691676232814521,6.2016202167964085,1.5980871110887627,10.013431813452161,14.24248139938942,2.816928264900621,17.68798828125,178.66429959058354,-0.08454969896795694,-0.09551048604368058,0.8256328943046072,-0.5114526081165335,-0.24974752692241178,-1.025390625,-0.16430317822083684,-1.0242010402162762,-0.05975622125614476,0.31588713049973904,0.3428388067337702,-0.026951676234031163,0.19271621279888895,0.21535099145020253,-0.05546826076916071,0.41041120143904886,0.5520376390464795,-0.1471521707735264,0.47940103787179333,0.6810785260416685,-0.17378805513117504,0.5227785909558749,0.40565705584892775,0.1261493289799092,0.5779726207806699,0.39065508726597087,0.19338444484373038,0.3601422464374858,0.4983672775680136,-0.1610058195692004,0.4757764931927998,0.8112993401465947,-0.2606861504627893,0.36264237247065567,0.6472482893054806,-0.28181854213414687,0.18731753351469904,0.33552284695379486,0.19338444484373038,0.28181854213414687,1,4,0.16173767205646952,0.0005307054405606618,0.0009891235716176735,-0.3016248060694484,0.00028124474251801603,0.0005921104147017464,-0.35594008945047495,0.47497896633015124,0.00010199410610467031,0.0002229062620539308,-0.3721400355258552,0.4575444840358689,8.374362103050465e-05,0.0001048898052674703,-0.11209605684093034,0.7983200809284415,5.7900057819799104e-05,6.110788031229423e-05,-0.026952428708140568,0.9473505547631396,3.658962067940668e-06,4.061568901284229e-06,-0.05208010095895497,0.8986614635912415,0.00010148648360827087,0.00012045060353808751,-0.08544432897788445,2.8013932364976885e-05,5.963027825472837e-05,-0.36069397769060413,0.00016176138821570658,0.00029506386674896685,-0.29179551508906293,0.00017590920883139925,0.0004150288404350804,-0.40463731439758677,Normal
Train191.csv,0.0,0.0,0.0,0,0.0,0.0,0.07156878184429968,0.21514892578125,0.3276824951171875,11.857145863641684,1.5759763415141388,3.4727931240415657,1.0934681798630264,4.003910068727542,4.323938312945012,0.12959153634915732,0.37841796875,36.71983397439026,0.05479412106104854,0.223541259765625,0.3635406494140625,14.491127566628116,1.7205698273209045,4.553571930618929,1.2245567394584673,5.96775422184326,7.31297897471414,0.1356245120870366,0.37841796875,61.97612661958078,1.3627240621503436,6.829071044921875,7.950592041015625,18.28727284609015,3.469128831549831,5.179567904256141,1.620857517097519,8.822027814150669,12.69732005585654,3.0443270471156354,16.9921875,114.09371039314541,1.4961260351851688,8.012008666992188,9.319305419921875,24.669209889631063,3.8504398100580146,5.345930001075219,1.5992175562889606,8.66561856050997,11.762301347202099,2.7989520746271603,12.2802734375,137.70708081621487,0.01677466078325114,0.1327498741328965,1.3061395528758686,-0.006032975737879281,-0.0227473998876682,-0.008392333984375,-0.01913043434652795,-2.633981702986432,-0.0999679052579113,0.05251890922523001,0.03662400052280817,0.015894908702421842,0.07975856473278223,0.07192676587394986,0.05163187706541483,0.06825157930656847,0.06627515868452509,0.014691655388668373,0.08593782511562925,0.040023288876199666,0.36451354818339077,0.09105283443180556,0.04255625661916313,0.36297361056371563,0.05974684027373464,0.076327897718671,-0.12185256772154193,0.04913113986173911,0.0472542205166889,0.019473072912217407,0.08922609228864148,0.06702952442749137,0.14205291884607948,0.08196414746107497,0.0576572602139596,0.1740913940846028,0.04849657781264243,0.016581057444936362,0.36451354818339077,0.12185256772154193,3,0,0.1605905925968764,2.2693244721163953e-06,2.9694112743377763e-06,-0.13363659403802405,1.580212853117675e-07,1.8004216835102463e-07,-0.0632668635776717,0.8315064318772045,5.658558627498973e-07,6.922682655109343e-07,-0.09968456552782833,0.805754567790714,7.931674287125986e-07,1.192251604972118e-06,-0.20000018518545215,0.6597349718081629,1.7484487877075647e-07,2.2066253764872965e-07,-0.11298846093255192,0.7580115980386181,2.5992325961352214e-07,3.126879729837021e-07,-0.09056590470279816,0.8054941038247185,4.477964006006296e-08,4.684259986228883e-08,-0.020300278795292753,1.8441486538492602e-08,2.8914192892308564e-08,-0.18259231618816643,2.20396449968591e-08,2.7104309921649775e-08,-0.08563284162800733,0.0,0.0,0.0,Normal
Train192.csv,0.0,0.0,0.0,0,0.0,0.0,0.07003637345333635,0.2048492431640625,0.301361083984375,13.59973668169398,1.6228231903572485,3.291264292605372,1.0700949735295815,3.6390401392761733,3.823361700909431,0.1283598793841788,0.42724609375,52.09120518543876,0.053475551919817906,0.1934051513671875,0.3143310546875,9.041439904200981,1.3100726232670539,3.9798225172875084,1.1934343750416538,5.1142499734079205,6.205581054525119,0.12733197538082824,0.32958984375,18.35369230430749,1.2567218076726947,6.402587890625,7.2902679443359375,16.956663762797593,3.365831805259552,5.2676198765052735,1.6215975972959447,9.35921381228466,13.283822163951893,2.9674533948837984,16.943359375,69.06427259361196,1.3910702794779257,6.735992431640625,7.69805908203125,14.028141287715252,2.899392842024203,4.48670273035062,1.5838086523133517,7.7217689109055225,11.895287362768252,2.5418305611272527,12.060546875,65.35699929731216,0.016560821533518448,0.13408276279927844,1.3096893410554524,0.001027904003350566,0.004020088806091889,0.011444091796875,0.02873563146236845,4.558296777492998,0.20132773392701933,0.055729416381929076,0.03844202002178301,0.017287396360146062,0.07851854385340414,0.07191529284848794,0.04389471618047207,0.06729435297285855,0.06801617162911149,-0.005334534065483109,0.0857756998875793,0.041667034227021574,0.3461057431476342,0.09304388680452176,0.053044467079221204,0.27380291394824624,0.054723387251015256,0.06855908241204323,-0.11222758658685407,0.04807528919414677,0.04094640249174605,0.08008032386927987,0.08921339904184629,0.06753158730948258,0.13832538350229698,0.0805130984492715,0.053485919197919424,0.2016968311330777,0.044108665660557725,0.01383569516102797,0.3461057431476342,0.11222758658685407,3,0,0.1408937086198635,1.9490674748745514e-06,2.9868495688445915e-06,-0.21025112147915806,1.5900780710558184e-07,2.3111236492868736e-07,-0.18020725487674227,0.6594759549250442,4.769139393753664e-07,7.671987639138851e-07,-0.2314662978671438,0.6136318809536979,6.307982612802057e-07,1.1252362222034928e-06,-0.2799707285148552,0.5556537476013818,1.625576387320148e-07,1.9562356108520416e-07,-0.08980882883103404,0.7905593983203891,2.4759392033340857e-07,3.262279845941437e-07,-0.13468844453599768,0.736387010237342,3.3284798833216495e-08,5.529866484846063e-08,-0.2233018114105446,2.0348536287934772e-08,2.9155305898160402e-08,-0.1480033773732277,2.239795696596654e-08,2.773267467167348e-08,-0.08871880371812961,0.0,0.0,0.0,Normal
Train193.csv,5.340707511102648,19.226547039969535,2.0,180,0.0,0.0,0.2647353064900839,1.8695831298828125,3.41949462890625,13.868535656871758,0.5867038013188708,6.678464267963384,1.5440571365295075,10.927509341922146,14.652406682705395,0.546042448916767,5.35888671875,77.92793708656816,0.24720858459171086,1.769256591796875,3.070831298828125,10.550159631093766,0.4783398070749688,6.605478754532398,1.4848760297615347,10.54481308144383,13.936631179569801,0.6271471691801872,5.74951171875,89.25708757642931,1.2643054275511665,7.0514678955078125,8.221054077148438,30.979648691852223,4.614503688277672,5.9880432410330515,1.7235423398246712,11.689300329560744,18.294106839113958,2.9694605504034715,17.529296875,130.86406611115822,1.4416938461043807,8.033370971679688,9.301376342773438,54.1823287121681,5.343858922446892,6.116606070965752,1.6160133460483133,9.97971750717541,13.586954743205714,2.752100275246459,13.232421875,469.82277157080836,0.017526721898373065,0.03423562984408474,1.0708984731187043,-0.0811047202634202,-0.06913180812464323,0.1003265380859375,0.027571024140606158,3.318376025777992,0.13589489468155436,0.20939189109464704,0.17147092882791104,0.037920962266736,0.2116348255104966,0.11906986011073535,0.27990218048122073,0.42698634944125213,0.27541148329939164,0.2157963150206152,0.2531829287917458,0.2925083548318521,-0.07206533529052755,0.3994788231614023,0.43009549624695487,-0.03690648565197046,0.31130398521504,0.29974459067547143,0.018917308388370586,0.2044319599728124,0.2305522056384736,-0.060048726207003356,0.1716700979772548,0.15943990395594268,0.03693695019943885,0.21154102770084157,0.2941902698806252,-0.16342520413662523,0.1515748661418605,0.08264924217978362,0.27990218048122073,0.16342520413662523,2,1,0.1403137761975454,0.00026186471638464697,0.00021286167814445447,0.10322374910036425,0.00017179123256748084,0.00010957936124335575,0.22109510283409312,1.56759041770486,5.057883701413587e-05,6.11951850895512e-05,-0.09497196357425723,0.8263815711059841,3.176567592056466e-05,3.482482305052098e-05,-0.045932795958247,0.9118942810329442,4.946078583342646e-06,4.557484889888066e-06,0.04084628168488132,1.082888877047573,9.558902830920617e-07,1.06244218204363e-06,-0.05253177217396661,0.8913210419143822,3.410355148259182e-05,4.039193053646582e-05,-0.08440156191816203,6.07080523138784e-05,6.247283371716893e-05,-0.014325584141393089,0.00012459360013455326,6.465885074621538e-05,0.3166753315801427,3.900416324344791e-06,4.788483865156671e-06,-0.10208963449007863,Normal
Train194.csv,12.669345040226839,45.60964214481662,4.7444444444444445,427,0.22790418216397762,-0.5934119456780707,0.785571244917999,6.249237060546875,10.406494140625,8.228461316215991,0.609446570327492,7.190320772355105,1.4970876955454588,11.167807964909816,14.738420887365384,2.2537241520036786,19.59228515625,32.08809990977601,0.6579862841752283,4.5360565185546875,7.9868316650390625,6.073345717086638,0.47229451243484377,6.566101987528519,1.4429919439769527,9.676684622135582,12.412117895343547,1.4003543130803513,11.34033203125,21.037196157201482,1.5498604525506714,10.043716430664062,11.431503295898438,16.77864729872054,3.559771180699959,6.698441486520747,1.7408056971539814,12.151806441490601,17.817898275338635,3.20746423537473,24.8046875,53.46882467004419,1.6441908524331432,10.148239135742188,11.567306518554688,24.43044784240491,3.777820070683224,6.293810111530519,1.704994011460222,11.21652504882144,16.527116580804073,3.3296524737881885,27.30712890625,196.9147818210344,0.1275849607427707,0.08838231749523015,1.1939021403214722,0.8533698389233273,0.23353900162302973,1.7131805419921875,0.1588441267582498,2.1551155991293536,0.15068834257126754,0.5068657881788603,0.400188505610299,0.1066772825685613,0.4531173376553624,0.30993821217639145,0.18763918778147753,0.45645176185553493,0.40141596810948815,0.06415417107104493,1.0967245101261138,0.6204364495430388,0.2773694889389677,1.012727319401055,1.0405654381125062,-0.01355779319534728,1.8387802304023417,1.0499327843161257,0.2730792014769611,1.0318417675511413,1.3176543222510748,-0.12164844824555938,0.2972827608179803,0.3241674600959636,-0.043261226628631196,0.2644991647264564,0.3094244231136622,-0.0782774197755167,0.788847446086216,0.2858125546999335,0.2773694889389677,0.12164844824555938,3,0,0.14858308234938292,0.003121382455255539,0.0024261033278760516,0.12533229548665878,0.0017125543529150058,0.0015591524505672268,0.04688728015349819,1.0983809623506355,0.0008782071013185372,0.0004850822582836515,0.28836281647605244,1.8103919127173884,0.0003422678551813807,0.00020706259767376545,0.24612288573488153,1.652888209383503,0.0001573140635841582,0.00015092925070781717,0.020712876651484722,1.0422342952310077,1.4793864853243317e-05,1.4605442154040855e-05,0.006406907145271837,1.0122078208323744,0.0003916236417069321,0.00025838014140940275,0.20498565377910208,0.0002439836476029353,0.0001255687634012912,0.3204191786709873,0.0010108886161881458,0.0007159566825850175,0.17079134181807903,0.0012324128920629487,0.0011632895869134146,0.028852921941229338,Side I
Train195.csv,9.257226352577923,33.32601486928053,3.466666666666667,312,0.0,0.0,0.2264914186492875,1.21002197265625,2.2182464599609375,3.3848406164821645,0.11378436882876902,5.482626622059694,1.3235240562229864,7.337745411563482,8.971332965740492,0.8641739885445507,4.3701171875,12.342595470063342,0.2013466559813082,1.194000244140625,2.1778106689453125,4.264369244126096,0.1430364757376123,6.120130638705274,1.325917546959247,8.229339477882913,10.052007530527465,0.4076702162023264,3.2470703125,23.940588043974394,1.4382697605659072,7.2662353515625,8.661651611328125,15.116081659089836,3.2243245281172808,4.98596030784519,1.6701348338504047,8.860382628061323,13.106001797678058,2.891387743453896,16.30859375,100.03178237554215,1.5183780038250254,7.862091064453125,9.29107666015625,12.554824559673635,2.762450820008976,5.067882538954964,1.6363320044526548,8.623225618734219,11.89871907364231,2.663201357918035,12.29248046875,43.212061637625936,0.025144762667979326,0.058771679219931615,1.124882885670993,0.45650377234222433,0.35893057266693457,0.016021728515625,0.006664550908488226,-0.8795286276439311,-0.11498293843701161,0.1574749211061923,0.13260640904176774,0.02486851206442456,0.19966565288733187,0.21041912385871817,-0.02622255523476785,0.23940965933165362,0.22561436428616755,0.02966576789195309,0.5426639208922858,0.3156633013912127,0.2644686210143413,0.23482228355495535,0.3371589710356678,-0.17891615305609102,0.16482925622508304,0.13348515653420512,0.1050706814674183,0.1113183870574036,0.1664983686941438,-0.19862005623551127,0.22102948761200575,0.13138453593339844,0.2543739554771665,0.1985294346845734,0.12392671072200258,0.23135772945164074,0.2270006195010731,0.10233668748071242,0.2644686210143413,0.19862005623551127,3,2,0.17439290130603777,0.00021939680095921338,0.00013463501949417955,0.23941853971341662,0.0001566064488208791,7.681025415299809e-05,0.3418468994818087,2.0386088349691716,1.8441759588379898e-05,1.3519157745688755e-05,0.15397124177746224,1.3631121711369363,3.43974078146627e-05,3.364930993939214e-05,0.010992270858169418,1.021928491005894,7.549406045334089e-06,8.578567104091124e-06,-0.0637726342228851,0.8790064691627041,1.3421746304647379e-06,1.2312750116762568e-06,0.042926952002275046,1.0812870780764556,3.185407720450192e-05,3.304775517889465e-05,-0.018389220124650944,9.299779362415336e-06,6.091074084416518e-06,0.2083459393387636,6.593907703519317e-05,4.1845229259148466e-05,0.22351688697039696,9.264306983601517e-05,3.424670069967248e-05,0.4601771058358222,Normal
Train196.csv,0.0,0.0,0.0,0,0.0,0.0,0.07071486522275958,0.203704833984375,0.301361083984375,10.461656635562433,1.4769426129967889,3.272719437316401,1.088165358967935,3.825992269473564,4.187870592174117,0.12643202425780797,0.40283203125,19.563276529248995,0.05257672011033382,0.2017974853515625,0.3337860107421875,14.071184101855334,1.6116029084111845,4.2129578671213945,1.18051555959564,5.272218545306874,6.217167068323436,0.13472338028155517,0.35400390625,74.19553406077233,1.2180462028059256,6.549072265625,7.7236175537109375,18.746662928128366,3.732773033808745,5.466693041696761,1.705568017640093,10.372144789064603,15.649628229554295,2.193164551830246,12.63427734375,71.01355575355092,1.3114761450693035,7.297515869140625,8.536148071289062,19.351033286965784,3.6414837886109463,5.52087836346269,1.736081267462936,10.916268897783915,16.634156187650348,1.9710721860319163,12.1337890625,77.11540442214194,0.018138145112425758,0.1471158278341881,1.344984084677049,-0.008291356023747198,-0.03174874255765227,0.0019073486328125,0.004703668745716036,-3.609527466292901,-0.14713043236433296,0.058055978894149526,0.04008972630352967,0.017966252590619854,0.07723571572595765,0.06775685857881832,0.06537477204499423,0.062073654123265765,0.062129052361967405,-0.0004460308137320525,0.08552192864237405,0.03836548742940955,0.38063944589211846,0.09023428087105734,0.05022154986938715,0.2848776582784603,0.0598677106155187,0.07158547011958377,-0.08914016798327914,0.05333599656379618,0.04711546414120069,0.06192574761661556,0.09231114904490861,0.07108609818581786,0.1298984525126988,0.08105273416762254,0.0540234232121226,0.20010421882574841,0.0471564412129645,0.011717759504065069,0.38063944589211846,0.08914016798327914,3,0,0.14385983395439692,2.364717399755404e-06,2.9779845040297125e-06,-0.11478594825584977,1.5270769914210096e-07,2.5019778341575194e-07,-0.23610750738818653,0.5868908533248338,7.965106086076043e-07,1.0805560480378316e-06,-0.15052220780328113,0.730371089171176,7.481190124646915e-07,8.886393734677278e-07,-0.08533149866030383,0.83250192964259,1.5668660896150954e-07,1.618591106965495e-07,-0.01574362843753783,0.9117154646410923,2.534467634111277e-07,2.9561945830358814e-07,-0.07543416728542866,0.8292887004575654,3.113969312780902e-08,5.676271675744847e-08,-0.26172005019763933,1.8102150989118883e-08,3.248690730044247e-08,-0.23741508314219636,1.6118955284679428e-08,2.4662443744281414e-08,-0.16824050977267482,0.0,0.0,0.0,Normal
Train197.csv,10.918779800476525,39.30760728171549,4.088888888888889,368,0.25176336649564096,0.5934119456780724,0.29561879460190177,2.00347900390625,3.5465240478515625,5.976247061324459,0.37754123305559534,5.407077329717064,1.3820574202439853,8.118034897456543,10.464740262300499,0.8317711920708584,8.935546875,39.37238703563068,0.3611278523743857,2.42156982421875,4.38385009765625,5.521870726591563,0.24620565974673383,5.7567863938642745,1.4286712529878793,8.731968678372553,11.487597137930988,1.7685655733612897,12.6953125,32.728040004060674,1.346869927918083,7.1605682373046875,8.390426635742188,13.634535006653582,2.984792387710833,5.226506411047512,1.6063150746380013,8.97101067864769,12.737844100703008,2.9614315325373743,20.5078125,50.56198285177534,1.5172863072538014,7.9601287841796875,9.230422973632812,12.412143778703978,2.8934739014432007,5.0793489118970445,1.6016075872299949,8.522508628606012,12.230268785309798,2.564836515543667,12.158203125,34.175737194067864,-0.06550905777248395,-0.0997478359069123,0.8185986887254635,-0.9367943812904314,-0.3602588672902748,-0.4180908203125,-0.09448275840717166,0.4543763347328964,0.03951745344053179,0.2194857768218162,0.23800903512265623,-0.018523258300840034,0.5314774306916186,1.1341135511893632,-0.3618151895845551,0.46037348086940005,0.5336693238264536,-0.07373509659086445,0.5013609484175493,0.2888345077011644,0.26895426489887797,0.3492973043003571,0.5409542902803931,-0.2152840668793782,0.21216970397189072,0.21140510334625878,0.00180511351093293,0.14620505086436167,0.17782332741031073,-0.09757872362450812,0.1925280743878663,0.1478810798680155,0.13115685242330946,0.16620535387282384,0.12696135567613895,0.1338623915329196,0.21252644071638488,0.6026361204977446,0.26895426489887797,0.3618151895845551,1,2,0.19171110136450512,0.0003692868262256457,0.0009414222139855095,-0.43650830978299565,0.00018303811325634495,0.0006239300763692243,-0.5463492926834234,0.29335848134882403,9.86843918356185e-05,0.00017765400004683658,-0.28576105572131516,0.5554551952539788,6.155513354444857e-05,0.00010525956083244421,-0.26197816487083114,0.5847382002706827,2.1910992844831382e-05,2.767110767357506e-05,-0.11614984581275746,0.7915504358862074,2.290428704152449e-06,3.141748889200674e-06,-0.1564300632320409,0.7267167482791856,5.787905578434495e-05,9.322337263889642e-05,-0.23389417550459704,3.1518100765035285e-05,4.6715066230319314e-05,-0.19422738174933915,0.00015010986313478188,0.0006172961925081905,-0.6087784141836606,8.983022529685393e-05,0.00012578277520567484,-0.16673800951211265,Normal
Train198.csv,15.755087157752813,56.718313767910125,5.9,531,0.09840623849644685,0.23736477827123004,0.39968653558863887,2.057647705078125,3.827667236328125,1.6475647962668638,0.030780365690254417,5.1581371110803005,1.2825473151009534,6.665055497024788,7.971042064201486,0.8668125476082127,5.72509765625,7.895567511748988,0.5524827389864438,2.794647216796875,5.2265167236328125,1.466561570696808,0.0255472527063556,4.967196151586176,1.311959566513448,6.578345444126118,8.013875849947588,2.0717043426620343,10.5712890625,6.378348025484277,1.4643107408179437,7.708740234375,8.9111328125,11.940929734754715,3.1147098715513453,5.184722908617577,1.6625200363625676,9.024161612889744,13.324397127476079,2.490035706617383,14.27001953125,34.750530241039876,1.6420030827443695,8.956146240234375,10.239791870117188,14.45941767870038,3.3942797275774024,5.695633973529518,1.6179940284064287,9.378590249194946,12.529908570241911,3.203655050197576,20.654296875,52.99766147623942,-0.15279620339780497,-0.1604716785902122,0.7234371323301642,-1.2048917950538216,-0.4100339851518333,-0.73699951171875,-0.15188679213980966,0.18100322557005577,0.05812327557063921,0.27295199148499016,0.3364687566227718,-0.06351676513778165,0.26699255473761146,0.27761690362239744,-0.01950819716149857,0.27535616882341724,0.35680296734611167,-0.12883907322421698,0.5337946583370455,0.39349428664686353,0.15130167456013383,0.5268847764059581,0.8088312468297626,-0.21108264287342576,0.4007018484689152,0.2865210883441464,0.16614806105394536,0.2840954632827547,0.44240785995209864,-0.2179100761512501,0.4843320327590312,0.4817906702098897,0.0026304759375046947,0.538222539631576,1.5508907877578204,-0.4847359068568764,0.140300371690182,1.0126682481262446,0.16614806105394536,0.4847359068568764,2,3,0.20176541271860005,0.0006054458873953085,0.001626491157323068,-0.4574704615185927,0.00017738376079246232,0.0006709892347670275,-0.5818191507351502,0.26435762010078945,0.00011563977449765051,0.0005803362404184795,-0.667680752143888,0.19925997007280394,0.0002738617044125375,0.0003144661164463212,-0.06901547137409787,0.8708505673094056,3.265592110262183e-05,4.914149750923315e-05,-0.20151688790999628,0.6643932078872549,3.7338281403673207e-06,8.15514319377484e-06,-0.37157119966507324,0.45728875192464674,0.0002852165974715723,0.00033281040704265,-0.07700802577102403,3.822658693153755e-05,7.054644611357354e-05,-0.29710386148760276,9.065016484688694e-05,0.0005294866369539092,-0.707633210124956,0.00015736278299376488,0.0006554134640272883,-0.6127695723924111,Side II
Train199.csv,13.915510126150789,50.09583645414284,5.211111111111111,469,0.05139098198663605,-0.11868238913561413,0.8148781643018344,4.8870086669921875,8.893966674804688,5.076109971954939,0.301008518003613,6.007097733685701,1.424267132183525,8.79186022468096,11.197970332391613,1.751860523647197,11.14501953125,17.53156845583105,0.9066570859552281,4.6512603759765625,8.559417724609375,3.3650138976116564,0.160350449188792,5.471449267553246,1.392577426276971,7.8320593803992224,9.918631837468583,2.140100338256957,9.033203125,22.71323589822013,1.5086618313593378,8.804702758789062,10.098648071289062,13.91987395024475,3.0128780497103307,5.9694376742950634,1.564202170496023,9.380317804309856,12.658946143897033,2.6179512361437562,21.5576171875,104.05736506579315,1.7790783531406564,10.857009887695312,12.408065795898438,16.134019105533728,3.1428991767412686,6.455394472188944,1.599345935552165,10.409655764342801,13.604452459418372,2.9072973327941423,29.39453125,114.98633418320365,-0.09177892165339374,-0.053312252018404296,0.8987721685929143,-0.3882398146097601,-0.09975429542790151,0.235748291015625,0.024716045406818255,1.711096074343283,0.20270950868110443,0.5401330781771554,0.5096217821201992,0.03051129605695624,0.7784628743523475,0.7193152392328024,0.039490251718970665,0.6108980524640114,0.602294526024647,0.007091641113701786,0.9514008369830596,0.729046413462445,0.1323185968131282,0.7468572624446572,0.6536577433885341,0.06654660464363324,0.6033047798506113,1.074485116359062,-0.28083393204629725,1.2357693173146753,0.6044021748959191,0.34310233674431767,0.9516829247684422,1.285361974998907,-0.14916063990202463,0.996144989042168,1.8021809760736793,-0.2880422060185974,0.6313671424187562,0.8060359870315114,0.34310233674431767,0.2880422060185974,1,2,0.20101451477187152,0.002258734897551164,0.0033632568397775303,-0.19646452606691003,0.0008101995760600792,0.000961411182642931,-0.08535213071986837,0.842710344526479,0.000886962157119921,0.0018468531782361696,-0.351116440652643,0.480253311437508,0.0004451344144680011,0.000441972762613082,0.0035639619394159674,1.007130712148786,9.253446665636304e-05,8.875437602651621e-05,0.020850053833265852,1.0424730144976246,1.484833356748956e-05,1.577877445210714e-05,-0.03036973607373231,0.9404361062050595,0.0004845867518205689,0.00047410377215117164,0.010934571753406369,0.00016846066563516325,0.00024247152420646718,-0.1801004141235203,0.0009111918596249967,0.002151743379920631,-0.4050191639990482,0.0006027141805881318,0.0004112411798116223,0.18883584021156458,Side II
Train2.csv,13.351768777756622,48.06636759992384,5.0,450,0.13269094491965705,-0.3560471674068406,0.7341673182253038,5.103302001953125,8.9569091796875,5.696118074616729,0.31914762124105855,6.444321505410837,1.4340049742514078,9.45830291964667,12.158840729539573,2.433666822092629,19.20166015625,15.632094607466044,0.7580836250687051,5.733489990234375,9.833145141601562,6.748978705883079,0.50723748903848,6.83721516464275,1.466632838410347,10.38429437588086,13.586494686435488,2.4437336135763656,26.4404296875,19.38586657649829,1.4089340161981192,9.136199951171875,10.518264770507812,24.515326396001768,3.847156219251685,6.684975780817911,1.6546269723188967,11.779036245946026,17.334974522784215,3.1800844755438495,25.1220703125,274.94075229037844,1.6469108904674274,10.498046875,11.908721923828125,17.115256520766618,3.444590464120974,6.149614479413701,1.6257500366121334,10.486703447950532,15.348688233799908,2.9183216647557173,27.25830078125,62.13677997383003,-0.02391630684340129,-0.016027000546126782,0.9684516117522656,-0.01006679148373646,-0.002063966573151792,-0.63018798828125,-0.05815263300744732,-1.0528606312663502,-0.08460043734413303,0.5210799828622124,0.46030639839322535,0.06077358446898701,0.49314734931046034,0.3144775937908591,0.22122862206461133,0.6199527852958131,0.45520551887605276,0.15323070495590774,1.0940339962919017,0.6331358836839918,0.2668516370525327,0.7514025914592365,1.20228424358781,-0.23078501719538166,1.6895854545322027,1.0314802812175647,0.2418556678913697,1.167161855773386,2.0291232116451994,-0.2696759941600575,0.233756887441541,0.2757905936887134,-0.08249222492281376,0.25332775972665045,0.34766210058197083,-0.1569649431975911,0.6581051733146379,0.8619613558718133,0.2668516370525327,0.2696759941600575,4,3,0.21124349815792223,0.002314793199351449,0.003006629394779146,-0.1300096324224985,0.0009726356504138744,0.0016326280056462722,-0.2533293781623227,0.5957448295642616,0.0007816158958455123,0.0007551932069965004,0.01719310281876956,1.0349742805702018,0.0003746142723456811,0.00041543457016937017,-0.05166741466210651,0.9017190240155427,0.00013945709397823609,0.000154059855296899,-0.04974930361496425,0.905154961750931,1.910567427910588e-05,2.1244359327555522e-05,-0.05299017015924027,0.8989061483653402,0.0004448219129975548,0.0004894903781447748,-0.04780841211934163,0.00017502793303562211,0.000176834804537226,-0.00513501419310668,0.0008235773658546995,0.0009845529478549819,-0.08902825780705916,0.0005894630041586478,0.001070073471747983,-0.28960349985183254,Side II
Train20.csv,9.524261728133057,34.287342221279005,3.566666666666667,321,0.05139098198663682,0.0,0.3404335272555842,1.7742156982421875,3.2215118408203125,3.938804952223263,0.12022348314664207,4.947368011564638,1.3628611084829838,6.938373743730761,8.767658401610593,1.0449172973532543,6.55517578125,28.6085583049407,0.2936339240985153,1.5552520751953125,2.7484893798828125,1.4911890936440229,-0.03210133331711051,4.8983615231809985,1.304651810652501,6.468403491332579,7.859879751282104,1.2675811520674052,7.18994140625,7.765832687223078,1.3622726925453679,7.3535919189453125,8.75091552734375,14.71851666525181,3.493206623379679,5.451733165090044,1.7354530049153385,10.204625210372331,15.31481524552233,2.369370423420456,16.29638671875,35.28277914006732,1.473426653265661,8.402252197265625,9.794235229492188,15.11661351240006,3.4768490108081,5.538553358473824,1.7202543775500865,9.924325981275326,14.421207670851404,2.562980568994658,22.66845703125,43.167062083708004,0.04679960315706888,0.07380855509778841,1.1593807381314702,-0.22266385471415084,-0.09628713645497256,0.218963623046875,0.06576535268973427,2.4476158585792405,0.45075847844336253,0.24990115901132998,0.1992864194867449,0.05061473952458509,0.15018290256380187,0.14497657422222276,0.017639034402283767,0.19436166104241076,0.19597558948745958,-0.004134702495113999,0.25418561825033453,0.2563025007895037,-0.004146781127213909,0.25450083731811474,0.2439168820333513,0.0212351099519175,0.3910888111779575,0.25671414290489086,0.20743138843662545,0.3222806349062036,0.8161555092259724,-0.43381868410200575,0.9009109760148423,0.3968105571721496,0.38845037403378896,0.38911854175645444,0.19964287993641536,0.3218207776878971,0.5041004188426927,0.49387487431976873,0.38845037403378896,0.43381868410200575,3,1,0.23806494224799207,0.0006249819219369046,0.00043181023408521104,0.18279061474000097,0.0004925339294690767,0.00028534055602498894,0.26635493740756494,1.7260661283798027,3.5281782471494956e-05,3.245236171740547e-05,0.04176627792654398,1.0868519911962469,6.070422482271083e-05,7.825963481220203e-05,-0.12632166966945882,0.7755782299018368,3.143048814691103e-05,3.15332260724722e-05,-0.0016314414170214009,0.9964259227860158,2.4497330438830947e-06,2.5540401134849193e-06,-0.020804106274441177,0.9554191570558294,5.6216892779121984e-05,6.85038889843479e-05,-0.09850813112456924,2.286162194775939e-05,1.878201372642829e-05,0.0979412278256227,0.000279592551862134,0.00012268399711952717,0.3900417628672933,0.00021392839013949816,0.00016584147744195846,0.12661785629599187,Normal
Train200.csv,2.462659574563999,8.865574468430397,0.9222222222222223,83,0.35973687390645326,0.9494591130849157,0.08051393715791401,0.2864837646484375,0.45013427734375,6.293238882260099,0.7621340062944514,3.6883737221423996,1.1637853736420363,4.575233207835634,5.347739527336283,0.13604565187646794,1.33056640625,35.515762933015225,0.06434140455056135,0.2635955810546875,0.455474853515625,6.021014884152668,0.7973121856488258,4.378520357373749,1.2138117716409544,5.459366702998281,6.594252193592124,0.15022719780197763,0.50048828125,37.042232914461486,1.3508858935429657,6.5967559814453125,7.7175140380859375,16.520685676210913,3.4745712187689177,4.8508594025022305,1.659302624308745,8.6750186865649,13.043120788723055,2.9320674206896085,15.9423828125,75.14914501601602,1.4548837287403533,7.335662841796875,8.68988037109375,15.692017476963603,3.217460105024743,4.806732362317977,1.6526126690000806,8.651512924093634,13.42751367177253,2.5519818960518537,12.41455078125,70.85638384844533,0.016172532607352658,0.11164608291380385,1.2513547878970523,-0.014181545925509687,-0.04953856241013916,0.02288818359375,0.04160887580391698,0.2722239981074317,0.022106414489269404,0.05960084189697314,0.044224430335765876,0.015376411561207268,0.10683942157985109,0.10350261462521049,0.01586371823818601,0.06544306604055111,0.06335355136885736,0.016223364801717783,0.09045801398790365,0.0461499243645756,0.32434488737802586,0.0970152032639953,0.05518870919610425,0.2748056251891663,0.07938290237528291,0.09067638847585871,-0.06640910578869988,0.055910735093798784,0.04765235541017003,0.07974249171221241,0.09500556835368941,0.07880733068274162,0.093193524927154,0.08138268530572863,0.056124008327125725,0.18369051334430994,0.04430808962332805,0.011293486100575803,0.32434488737802586,0.06640910578869988,3,0,0.1266362633850734,9.318209436553554e-06,9.871788154539086e-06,-0.02884725312537219,7.999974034566064e-07,1.351202256436626e-06,-0.25504577999389944,0.5877138387581363,5.896812651827043e-07,1.2641678895341265e-06,-0.36187833261318564,0.46279714786903736,1.3669908346873746e-06,1.0148884864013443e-06,0.14720740514858538,1.3337947033508424,5.976310969067964e-06,5.519111786230764e-06,0.03973771260396674,1.080880835860629,2.8252077195769273e-07,3.5667357869741727e-07,-0.11422281580992816,0.7704966716209234,8.372278039400135e-07,1.7840333103663505e-06,-0.35982955141870354,3.905948410432093e-07,5.742158411773853e-07,-0.18836580628752647,2.7221280929047494e-08,6.008062925356454e-08,-0.33770506933366506,2.1025195215850505e-08,2.572671517246818e-08,-0.08284337786072829,Normal
Train201.csv,10.7110856194892,38.55990823016112,4.011111111111111,361,0.2830394587857078,0.7120943348136866,0.3961929317358369,2.916717529296875,5.2516937255859375,9.724772677095352,0.41734466426220757,6.742668166541664,1.4812195420341574,10.434512676353357,13.509170634597076,0.8022147582906124,7.6416015625,28.326852355035314,0.4380518613575777,3.095245361328125,5.6011199951171875,7.857960401443913,0.34566784082139557,6.6502936174050635,1.505635689918083,10.429978945622977,13.721363703720904,0.9734613694254105,10.595703125,31.20688093455385,1.38448224521134,7.94525146484375,9.2010498046875,26.95171310540476,4.124809281216207,6.22881301091598,1.6701761543325846,11.01894839129843,16.0445647714477,3.69571772887898,15.9423828125,143.74375772438893,1.4766805357521298,8.016204833984375,9.275054931640625,26.204139259384647,4.087420550471241,5.9543175928038,1.5756859346825791,9.73143599312565,13.385795559977522,2.522473670847584,14.31884765625,125.73156723094391,-0.04185892962174076,-0.05017583503849961,0.9044429613049828,-0.1712466111347981,-0.09644022775181593,-0.17852783203125,-0.029695431422687314,1.866812275651439,0.10617304296499047,0.286166854247878,0.29664632788567086,-0.010479473637792835,0.44332843202003464,0.5294298202104906,-0.08851262593547783,0.7237490973689326,0.5892623031288314,0.10242621896874228,0.42464402328525536,0.544220336065136,-0.12341904250236252,0.4305887783620925,0.43791118525916745,-0.00843109628034159,0.31603466396247476,0.39503123451126054,-0.11109598928508282,0.16227815643026983,0.20221680484815374,-0.10957256358792487,0.2575894821689949,0.34799941410434665,-0.14929258280458635,0.5101695816961943,0.5975614453836979,-0.07889267408980317,0.13448679424010113,0.11957631277988062,0.10242621896874228,0.14929258280458635,0,0,0.07610300598737656,0.0006413249357538279,0.000849150161903009,-0.1394355574782171,0.00046152384647308003,0.0006359843904023568,-0.15895912985095778,0.7256728257950523,8.932382770411018e-05,0.00011279434078551753,-0.11611698288658737,0.7918474331936178,5.1058057978945915e-05,5.266567588079782e-05,-0.015497542043801603,0.9692909891557445,2.9571148975590428e-05,2.866866701439098e-05,0.015493301495659126,1.0311200642886087,6.189883688891093e-06,1.4320422523461374e-05,-0.3962191767721281,0.431940068672587,4.493949655570139e-05,4.862946321847292e-05,-0.03943158453220895,4.7516074613938194e-05,4.8284520930670617e-05,-0.008020473230172532,0.000359562440837709,0.0004039258131840267,-0.05810540117496421,0.00013179988092695594,0.00028192022865948,-0.36284607828660126,Normal
Train202.csv,18.603464497007558,66.9724721892272,6.966666666666667,627,0.05139098198663605,0.11868238913561413,0.7149768642681446,5.5866241455078125,9.855270385742188,9.872323399101305,0.5192143581543016,7.665951683780293,1.4954421821631314,11.813508347037292,15.322430767850259,1.4706471091820243,14.0380859375,47.48000541634173,0.8005220649940492,6.2892913818359375,11.220550537109375,9.461023403051318,0.46905568153769256,7.5358733051644275,1.5523720255964086,12.041171439277084,15.981410204585174,1.4242162973337822,15.24658203125,29.717315272220226,1.5330372332623265,10.48583984375,11.864471435546875,17.694409251176427,3.5974102731162994,6.932733673204207,1.6535632597856917,11.676402059975166,16.66570031418272,4.108931234643316,23.96240234375,54.28968922727754,1.6041180754447972,10.7757568359375,12.152862548828125,18.358102423755952,3.5808700097988555,7.224800400355424,1.6419411392001102,12.752281353008556,17.75597954742141,3.047302443525549,18.603515625,109.48070360063058,-0.08554520072590466,-0.056446889212308865,0.8931382239190085,0.04643081184824216,0.016039033684057277,-0.702667236328125,-0.059167416113611766,0.411299996049987,0.021274122894823912,0.46637931818711914,0.4990418549966518,-0.03266253680953268,0.6955524978701778,0.7270696213576044,-0.022154248018435182,0.6048580781722159,1.003882431979712,-0.24803524795273546,0.8999975736737659,0.8759394268895219,0.013546734282323052,0.9669196850388929,0.9653576358839824,0.0008083980130142541,0.9497183183720087,0.8240038401752344,0.07087608218808022,0.7684322487464367,0.931621511331258,-0.09599064774131433,0.5815000638340597,0.6704991969847653,-0.07108561101037938,0.6450028283774293,0.678375485079669,-0.025217774925509917,0.12571447819677428,0.399024353807496,0.07087608218808022,0.24803524795273546,0,1,0.08967529797286491,0.001673623404863322,0.0026438731629615576,-0.22472507918797016,0.0008544047204219159,0.001721908147180738,-0.33672154902155577,0.4961935744859973,0.0002795379844648936,0.00031315843169274444,-0.05672360938118987,0.8926122692313818,0.00022977944556006798,0.0002803927133452395,-0.09920626760796945,0.8194622755920241,0.0002870178016985298,0.0003025126775330585,-0.02628297187450955,0.9487480543245079,1.5927545051038796e-05,1.7169051793914705e-05,-0.037500282759058465,0.9271492537603717,0.0004351645346195619,0.0004993313764507319,-0.0686639229041146,0.00010220134499761016,0.00010897285316292953,-0.0320644642179703,0.00018427071308452632,0.000208761779630182,-0.062311498119447924,0.0007751607419240913,0.0014949890731076638,-0.3170826681087664,Side I
Train203.csv,9.494591130849152,34.18052807105695,3.5555555555555554,320,0.0,0.0,0.2867584749312784,1.5842437744140625,2.8995513916015625,3.5145092276301613,0.002703851308306117,5.267693892589264,1.3338692283775382,7.199706022484566,8.9169166729213,0.943465572405779,5.9326171875,25.278823267891397,0.26936057632832544,1.4888763427734375,2.6996612548828125,2.286416743518586,0.04958398741196606,5.269973306832137,1.3258617839071387,7.104528910238529,8.742932226918905,0.8443992377472459,4.96826171875,13.078542880030671,1.161780811231666,6.45294189453125,7.769775390625,20.577211165370016,3.8415516670493313,5.895373144036686,1.6123349893772125,10.124227272705602,13.704901626675337,2.3254945379025735,14.55078125,73.79976663357846,1.3604598634598326,7.2139739990234375,8.563995361328125,23.629571520034613,4.0770324798577136,5.331098456007144,1.6662741804703285,9.3882239812138,13.307363034089501,2.0280426525920063,11.3037109375,129.54700467512654,0.017397898602952933,0.03128448531065789,1.0645895854330616,0.0990663346585331,0.055410416683546536,0.095367431640625,0.03103277050477837,1.2280924841115755,0.21170628415230677,0.24682665584655664,0.19799229773922347,0.048834358107333165,0.1485620026714521,0.1346103215640944,0.04926922379271877,0.2031985663196344,0.191625002983576,0.02931325265953868,0.226037131577512,0.22701854682085493,-0.0021662132679812355,0.25423085663940853,0.2865260159845182,-0.059722142025087424,0.6602168309331042,0.2624615831306148,0.4310876221107138,0.3186405262697907,0.6906341967466614,-0.3685752335888576,0.5190917213776467,0.24853808657974055,0.3524532638893988,0.19142259800442557,0.163340387175825,0.07915766641425598,0.39775524780248944,0.37199367047687065,0.4310876221107138,0.3685752335888576,2,1,0.23087194040450543,0.0003524390519934238,0.0002754991638305659,0.12252780006691624,0.000245607152966104,0.0001576015514413291,0.2182577359701287,1.5583068037848182,2.9309066533652723e-05,2.801516241040375e-05,0.022567742639593012,1.045812548896143,5.181954957668754e-05,6.2043259465066e-05,-0.08978183619436096,0.835081831694277,2.2354623165422195e-05,2.491736271255634e-05,-0.05420118253382698,0.8967905439174995,1.910073700039419e-06,1.801857454071438e-06,0.02907529491738622,1.054207490631936,4.4714957945802305e-05,5.4406995043509815e-05,-0.09776905231305646,1.864075645682606e-05,1.7397635947994172e-05,0.03448476966383842,9.987448679547868e-05,7.987995178626074e-05,0.1112263090907514,0.0001469498855598516,7.914277224667814e-05,0.2998952509934416,Normal
Train204.csv,14.034192515286403,50.523093055031055,5.2555555555555555,473,0.05139098198663605,-0.11868238913561413,0.34334303687844897,1.8924713134765625,3.435516357421875,6.23029525960143,0.30332390738432113,5.635711562595398,1.325230397960508,7.788223970052949,9.544513641263814,0.6116322501302675,4.2724609375,55.948527123138135,0.2989520899076431,1.507568359375,2.7587890625,1.8446093178997565,0.04582288580591366,5.172549060982899,1.2727057881588255,6.702189609342153,8.025284698634346,0.6031126386729622,3.1005859375,14.490288660230362,1.2542620900924217,6.8157196044921875,8.081817626953125,34.58896852560324,4.320429969418029,5.749098224922162,1.6117895298642995,9.928332228746415,14.77677348028536,2.833839917592591,16.552734375,265.10219516572164,1.4281569770726006,7.230377197265625,8.398056030273438,24.43713069282179,4.031902077946199,4.904203025997246,1.6288526624841635,8.562348225906268,12.946455847215564,2.5441321042651905,12.5732421875,170.8496510462208,0.04439094697080587,0.06911300495427802,1.1484884601396672,0.008519611457305287,0.007013498443746365,0.3849029541015625,0.1132054299374383,4.385685941701674,0.5431254195238537,0.2737410600648376,0.2093271906475964,0.06441386941724123,0.25320722015798003,0.19281939042885085,0.13539064024850753,0.4226452806639369,0.3489547760151083,0.09550349699422833,0.4190181899984598,0.36763837707661084,0.06531415921403498,0.41489805182255646,0.4090844136758595,0.007055536154674102,0.41889068496341114,0.4092746524271748,0.011611247157991916,0.386694868872426,0.3200433111682848,0.09430869683199343,0.2859212985425642,0.20754473364886378,0.15882868970200825,0.21141062763697452,0.1983087643981737,0.031977649029363946,0.07837656489370043,-0.005813638146696942,0.15882868970200825,-0.007055536154674102,1,0,0.05249621432276654,0.0003447420320575698,0.00035770197011226757,-0.018449781071038753,0.00013731484730918544,0.00015339778546983403,-0.05532055762880131,0.8950969919071475,4.823843156816037e-05,4.611954221327179e-05,0.022453479395416354,1.0457166764226382,0.00011811318079325801,0.00011410382607083277,0.01726480815718255,1.0350470653743813,3.738790576788577e-05,3.978562174807803e-05,-0.031065125647390786,0.939497968006781,2.5996232238909128e-06,3.034392858979854e-06,-0.07703196247233235,0.8539053086473278,0.0001406765107809256,0.00014034244789940304,0.0011887133734945483,2.0488064923397148e-05,2.4452725650680585e-05,-0.08820002221651206,4.433685286291511e-05,4.062521494119741e-05,0.043680682577646575,0.00011835290872354365,0.00013396335060511362,-0.061866101146600155,Normal
Train205.csv,17.505652397503123,63.020348631011245,6.555555555555555,590,0.3799690412153456,-0.9494591130849166,0.5159658107819818,3.3107757568359375,5.998992919921875,5.249842974042932,0.38600844313259264,6.048444397491279,1.40519896046334,8.709308044162126,11.006687208796222,1.4470811641377364,15.14892578125,33.05507017414678,0.46820457687404066,3.3069610595703125,5.8132171630859375,7.901000046052898,0.4754288692352511,6.869210350356301,1.4322959946357983,10.227019839576336,13.05194100130526,1.0028371944697625,12.3291015625,44.534024896511966,1.384294687464871,7.9113006591796875,9.151840209960938,19.27788270803947,3.6000560186864354,5.859798849752623,1.606205428682996,9.800992207357055,14.345050128080047,2.300064749298692,24.1943359375,81.44837743766479,1.437091081893291,7.9998016357421875,9.3048095703125,17.928840550848044,3.662902591480682,5.845945130944296,1.6080583966340223,9.818207258803996,13.618830302788117,2.746826125763647,16.40625,71.08221348372747,0.047761233907941125,0.048529435575072194,1.1020093037251473,0.44424396966797386,0.1813301109785451,0.003814697265625,0.000576435323085606,-2.6511570720099664,-0.20159597874773258,0.37272830108133487,0.3258002081532675,0.04692809292806738,0.6709575099564146,0.7632073138181891,-0.06432301342864517,0.5689720476222251,0.511903481954472,0.05279846159725554,1.1087479347045268,0.8262013008522748,0.14602276235465095,0.6584166624703468,0.5218970562505579,0.1156638297918757,0.3850215602850899,0.3961846905581772,-0.014289606769199903,0.37176047713485266,0.38691245631847876,-0.019971687819335216,0.31940858347101686,0.22725809128733143,0.16856796792806233,0.22361705341367744,0.2005088676664174,0.05448425586337499,0.282546633852252,0.0922498038617745,0.16856796792806233,0.06432301342864517,1,0,0.07868265985483287,0.0011917557309475827,0.0008434161616055554,0.17115977801021653,0.0008315307070634599,0.0005139170612790433,0.23606363072673128,1.6179936214955795,0.0001620176596071725,0.00014417447150432688,0.05827257974356897,1.1236831395002924,0.00011127095300931316,9.280818100382561e-05,0.09046425766253169,1.1988055767299188,7.394432412118285e-05,8.098504867209019e-05,-0.04544180361631761,0.9129486966610476,6.6233803177020154e-06,6.51318556455979e-06,0.008382018097281764,1.0153597888869788,0.00015362886770401164,0.00015031385884414642,0.010906330393914058,5.877101380210041e-05,3.784204534608898e-05,0.21660428308229174,0.00012660699204680947,0.0001222443658335111,0.01753034802372325,0.0006020367365194894,0.0003365576263980635,0.2828445302515024,Normal
Train206.csv,0.0,0.0,0.0,0,0.0,0.0,0.07070823064360446,0.2048492431640625,0.299072265625,11.816522284085124,1.5443167561981597,3.2763261665109615,1.0882568376850914,3.7964396655576564,4.123609954848201,0.12709073165037013,0.4150390625,81.98700242733295,0.05278470623731085,0.2010345458984375,0.3307342529296875,13.45462229988232,1.617247023044993,4.184539213582854,1.1890302769851977,5.423212303612605,6.6285597408058035,0.13484593085760982,0.390625,52.27360643461908,1.1720202913241415,6.215667724609375,7.3650360107421875,19.810598317347925,3.510791912565298,5.270786709953287,1.58288596117947,8.912541762483297,12.877649040746899,1.9602225660750083,12.5,114.15583349444726,1.2844290982420024,6.8603515625,8.005142211914062,21.641971176205367,3.4768885677751022,5.241803173847098,1.5954660868454562,8.829293253818559,11.985074979063967,2.039196313289295,11.56005859375,131.0988928779884,0.017923524406293606,0.14513804115126774,1.3395587905732527,-0.007755199207239688,-0.029607153259547585,0.003814697265625,0.009398496009045175,-1.638100015797196,-0.0648209664467763,0.06033020977854968,0.04109585020971478,0.019234359568834902,0.07723940544253696,0.06723509366987575,0.06924620705841651,0.06231785100040346,0.060847581643811065,0.011937352921627006,0.0857784359718786,0.03853286264576469,0.3800585308890267,0.08904071256938317,0.04837816819208209,0.29590214381721375,0.06065644839734389,0.07254446207799499,-0.08924873520564053,0.053552289223202515,0.04956374134611351,0.038680188407814696,0.09226361785307606,0.07185979246883806,0.12432001078345574,0.08148133924174618,0.05347306724254962,0.20753875811434294,0.04724557332611391,0.0118880136806511,0.3800585308890267,0.08924873520564053,3,0,0.14583215222718066,2.296952761112456e-06,2.9070618677261697e-06,-0.11723816132889521,1.529208220328898e-07,2.20450470299851e-07,-0.17614685715264758,0.6635734864585723,5.881076960748044e-07,8.306114166752803e-07,-0.169735057392555,0.6996189730575412,8.742456400641403e-07,1.1172844156736243e-06,-0.12142649315345898,0.7755324458572621,1.6171052443140392e-07,1.7143151540182413e-07,-0.028329350070730917,0.891303388351559,2.5146052773842523e-07,2.782781214373771e-07,-0.04968625785813776,0.8722844678070729,4.0361448683303064e-08,4.4625337081048343e-08,-0.044889279739640575,2.1191251684137968e-08,2.8512663216568015e-08,-0.12262866756068408,2.007891413035934e-08,2.7651977709687505e-08,-0.1311787041210209,0.0,0.0,0.0,Normal
Train207.csv,13.678145347879559,49.24132325236641,5.122222222222222,461,0.09840623849644765,-0.2373647782712318,0.7819817826346822,3.995513916015625,7.3764801025390625,2.746954817038336,0.136816423854838,5.05093194660135,1.3645165694117583,6.990874473398506,8.701620394043225,1.6098021569997754,9.36279296875,10.354412734927497,0.9333541524628767,4.4498443603515625,8.231353759765625,2.3976291541528045,0.10863620383301995,5.011129271791246,1.3681201111675145,6.984703412263105,8.757354959099336,1.7666785169112533,8.3984375,14.732694155584056,1.4308963927624736,8.471298217773438,9.781265258789062,15.797042196324936,3.2617695624211454,6.428497990832451,1.6835940462705337,11.69356281737651,16.943634198471084,2.83108559966934,16.93115234375,98.38163247284146,1.6764844157638032,9.452438354492188,10.77117919921875,12.827675727425042,2.925345963929289,5.821288556589686,1.5131972158078755,8.859997049016709,11.520073485185502,2.95125875338832,22.8759765625,114.0601836322565,-0.15137236982819446,-0.08824648621211353,0.8378189267097041,-0.15687635991147797,-0.046461500774755124,-0.4543304443359375,-0.053796467708105956,0.3493256628855317,0.0679016348382462,0.5464978324950684,0.5567329693728841,-0.010235136877815632,0.6823493448416357,0.6231017611732015,0.04538475852646237,0.6917614347791822,0.6104771355198766,0.06241889964636025,0.5018292136820859,0.576210014244769,-0.06899637596282919,0.9616184400000999,0.7537273530736787,0.12119485561097657,0.6193715907204161,1.2744373012484762,-0.3458985274844907,1.320960836531525,0.6937187257582248,0.31133591634148494,0.9159913069988499,1.3272305225309082,-0.18332525490134566,0.760463570537372,1.6854366761537747,-0.3781728641983632,0.6272421107733003,0.9249731056164027,0.31133591634148494,0.3781728641983632,1,3,0.22215842029951316,0.0020236085328992556,0.003469642429782678,-0.2632382730566955,0.000675207244121308,0.0008506414146327885,-0.114974063623119,0.793753154942772,0.0008260296431744842,0.002085081034471098,-0.43249714825113084,0.39615998990855283,0.0004119438333196459,0.0004234368358649158,-0.013757638155676842,0.972834836463533,8.950694295457595e-05,8.68436614404293e-05,0.015101340366137167,1.030548873474568,1.4426123412310762e-05,1.4473084364001697e-05,-0.001624428868971448,0.9960670703657216,0.0004473518297242481,0.00044856280614187684,-0.0013516498700340382,0.00017032921831417302,0.00021599735943695578,-0.11820817326854662,0.0008721559649020167,0.0023384145931953436,-0.4566957912316813,0.00045095429461352687,0.00038662893001927673,0.07679785688625888,Side II
Train208.csv,5.340707511102648,19.226547039969535,2.0,180,0.0839211221652137,0.23736477827122915,0.25626236528468205,1.7444610595703125,3.1299591064453125,8.78645210277947,0.34959133001461545,6.308838153777517,1.463729565034955,9.7052057532181,12.859715822169626,0.6224567404809895,6.640625,40.21814144210337,0.2269268282071515,1.53961181640625,2.751922607421875,8.065668023045728,0.30032607794961036,6.3377825331336535,1.4450447677110412,9.734754013576179,12.627791816310673,0.48816955814838014,4.23583984375,57.25002800222294,1.236773101289308,6.60400390625,7.848358154296875,33.65334925976717,4.362825252719793,5.787828425565855,1.61253268104826,9.70234046617321,14.608834103412018,3.0205758497516237,17.59033203125,258.96007545446633,1.394639429330247,7.7411651611328125,9.090805053710938,37.28220083525038,4.578606208666985,6.024498474489771,1.633194189135978,9.893012565202138,14.482027928023944,2.576131859411458,12.744140625,240.8086544598225,0.02933553707753056,0.06071231903679397,1.1292730613500703,0.1342871823326094,0.12091122035307628,0.2048492431640625,0.06237658245613141,0.7207840797337433,0.04277112161107013,0.20720240676766843,0.16271361744662077,0.04448878932104766,0.2144450041965263,0.13172858777306878,0.2389448991859368,0.504873862270217,0.29759142412556405,0.2583070434019366,0.2613044776538149,0.27253616825735955,-0.02103940657043823,0.258270261868875,0.34114136644404347,-0.13825407996483752,0.29924603454851384,0.2342066319023848,0.12192159776728677,0.15712426690269737,0.18786261185141365,-0.08910003814847871,0.25084319077625816,0.22695495059777748,0.04999651026230154,0.18910065533901677,0.2176630570058586,-0.07021865544495426,0.20728243814465297,0.0828711045751685,0.2583070434019366,0.13825407996483752,2,0,0.1406443616069803,0.00026468338959201277,0.00018213805429094618,0.18473897444073573,0.00017442291879868856,0.00010235781028136541,0.26035954584476106,1.7038844371025854,4.8911459993050005e-05,4.7552510503230375e-05,0.014086177679108016,1.0283616124453314,3.3095588689184986e-05,2.410431150032284e-05,0.15716295884241255,1.3724459306558225,4.9404789173016674e-06,5.045329459026865e-06,-0.010489450955612418,0.9772812943931638,9.834413784776827e-07,9.282227566923105e-07,0.028734793336030812,1.0481960402930213,3.546320204436166e-05,3.547951983566409e-05,-0.00022998118845985298,8.783619284103674e-05,4.7760488908228264e-05,0.2955289770079909,9.594696044536825e-05,6.188568520726722e-05,0.21579260216570192,5.586068362347839e-06,6.1266478910257575e-06,-0.046113845715778444,Normal
Train209.csv,5.607742886657781,20.187874391968013,2.1,189,0.05139098198663605,0.0,0.2859549575989371,1.6468048095703125,2.96173095703125,5.433322944212719,0.2890983186973154,5.421440189926807,1.3954448659235363,7.86911935646526,10.014078924348935,0.7604689982883918,6.25,17.31792143978667,0.3242598084407863,1.9073486328125,3.4420013427734375,5.23811995402016,0.1813887364353553,5.753537261692319,1.4043571769416805,8.42859647627146,10.773453912339923,0.7370470013531527,5.72509765625,27.683752433918283,1.377111579435206,7.3146820068359375,8.715057373046875,16.64229005465515,3.5212606585770385,5.45051664917634,1.674517747840161,9.726678568522168,14.169740026552196,2.3003262845571992,12.87841796875,78.06512023757962,1.4917943271120477,8.01849365234375,9.54742431640625,14.851347645050046,3.354873114115632,5.419236176629141,1.5966687982037688,8.83111938913433,12.09339080242998,2.756425238464387,12.8173828125,102.70510211975493,-0.0383048508418492,-0.0627727356758658,0.8818698504611538,0.023421996935239053,0.0156405652990952,-0.2605438232421875,-0.0733068582245685,0.19520299019255916,0.018292089633161285,0.20764835601755094,0.21736227332014021,-0.009713917302589276,0.37055101358964554,0.4370936141185368,-0.08239093955692726,0.34403538236718567,0.3613961130049026,-0.024610086883714955,0.45194411965302955,0.260567224214055,0.2685948713663235,0.30758328326654727,0.5169899207261114,-0.25395760365001196,0.12532971527875073,0.1436419837893201,-0.06808250791139879,0.3412918938083488,0.30464796885779516,0.0567296222159259,0.28263790025715196,0.39912373220133057,-0.17086005531804654,0.21138325146733403,0.32800457651955045,-0.21621052022135534,0.19137689543897457,0.20940663745956412,0.2685948713663235,0.25395760365001196,1,3,0.15720854232594098,0.0003596782211380065,0.00042180764991662015,-0.07950166609508766,0.0002505521219312272,0.0002571863014097555,-0.013065879032918417,0.9741668933724553,7.707074972070013e-05,0.00011861804683625587,-0.21230226167212968,0.6496840483859782,1.9870903244276226e-05,3.26505818249438e-05,-0.24327655241095822,0.6084062847006682,7.0848301330762536e-06,7.729977526316662e-06,-0.04351809534821498,0.9153553881761485,2.8805835251291194e-06,2.9258952147191873e-06,-0.0077902269769578175,0.9811601962792265,3.077303324882651e-05,4.984062337546394e-05,-0.2365011824692247,0.0001863688528301227,0.00020805911187652591,-0.054990292484991134,0.00010717619848137509,0.00011669135472243836,-0.04250160904876819,5.609540604217501e-06,7.1542683043993325e-06,-0.12092929456145254,Normal
Train21.csv,16.111134325159654,58.00008357057475,6.033333333333333,543,0.12933113515502717,0.3560471674068406,0.3258265920277484,1.728057861328125,3.1650543212890625,2.061233173399114,0.061981815199491794,5.297948953169794,1.2782854109424238,6.876588807732002,8.234042674939502,0.6064167108102838,3.45458984375,12.511203565149849,0.3374475783273885,1.8207550048828125,3.314208984375,1.8538158174579584,0.13564851782789702,5.111922252075553,1.2976874271069982,6.825161520451751,8.325757398212316,0.7870466619076543,9.3994140625,29.75534898585952,1.2494576030117674,6.6181182861328125,7.791900634765625,23.973419856095816,4.0277478066292804,5.608729495919903,1.6493659479240605,9.683092990046749,13.475353353501621,2.2723048492188687,13.3544921875,177.13091854556993,1.3835252463544236,7.66143798828125,8.974838256835938,27.21890514274772,4.110272763929336,5.851836330921683,1.6883662207975734,10.675265575920037,15.50390408992936,2.398217877698874,13.9892578125,232.42003763193108,-0.01162098629964009,-0.017520637232430587,0.965562070372939,-0.18062995109737046,-0.12962662193896574,-0.0926971435546875,-0.026120606182442652,0.2074173559411554,0.052979504444452194,0.26077442614668334,0.24390416927881733,0.016870256867866,0.27370910098413964,0.44644914673325203,-0.2398640075261068,0.2758471445350347,0.3048780346825352,-0.04999075412350333,0.39890492827169977,0.4186643979130435,-0.02416855521215237,0.49420678219821024,0.481196929432957,0.013337915856520279,0.3174280750571414,0.27868011373667123,0.06500155743348976,0.30684824311210473,0.2849377422030508,0.03702436536603998,0.3001247275866409,0.31369158539179964,-0.02210247153306035,0.30179139601602145,0.27657857298616734,0.04359289718555515,0.03874796132047015,0.1727400457491124,0.06500155743348976,0.2398640075261068,0,1,0.0900396395687554,0.00047380771651427524,0.000426855908390651,0.05213023688902772,0.00011816302057202454,0.0001942829014950425,-0.24361798112016333,0.6081695196416609,6.654001559160485e-05,4.936084912648452e-05,0.14821014843519933,1.347759189256279,0.0002370672082491033,0.00013304404696551613,0.2810515738234705,1.7817361715464728,4.860782908991437e-05,4.581406946379296e-05,0.02958491430236874,1.0607488522668407,2.4042844136301833e-06,2.8460323130879213e-06,-0.08397743375679646,0.8418267547647906,0.0002765069259242076,0.0001682057431073879,0.243525213258525,1.1712042973566363e-05,1.2740419748091486e-05,-0.04203897155516761,5.901593607304665e-05,4.235948920091165e-05,0.16428837603755012,0.00010162207163657707,0.00017569725471996294,-0.2671018750759643,Normal
Train210.csv,13.351768777756622,48.06636759992384,5.0,450,0.059341194567806184,0.11868238913561235,0.3730294180470448,2.2617340087890625,4.07562255859375,5.268975579150264,0.3053584948479661,6.10567329060983,1.3416410283049909,8.321358055018955,10.222366562850901,0.7559864716044761,7.58056640625,28.540219039622663,0.3736756126624073,2.4692535400390625,4.460906982421875,4.785279695990228,0.2360059378426011,6.223388174244008,1.3704451089960805,8.70279510481124,10.819334716643368,0.8143744213397882,7.3974609375,20.800819476242474,1.199802028953957,7.0613861083984375,8.350753784179688,27.69053882244439,4.277256403058155,6.249580233828548,1.6510110889830745,10.874886437683003,15.641946313365207,2.313661654061897,18.5302734375,177.15215869105637,1.3527868655368087,7.354736328125,8.492279052734375,23.146744164204314,3.936356685886675,5.4463498949306,1.5842380365480713,9.176674272854175,13.390564863179787,2.8043203804294605,13.037109375,184.9689267002405,-0.000646194615362472,-0.000865394741072748,0.9982706803008494,-0.05838794973531214,-0.037181229885334496,-0.20751953125,-0.04386389282778055,0.48369588316003576,0.048108573876665485,0.31090913828773714,0.2762265212797297,0.034682617008007455,0.21250689334066866,0.2449097534538515,-0.0708388285207086,0.13333536055881443,0.14435800272725674,-0.03969357294344625,0.2098653531404931,0.15150774920508514,0.16148850576243493,0.35347778686857734,0.3291211221468669,0.03568224918498494,0.4947685278116615,0.4502920721173796,0.04706201404121726,0.6620898314210748,0.608227468504454,0.04240071555017893,0.5293296050759221,0.4309831505455771,0.10241085826522017,0.5221268485897071,0.7112823216011352,-0.15335987120037534,0.09834645453034496,0.1891554730114281,0.16148850576243493,0.15335987120037534,1,1,0.09354643733659672,0.0006198234062019043,0.000591886393374113,0.02305586109608632,0.000393715841965444,0.00032683973085131403,0.09281058329321089,1.2045775315156915,7.969369847024393e-05,0.00010309684547506063,-0.12802558734080743,0.7729234475466535,9.495356583269051e-05,0.00011128101404286353,-0.07916546568169132,0.8532006528049005,4.352854700145632e-05,4.494836246649544e-05,-0.016045485977260326,0.9681968962703063,4.193322335876346e-06,3.5237414262149418e-06,0.0866539904777731,1.1866522843941907,0.00012486763817034206,0.00014195939624593883,-0.06405317055402683,2.2056987927625076e-05,3.015375360338413e-05,-0.15504884531275973,0.00013239554952722138,0.00016664695173849986,-0.1145330738459352,0.00030155384693006187,0.00021194308261619196,0.17450741004225975,Normal
Train211.csv,5.6374134839416845,20.294688542190066,2.111111111111111,190,0.059341194567807065,0.11868238913561413,0.2946755518229024,1.9336700439453125,3.533935546875,8.682079073933817,0.35971990895381534,6.099838488682901,1.4549940861817916,9.371062149923832,12.201727907762073,0.7265064566542583,6.50634765625,37.87679299725861,0.28996476445516606,1.751708984375,3.2199859619140625,6.177455664534655,0.18231756399676258,5.826500377039853,1.409230799455297,8.53895179878617,10.845814352146672,0.46913970006999267,4.77294921875,40.389791405795144,1.4392614202522285,7.7930450439453125,9.282684326171875,16.590989057421982,3.4781264008627923,5.571233303999355,1.7111007456961291,10.224389155379427,14.739908702846055,2.696181939362084,17.71240234375,76.33663843384313,1.549789392042543,8.45794677734375,10.028076171875,18.95527223013518,3.57582069024348,5.568668267357479,1.6658004644824969,9.504231694113571,13.27516186278162,2.8206186234089143,12.9150390625,109.55536759276302,0.0047107873677363354,0.00805758199699652,1.0162460332521002,0.2573667565842656,0.2152532778902151,0.1819610595703125,0.04937377069720487,2.504623409399162,0.16855328594034924,0.2047408105497977,0.1870994627224882,0.0176413478273095,0.3577138198308847,0.3182388323186418,0.058399041416173414,0.26156695077270065,0.36835237640010676,-0.16952238060618766,0.5245499710058001,0.3064156758046688,0.2625069922124165,0.2641823242814,0.23276723319214648,0.063215853570344,0.2072411319022568,0.2550745568018578,-0.10346485103940793,0.395636667053943,0.31272502784187584,0.11704703774784277,0.3024639767879967,0.3191862251173366,-0.026899770979063698,0.21147259200619564,0.33489436831037683,-0.22589538352340172,0.21813429520113137,0.12342177630418119,0.2625069922124165,0.22589538352340172,1,2,0.15047260102788573,0.00038846565990665027,0.00033477451441015746,0.07423695115832153,0.00027349636365025116,0.0002095199931423366,0.13244902603810937,1.3052850312673916,8.552058910917637e-05,8.965199349600591e-05,-0.023583419797735795,0.9538109267332538,2.2046765107704937e-05,2.782521199027144e-05,-0.11584237872562039,0.7920458847380218,4.1530665245224425e-06,4.132786694387398e-06,0.002444574367446377,1.0024813805038457,1.4396324699153467e-06,1.4069668974177947e-06,0.011435125580122163,1.0159958376860156,3.781793853447044e-05,4.047282909919871e-05,-0.03390631592718477,0.00022542412636335945,0.00017195063226740519,0.13456352548649173,9.462686804797776e-05,8.653578948749628e-05,0.044659490402944674,3.4453335555290946e-06,3.182318884020866e-06,0.03962465252640753,Normal
Train212.csv,13.73748654244737,49.45495155281053,5.144444444444445,463,0.3597368739064526,-0.949459113084913,0.5322680538545818,4.2659759521484375,7.39288330078125,10.828414120347414,0.42286944553126754,7.739032237357856,1.4495136150080818,11.730363811094247,14.975115997520792,1.144838409088576,9.99755859375,44.85272248187184,0.5521312975253525,4.3216705322265625,7.837677001953125,10.37217288402006,0.29191664092879066,7.836228595817644,1.4883609621157183,12.026220752100159,15.497981919405406,0.9849876208059977,9.8876953125,55.39793178941797,1.4867408997840552,8.359527587890625,9.587860107421875,23.66591708595196,3.929076209498892,5.999753963656224,1.7104223909992617,10.59902240325362,15.393263969436743,2.960843839648666,17.0654296875,112.25656651935803,1.5699095558872336,8.858108520507812,10.231781005859375,24.120290909829297,3.8460453088298925,6.098277388269194,1.62867134206345,10.749621897641891,15.0299819954937,2.8399781427499367,13.525390625,222.11075398867578,-0.019863243670770747,-0.01831727717498294,0.9640244025288156,0.15985078828257826,0.07505344816353682,-0.055694580078125,-0.006485429985340633,0.45624123632735447,0.021520217153334634,0.35800996014288206,0.3516962438618659,0.0063137162810161795,0.30013231151227304,0.5308975530205408,-0.2776858553225884,0.7147067230509998,0.7831286302179465,-0.04568052594086145,0.6721066973636317,0.5580236086213531,0.09274065296970625,0.6413606455547285,0.5835836496462145,0.047167039075328536,0.5386634054202775,0.5103189673308877,0.02702089048917187,0.8268784236548744,0.4937889559081549,0.2522129874479063,0.3136503385606456,0.3628252613179184,-0.0726928244554158,0.5089718349431452,0.7437709205353815,-0.18742801160982714,0.3330894677467195,0.23479908559223628,0.2522129874479063,0.2776858553225884,1,2,0.15467730212169806,0.001349805249057975,0.0010559735266070605,0.12213580293545062,0.0008290009217559548,0.0005634641574633311,0.1906940872805431,1.471231485553804,0.0001578263114559166,0.0001628683532294505,-0.01572176001393832,0.968982730526401,0.00017178392092501003,0.00014395995216374377,0.0881191685444357,1.1931928735353898,0.00017522322259108842,0.0001689033006537895,0.01836457774870309,1.0373559803335557,1.0505278070279905e-05,1.0575091754152173e-05,-0.0033102162007321765,0.992459802359204,0.0003092351637771882,0.00027984784599597846,0.049885701058522955,3.3137262543897516e-05,3.264414463511745e-05,0.007495171936941844,0.0001753053224088289,0.00017124128480241907,0.011726908452599653,0.000753742039161749,0.0004956845031303213,0.20653912967682658,Normal
Train213.csv,10.20668546566284,36.74406767638622,3.8222222222222224,344,0.14535564741834425,-0.3560471674068424,0.4432671326777426,2.3632049560546875,4.2057037353515625,2.3290004079882616,0.16701396105052715,4.864604466451066,1.3281298865405398,6.629680928618188,8.21310427801313,1.9689019575966038,10.7421875,17.603236228034575,0.2830957179419646,1.57928466796875,2.7820587158203125,1.8156020771213341,0.010178291505474276,5.147404317761897,1.2936699991959226,6.772320288327812,8.190910983463315,0.6029603743335958,4.4189453125,14.423342954457073,1.1809386172027279,6.7378997802734375,8.076095581054688,30.037438088324922,3.8719656125061466,5.776166233287524,1.517740293815515,9.192862282823695,12.027697136846044,2.327051462449271,22.412109375,429.58634408968163,1.2859097219352194,6.5402984619140625,7.619476318359375,30.274020715846245,3.787794167276188,5.026063987599205,1.5129461828819468,7.971651471893113,11.133552381125709,2.046320068322543,14.404296875,407.12984792979086,0.160171414735778,0.22051156993231372,1.5657853119161642,1.365941583263008,0.5311099124527248,0.7839202880859375,0.19883889644775593,0.5133983308669274,0.1238715489537801,0.37535154026395345,0.22015209225916815,0.1551994480047853,0.15145408843054878,0.15676439964890027,-0.017229047741912803,0.1995280986826797,0.2150203412574593,-0.037371367754521066,0.28923617764378445,0.2960036062547696,-0.011563514104029367,0.27592479357943706,0.24039408174545485,0.06881544108467895,0.2478019376093641,0.25247381802824365,-0.009338610302110454,0.2573228506670782,0.26531076075744287,-0.0152839575620725,1.1925615962382787,0.4286132214525085,0.471231332819264,1.3287046205526636,0.46643800787097484,0.48033320262442625,0.8622666126816887,0.015492242574779602,0.48033320262442625,0.037371367754521066,2,0,0.20965581855731943,0.0014964195369120976,0.0003068196658959337,0.6597016464391973,0.001226521048658527,0.0001133173723625977,0.8308429959916921,10.822813792366064,8.911246543487315e-05,3.632720978139405e-05,0.42076837235712805,2.4523750164356843,8.761236403586837e-05,8.350305328572439e-05,0.024013444726457174,1.0490858684823672,8.456217933501085e-05,6.899164855468105e-05,0.10139452105553427,1.225509550949333,4.0340715445738735e-06,3.4535048237422413e-06,0.07743391895080116,1.164736805596577,8.836389740532341e-05,7.843825969141802e-05,0.05950188455478752,3.3057526785805494e-05,1.0892397840248489e-05,0.5042121690176937,0.0001336276839798668,3.977216241393629e-05,0.5412352500029923,0.0011289641127768943,8.665136058195186e-05,0.8574291794947086,Side I
Train214.csv,15.547392976765487,55.970614716355755,5.822222222222222,524,0.08392112216521339,0.23736477827122826,0.3612431988217224,2.0038604736328125,3.5999298095703125,2.2780636383321857,0.1007902208304268,5.584283706931942,1.2919765958722729,7.286607919475632,8.751561511177751,0.7027993083680961,4.5654296875,12.318922031892416,0.397695875491987,2.213287353515625,4.0584564208984375,2.2041602404804586,0.09212050984700237,5.490626842495763,1.317861211095546,7.308739819478522,8.894784402269424,1.094577142759421,7.958984375,8.388418019015875,1.1793829979871986,6.732940673828125,7.865142822265625,37.216992021348474,4.794876260035954,6.320521051668148,1.5797671399952744,10.800375745636774,14.796251233706135,2.5979734585623513,15.63720703125,219.32779838705682,1.374461230874442,7.6976776123046875,8.980560302734375,33.98058987269217,4.524291771922753,5.97033276564267,1.539697847509802,9.443943622927229,12.600531991549499,2.479424714969198,12.70751953125,173.78847878074052,-0.03645267667026458,-0.0480310968609923,0.9083402971967658,-0.39177783439132496,-0.21797205141184375,-0.2094268798828125,-0.04966078685646063,0.07390339785172717,0.016488109403946894,0.3062984597668915,0.2893467372269953,0.01695172253989624,0.26239862670082953,0.2326100973719075,0.06017778531670289,0.22860653202045642,0.2651702620783329,-0.07404910428024321,0.41304029839368356,0.3736491459468436,0.05007204841694629,0.5521275960674662,0.8162215220067893,-0.19300185933614428,0.42935811769620746,0.293034558852249,0.18871115583312897,0.2521182118212658,0.3521326369360322,-0.16551805208925313,0.41316766133399624,0.2631059507306538,0.22189496338066092,0.42965306664262193,0.7204545401291004,-0.2528471851205884,0.15006171060334245,0.29080147348647845,0.22189496338066092,0.2528471851205884,2,3,0.16645335447688955,0.0004522557909840488,0.0006186580578608547,-0.15538342982144526,0.00015233061018080966,0.00016875560922156605,-0.051152888287898865,0.902616420984328,0.00011882588903285629,0.0002564484987272316,-0.366715520770224,0.46333379327482965,0.00013925681706907864,0.0001535402810889998,-0.0487811399032749,0.9069134623619707,3.676234988543166e-05,3.4696700280934926e-05,0.02890271522691695,1.059229185945572,3.3816974327025187e-06,3.4383267064837637e-06,-0.008291226008462056,0.9806777955070312,0.00015989762886555858,0.0001708377364585467,-0.0330771304452525,2.894544743541956e-05,3.4522353193391796e-05,-0.08785600166873117,0.00011640446114182082,0.0002933773213163862,-0.4318604416930057,0.00013103454322702232,0.00010484394395425149,0.11102957836447556,Normal
Train215.csv,5.311036913818745,19.119732889747482,1.988888888888889,179,0.25695490993318093,-0.7120943348136866,0.18242301725156101,1.0955810546875,1.9596099853515625,7.520935274142525,0.360686811080403,5.642465790794873,1.360885250664123,8.075261587397371,10.195538643105305,0.38744811433620496,3.35693359375,48.28157646562788,0.16722647306089314,1.016998291015625,1.8146514892578125,7.640202434694435,0.4517105090187836,5.670374469582948,1.385028450750509,8.429055562629335,10.835223207179318,0.38926848431862604,2.94189453125,48.20915490499003,1.2136964980128786,6.6921234130859375,7.8704833984375,51.857870605381706,5.461286973518112,5.880408192773501,1.5727368178838832,9.461817582973602,13.233155084196442,2.336015170537992,13.73291015625,351.84956916052795,1.3632221341699489,7.4695587158203125,8.68377685546875,37.793204434131056,4.926317234132942,5.6844295503753255,1.5927103269594063,9.579351638188768,13.008278251034696,2.7876615825999984,12.78076171875,181.73663799656197,0.015196544190667877,0.043462221959670824,1.0908739687190232,-0.0018203699824210773,-0.0023436733065019862,0.078582763671875,0.037197544063721326,-0.11926716055190933,-0.007866636578581158,0.15030365173434718,0.12267000926889692,0.02763364246545026,0.22580723002556155,0.14982552066456625,0.20227657785066086,0.31722992369035224,0.31110762705524303,0.009743642617583453,0.1347502824093862,0.14411833779486047,-0.03359307706504315,0.1424906606081536,0.09895899630207375,0.18029291513690607,0.2311384202497042,0.24296282672101568,-0.02494067732885538,0.19816009813791496,0.20290638089465854,-0.011834154402159725,0.12911203604500426,0.13627350376982417,-0.02698514568640525,0.12018423612708534,0.09617558460533887,0.11096630756491194,0.0759817093609953,0.011824406471311472,0.20227657785066086,0.03359307706504315,2,0,0.09209475932627705,0.00012244509796320024,0.0001240762629879644,-0.0066167289458023346,4.2881687925750685e-05,4.401200956276063e-05,-0.013006600060479285,0.9740965565103468,1.361688695601831e-05,1.3160660718392124e-05,0.017031280472979214,1.0338803228757578,5.231138047743561e-05,5.508456909795876e-05,-0.025819692777600625,0.949483430652219,1.2458890148190809e-05,1.0582455917844845e-05,0.08140237125287629,1.1762041064718174,5.769491297252609e-07,6.419720808383578e-07,-0.05291059390477568,0.8849291966358032,1.035218885289476e-05,9.481633318995367e-06,0.04387035553728068,4.064826483734406e-05,3.540436970665498e-05,0.06894180253059347,9.176424526649265e-06,1.5098426935078723e-05,-0.243855821715126,6.434048768939039e-07,6.402029775335184e-07,0.0024751700056758518,Normal
Train216.csv,11.69021532985802,42.08477518748887,4.377777777777778,394,0.13269094491965866,0.35604716740684417,0.24595123090092236,1.2378692626953125,2.2556304931640625,2.554721407676144,0.03282281796865466,4.916722175337263,1.285719205168837,6.414378420190353,7.7280221046302255,0.5593236143069528,3.86962890625,20.895810245289592,0.38046621988854346,1.9313812255859375,3.50341796875,2.4619710237776857,0.12765178356140694,4.863158707168726,1.360218422773887,6.744069673455117,8.517406432564524,1.6588634932858166,9.1064453125,15.548355099850038,1.269903722427785,6.8416595458984375,8.223342895507812,31.907875703120517,4.390673652357911,5.935045767935832,1.6280047629607695,10.242592801183463,14.70223201387542,2.9415285609374577,16.1376953125,189.80408337662817,1.4773644106673838,8.148193359375,9.545135498046875,33.130264500084266,4.503643945476668,5.718735679295827,1.6124519938381752,9.467502244619627,13.120256909733175,2.5014205085776444,14.09912109375,252.18408673406444,-0.1345149889876211,-0.2147369723987157,0.6464469421450968,-1.099539878978864,-0.4956930234867253,-0.693511962890625,-0.21882522800476986,0.09275038389845847,0.01848835362759044,0.19367706749764102,0.2575303794825869,-0.06385331198494587,0.440209217249676,1.2421098795817263,-0.47666382618836584,0.33918578481899514,0.7529552742337386,-0.37886084603853015,0.24904545705343648,0.22368043284245218,0.05365693780808413,0.23135405564223202,0.2596341208971161,-0.05759826006041333,0.2425617971161918,0.21358224533619816,0.06353157872867013,0.17232193059092824,0.1881487372146156,-0.043905947413079634,0.20295533099904015,0.18383269283652012,0.04943958057050404,0.1332503142907836,0.10637781645546118,0.11214249608429405,0.028979551779993645,0.8019006623320503,0.11214249608429405,0.47666382618836584,0,2,0.20628272096847258,0.00020058613318641233,0.0008381619020634067,-0.6137925148745599,0.00010754523650563912,0.000722500446728653,-0.7408601888331824,0.14884938618199514,2.6734753772988364e-05,3.944880017969984e-05,-0.1920737843415816,0.6775359020354209,4.59572824189147e-05,5.247763799855474e-05,-0.06623354005457636,0.8755829786087943,1.704284290742881e-05,1.8622444756791684e-05,-0.04427720006717958,0.9146863511411484,2.050763354095626e-06,2.4726775648152696e-06,-0.09306710250919152,0.8260288742925095,4.445869639716221e-05,5.136893464050233e-05,-0.07210360031358001,1.034691122782605e-05,1.633608179805122e-05,-0.22437238733097578,3.7359769250262494e-05,0.00011397462749537581,-0.5062285746454062,8.452871755773358e-05,0.0006258380350729266,-0.7620031420096754,Side II
Train217.csv,13.055062804917586,46.99822609770331,4.888888888888889,440,0.0,0.0,0.5268960409668292,3.057098388671875,5.5988311767578125,4.113450587880566,0.18569132358988769,5.7663944642884974,1.3829304323439022,8.051388461690117,10.066483644638726,1.5001524212008315,7.7880859375,13.366307877812957,0.5593864404753401,3.28826904296875,5.973052978515625,4.139360510033505,0.2532851261344449,6.0349701537348786,1.37825469865284,8.419768460354707,10.542031638119735,1.4994338079625453,8.55712890625,14.043123428458951,1.2594331644425316,7.558441162109375,8.792877197265625,26.206367802199864,4.133417493494487,6.431377457785365,1.5705516307474998,10.30749354431678,13.774881239308135,2.7552232744909095,16.5771484375,172.77117555935789,1.4274418190325293,8.049392700195312,9.139633178710938,23.43157227452163,3.902869702290484,5.9439290222536325,1.6107536101697857,10.352563355225934,15.508048421148096,2.81772708210845,12.63427734375,152.0911219872704,-0.03249039950851096,-0.029909714797461278,0.9419177753038134,0.0007186132382861476,0.0002395707877652413,-0.231170654296875,-0.0364314054974734,-0.025909922152939302,-0.0031395268611071033,0.41835966501362926,0.3918803758570484,0.026479289156580876,0.10804079528275265,0.12039949999555738,-0.054100368574398705,0.39607410626729866,0.4362945297818084,-0.04832044516022873,0.3261565016361504,0.32699015190084235,-0.0012763599834950976,0.45713853391969717,0.5475053288143841,-0.0899490828016089,0.5649517819993993,0.6609600974113533,-0.0783158367589545,1.134013397733699,1.050226690949123,0.038359659652390146,0.6061010228060221,0.5505678020303842,0.04801134006821597,0.855076447333184,1.0719585448006361,-0.11254704622764869,0.08378670678457611,0.21688209746745213,0.04801134006821597,0.11254704622764869,0,0,0.05570025612405384,0.0013412959706179941,0.0015059146904034726,-0.05781754123048266,0.0008313273710768708,0.0009692051182365448,-0.07657566982062702,0.8577325667282654,0.0002766501399428048,0.0002961815391562126,-0.034095632224469645,0.9340244516468057,0.0001319125423764149,0.0001376880856761679,-0.021421793871666588,0.9579838508912958,8.739503033622495e-05,8.659340607137075e-05,0.0046070774048588324,1.0091407982753222,6.9627462860464765e-06,8.04844624801695e-06,-0.0722778807014451,0.8640308654735883,0.00018935533251977223,0.00019460773768411802,-0.013679097759529718,5.6229719894097974e-05,6.768657091080706e-05,-0.09244891412707096,0.00040271330747596913,0.00036825360715163433,0.04469615065060604,0.0005955661906811925,0.0007622325241755427,-0.1227465486638414,Side II
Train218.csv,1.6615534478986018,5.981592412434967,0.6222222222222222,56,0.11868238913561435,-0.2373647782712287,0.19086779975340268,0.81787109375,1.4862060546875,2.637748511267647,0.19776213345872426,4.314981626478049,1.29687063984897,5.709796250734426,6.941905697316387,0.41569438584606233,1.6845703125,12.252115695641663,0.18399114037658304,0.84991455078125,1.5438079833984375,3.024549759392994,0.1994409726108536,4.62189461330824,1.3264271662452594,6.355856303467757,7.912933844175413,0.339526850833824,1.72119140625,28.498394322220726,1.3345224121452826,6.6806793212890625,7.8582763671875,12.028345783082498,2.635813310717581,4.923821108980123,1.5698141211771874,8.030316984268001,10.951539940359922,3.0742158344453707,17.8466796875,56.07134398834187,1.4693012202975118,7.2925567626953125,8.597183227539062,11.109405054710635,2.4023211023702533,4.634627461644637,1.5770555767332843,7.80824836983393,11.099496572233365,2.808705246772114,12.85400390625,32.862029733357204,0.006876659376819638,0.018344658369328234,1.0373748920138002,0.07616753501223833,0.10085459770509246,-0.03204345703125,-0.0192131746331972,-0.3868012481253471,-0.06831170470945547,0.14302329926130225,0.125223566538039,0.01779973272326324,0.1092356066049829,0.1038938665539787,0.025063355720804183,0.2991507726897313,0.1911510498433391,0.22027191350362266,0.1802993288799655,0.2145278255108754,-0.08669235482750874,0.24671288219381132,0.19086752222623662,0.1276230793866539,0.19122288153247055,0.2623048525289214,-0.15673125167581545,0.2577866049968856,0.17972261666184697,0.17842820833533948,0.1691807115726837,0.2020358725901821,-0.08850671423132474,0.14233715125825364,0.1973521826415589,-0.16195689494319646,0.10799972284639217,0.07108197099645083,0.22027191350362266,0.16195689494319646,2,2,0.14274216954911656,0.00012768027216963638,0.00011197243351918065,0.06554417403846029,6.730075338118998e-05,5.797100339068948e-05,0.07447014019358511,1.1607379908157478,4.902490353175416e-05,4.165734273360941e-05,0.08123694253406655,1.1765785940606681,9.578618799855366e-06,1.0540799116989805e-05,-0.047799708919016706,0.9078571863273418,5.133450903914478e-07,5.407398159350464e-07,-0.02574486808404466,0.9321009223200799,3.331706568869297e-07,3.9656998778572504e-07,-0.08570480932117824,0.8194669230295497,6.071923270176811e-05,5.1579000033808624e-05,0.08138524171669266,6.581520679421869e-06,6.3920033568808514e-06,0.014596755242345251,4.888756693139571e-07,4.199152175206633e-07,0.0750556549715828,0.0,0.0,0.0,Normal
Train219.csv,0.0,0.0,0.0,0,0.0,0.0,0.07081706154742923,0.202178955078125,0.2956390380859375,10.140286937705767,1.3765724520728038,3.233296905011848,1.0905229134323213,3.756878870486651,4.083090584886985,0.12938980957629287,0.341796875,32.385265736004115,0.053452596488149706,0.2010345458984375,0.324249267578125,11.15224457823394,1.4411714238207018,4.167830123597268,1.197779806800739,5.345064554265083,6.417651912522816,0.12696216257645218,0.32958984375,34.0489053660293,1.2901413680000227,6.484222412109375,7.6168060302734375,15.271867151591978,3.2989761862410862,4.779111385904251,1.5898633346555493,8.166532743434114,12.037809715532955,3.015991499969472,16.8701171875,47.56348100435936,1.3842248127006813,7.1552276611328125,8.395767211914062,14.479854983532013,3.1178923888051706,5.039070414134901,1.6175282971394722,8.653932588956135,12.106403339627324,2.5011711030047667,12.36572265625,41.83733005235886,0.01736446505927952,0.13973212718575864,1.3248570313054644,0.002427646999840688,0.009469975536971646,0.0011444091796875,0.002838221310877702,-1.0119576405281734,-0.04752641269054138,0.05489093114524383,0.038615545402416226,0.0162753857428276,0.07748532679304578,0.06887576023346868,0.05882414613233872,0.06465680278580489,0.06540850396061357,-0.005779412941224195,0.08610797359576981,0.04259978452155639,0.3380385637217533,0.09318625307815961,0.05267779529244544,0.27771377156387655,0.055968106756555495,0.06745856629375203,-0.09309542518057573,0.0516885618056956,0.04534020727765627,0.06542754209641059,0.09119009805028158,0.06960879619969988,0.134212990761622,0.08187117170891371,0.05465772363105826,0.19932371104925348,0.04350818907421342,0.011490459537196539,0.3380385637217533,0.09309542518057573,3,0,0.13547720400109564,2.609982773412578e-06,2.4983349760770915e-06,0.021856079204673643,1.6201429149635494e-07,1.9631124597837118e-07,-0.09311587438970247,0.7852906453453334,8.077959571997961e-07,6.076470747054557e-07,0.14041170219676946,1.3078600875508377,9.479028902339036e-07,8.572152253610388e-07,0.04996240415083953,1.093042260459937,1.3153771140394208e-07,1.6108796140915094e-07,-0.0976462100208518,0.768830900319013,2.5803634159100794e-07,3.1870540873330145e-07,-0.10339994914075902,0.785007896844096,3.107955917318416e-08,3.076310524523019e-08,0.0044048189264101565,1.865437509771954e-08,1.733337119839299e-08,0.028725128011724704,1.475407173294435e-08,2.0864648257957914e-08,-0.13394888164841529,0.0,0.0,0.0,Normal
Train22.csv,5.0143309409797086,18.05159138752695,1.8777777777777778,169,0.09840623849644645,0.23736477827122915,0.23160123521954853,1.619720458984375,2.79693603515625,13.214136271190611,0.8059223684955465,6.603617449688774,1.4349960630018663,10.198684690208395,13.143721066117006,0.6217132693516751,6.38427734375,81.13529503215453,0.19839806221023037,1.28021240234375,2.28118896484375,7.400757009830493,0.23572721711664896,6.428302340248182,1.3866363054894701,9.278211910198863,11.687893429668351,0.41000479672114887,3.23486328125,59.604095384891636,1.3482647227068911,7.448577880859375,8.727645874023438,22.15187903408646,4.0486286012604245,5.828141889382975,1.6478900835026304,9.854335827565976,13.4611258881815,2.9892485256106887,17.73681640625,129.08266164556215,1.5264331919871417,8.14361572265625,9.53216552734375,22.337194614926698,4.08862058921188,5.324628534133791,1.6917233174777961,9.5303889885084,13.76080468976214,2.735139846098806,12.90283203125,109.11466063542342,0.03320317300931816,0.07721680578460095,1.1673562784124978,0.21170847263052628,0.20519992577466756,0.339508056640625,0.11707445368731433,5.813379261360118,0.2819989984567205,0.17177727014676575,0.12997493893080403,0.04180233121596172,0.355484548154786,0.17547252883646652,0.3390330852129395,0.19250455383388781,0.1144022395575411,0.25448218616625135,0.21518923118143124,0.16415208686634405,0.13454148161958096,0.24147098438724535,0.30739812165411157,-0.12011449604298496,0.3294278064413264,0.287051052216148,0.06873999479895165,0.19210969350136087,0.13452073666456504,0.1763122775928081,0.3010828500129751,0.29317675517927844,0.013304109233703992,0.15724537422945187,0.18142871390674767,-0.07140593216423166,0.18001201931831945,0.06592713726686622,0.3390330852129395,0.12011449604298496,3,0,0.1476222921543813,0.0002181009800287096,0.00015747780906575745,0.16141265887010453,0.00012071084502107412,6.551351517884042e-05,0.2963863906906425,1.8422522767834566,6.688136438921878e-05,6.122013459300536e-05,0.04418986461940414,1.0922949105661282,2.6114362188792414e-05,2.657234122987493e-05,-0.008690848029789274,0.9823951157260531,2.227721608931895e-06,2.252728255056191e-06,-0.005568850979684925,0.9845290100364144,7.926416692316882e-07,7.742762711660978e-07,0.011646387928694378,1.0106663918993142,4.7943704910011274e-05,3.798263541338352e-05,0.11591219103748607,7.935884785855894e-05,4.499969321903066e-05,0.2762688565920596,5.586393725307779e-05,4.0838970656894994e-05,0.15535637301040622,4.425719388644918e-06,2.9123504825366047e-06,0.20595461565269152,Normal
Train220.csv,14.152874904422017,50.95034965591926,5.3,477,0.05139098198663605,0.0,0.520076499091023,3.4076690673828125,6.1443328857421875,5.9101785094886115,0.34604269016734707,6.27799007347695,1.4337850795878986,9.200535737318432,11.756435617258184,0.9860416260641447,8.935546875,34.42451121207916,0.5372192679690286,3.3306121826171875,6.16455078125,5.652254578597609,0.265296262193521,6.168552063259497,1.4695249887516484,9.274178188276995,11.989009800903286,0.8878672971400727,6.38427734375,19.61264405130679,1.4366689153746326,8.431625366210938,9.632110595703125,15.174476636541055,3.3756500547671657,5.968525263978613,1.6192716143300208,10.009066980564956,14.18379978716649,2.6152271558392735,26.77001953125,49.51017540839406,1.6037049005000634,8.974838256835938,10.242462158203125,12.878447350746434,3.243072826264166,5.971668609900281,1.6142031665443,9.872987573986794,13.092158222196751,3.8033435374767204,16.11328125,35.622965134518026,-0.017142768878005588,-0.016213787333638353,0.9680897920439223,0.09817432892407196,0.052390128028368274,0.077056884765625,0.011435688388825877,0.2579239308910024,0.022307063634702733,0.362001634409546,0.3349863584326834,0.02701527597686265,0.27736389731714883,0.3888741067743052,-0.16737293144286033,0.6134089409869585,0.6629381956251639,-0.03880547292300025,0.5078498166384886,0.3423979025266534,0.1945925974707305,0.7037403725199313,0.6283555077587104,0.05659116983346612,0.6586948900858806,0.5451626536243876,0.09430703500724694,0.6432564757929593,0.6533509177436362,-0.007785272491228664,0.4949757940281366,0.5937364884144182,-0.09071330880696624,0.4959611415095568,0.6301776018741543,-0.11918288040556022,0.16545191411183519,0.1342164603645975,0.1945925974707305,0.16737293144286033,1,1,0.11247698616210529,0.0010499897972446773,0.0012079339283102676,-0.0699510480703999,0.0004528230084227405,0.0006967178843977118,-0.21216535735670564,0.6499280688531427,0.00033597368246495113,0.0003079661455535728,0.043493352576177216,1.090908134657813,0.0001820940812923977,0.00013476642820744916,0.1493596016860364,1.3510825573453895,5.342103661619495e-05,5.3907450650173934e-05,-0.004531590172049942,0.9907930729663053,2.1369189296085376e-05,8.819555782170801e-06,0.41556804699644995,2.420188492294867,0.0002080458980188944,0.00016508212863824726,0.11514176071935024,6.099868743876866e-05,4.853154313051719e-05,0.11381338384499574,0.00039922199702630825,0.0003923847642684457,0.008637049001690801,0.0003156101280793544,0.0005430844760807508,-0.2649040739963051,Normal
Train221.csv,10.028661881959417,36.1031827750539,3.7555555555555555,338,0.13269094491965844,0.35604716740684417,0.3839811063881996,2.6153564453125,4.863739013671875,8.624713321647732,0.3408476005024943,6.441896285962626,1.4858660736904747,9.940577636488097,12.930373350147761,0.7476936183507874,6.689453125,33.87107641218217,0.4106311544191157,3.0231475830078125,5.56488037109375,8.93028840174341,0.27733264123907975,6.9452693191899035,1.4980022437792362,10.81607205929898,14.068949921638362,0.8902969592777648,8.67919921875,32.25492969759197,1.4893091504991551,7.4710845947265625,8.89892578125,13.798668839312905,3.3465042719636946,5.25909502442725,1.6841855735483975,9.375843907998078,13.649729892453038,2.9878880210902024,17.626953125,53.92401686709551,1.6484160860410348,9.233856201171875,10.750961303710938,15.163264850611625,3.475653303112708,5.720802566139419,1.6754623415572079,9.900713161091323,13.857668367966859,2.982831895544379,19.42138671875,55.192186641106915,-0.026650048030916085,-0.033538430011708725,0.9350997675283229,-0.14260334092697735,-0.08705992696419301,-0.4077911376953125,-0.07232257615209438,-0.3055750800956769,-0.01740672457550639,0.2578249812547349,0.24910649404923893,0.008718487205495978,0.35794191102510003,0.5275943302042218,-0.19158156308519989,0.6151832529051413,0.5015639640810504,0.10174127687849253,0.4381016910831084,0.4691799020326051,-0.03425420601803277,0.4183940417176615,0.4078239934405143,0.012793291479277245,0.3664635257649469,0.2838417482138569,0.1270507553707391,0.3156266202979469,0.26383846812805056,0.08937234064755346,0.43444313159926107,0.6095777168300915,-0.16775008259347107,0.2824945200751511,0.38084378332843916,-0.14826410787077532,0.11361928882409089,0.17513458523083048,0.1270507553707391,0.19158156308519989,0,2,0.1209772717581577,0.0006150202300116542,0.0008138610956505127,-0.13915841859484895,0.00047947852201445914,0.0006356736961091271,-0.14006498028375441,0.7542721717565454,5.90348899111604e-05,0.00010037284569297883,-0.25930587726115656,0.5880973935698013,4.646551182819297e-05,4.1925958725822834e-05,0.05135155641552751,1.1080111970727637,2.2414756070212235e-05,2.1743876318336352e-05,0.015189054213275112,1.0303798616028181,4.436006265824972e-06,7.537464358805052e-06,-0.25881134023106384,0.5877478918664678,4.207225485736076e-05,3.958100678433637e-05,0.030506350382561286,3.116188581058605e-05,3.249941637619066e-05,-0.021006804002233686,0.0003506604600453805,0.0004335256348056986,-0.10566894594910524,0.00014440245584517754,0.00024909543702428597,-0.26605052421105496,Normal
Train222.csv,11.986921302697056,43.1529166897094,4.488888888888889,404,0.2517633664956408,-0.7120943348136866,0.6034370423123788,4.5566558837890625,7.93304443359375,8.41452050709611,0.7052246369679693,6.836208033948047,1.463643612051923,10.32975000693072,13.301677961719344,1.3316809285857931,11.80419921875,27.314624032109855,0.5234158771518268,3.8181304931640625,6.552886962890625,6.725116681214991,0.5157043083452468,6.351410956745223,1.4335404306151527,9.524662393700208,12.219286887381408,1.2768799175890364,13.0859375,29.949017047503418,1.3824157851572094,8.343505859375,9.546279907226562,21.92464270706224,3.867641132849987,6.068247922916452,1.610735632933142,10.275435338263385,15.1270498440497,2.5564096403288907,24.31640625,71.2270365095552,1.4718221916165868,8.017730712890625,9.196090698242188,30.909416433050914,4.001671770075283,5.4208983651590845,1.5910365683764045,9.00358049463299,12.550627945219276,2.8656132531419307,13.24462890625,395.7564247564503,0.08002116516055202,0.07101296279950248,1.152882549278334,0.054801010996756716,0.02100813974381124,0.738525390625,0.08818438542809051,1.6894038258811195,0.11158813145598893,0.4365090766658634,0.3556243930665872,0.0808846835992762,0.5636372494124716,0.34956299884446124,0.2344220214924421,0.3774100385612981,0.37676574813371855,0.0008542974070541819,0.7848076022567116,0.7565747801057066,0.018316559402066165,0.7745906272577768,0.6185684388068238,0.111991653452587,1.2577352811081581,1.0226807635802964,0.10307527744535828,0.8402618919772139,0.8734545534581181,-0.019368817621858162,0.2735385367509077,0.2776125558917934,-0.007391837050404616,0.17909505867667136,0.17515727664738515,0.011115754295667628,0.23505451752786177,0.03319266148090416,0.2344220214924421,0.019368817621858162,1,0,0.08166784135226152,0.0019439863283140734,0.001267470039007611,0.21065716358172684,0.0013931037678056046,0.0006939476430183222,0.3349954731381242,2.007476654837885,0.00031281630670893033,0.00035284956297315694,-0.060139263097137116,0.8865178658420749,0.00013986699256837227,0.00013044038428348058,0.034872372596519846,1.0721853625546134,8.58251395057393e-05,8.054467534954818e-05,0.03173740853590876,1.0654271664968071,5.943081156325315e-06,6.02147150997345e-06,-0.006546411864616654,0.985345142806034,0.00014129478532634492,0.00013287940169979655,0.03069244699274368,5.756865119338131e-05,7.284835250174006e-05,-0.11715136340995529,0.0005678311835074507,0.0004294077265172834,0.13880532292257322,0.0010582168546547182,0.000520693918435297,0.34043692715972435,Normal
Train223.csv,3.7681658550557575,13.565397078200727,1.4111111111111112,127,0.35973687390645304,0.9494591130849148,0.09044583732542275,0.2788543701171875,0.45318603515625,1.7386985269307054,0.3554586866341799,3.1763971369855795,1.1663936026026858,3.7617016219540385,4.324146960979128,0.15072174281582157,0.47607421875,15.799883822021098,0.07962070195044177,0.3021240234375,0.5268096923828125,2.5650283311417477,0.4601769558525834,3.9396517076176716,1.2307663335473604,4.919114168753414,5.881376437389283,0.15810626797300312,0.537109375,16.008415568168193,1.1228688226415071,5.1235198974609375,6.0009002685546875,14.57220397512471,3.195271334130174,4.550775291934732,1.568647402182273,8.117656032610938,11.755049232245362,2.3186282007663284,10.302734375,49.771972720628675,1.3268204442427627,6.5937042236328125,7.7091217041015625,16.330825433087288,3.1248857846017937,4.544855462459193,1.519427124671539,7.39089328861606,10.27601575150415,2.0722053799514364,12.451171875,73.95893989330052,0.010825135374980976,0.06365234916021935,1.135958660878577,-0.0073845251571815484,-0.02391144799076071,-0.0232696533203125,-0.04005252721605189,-0.8263298042110423,-0.19200331004767912,0.08054888932365527,0.06000864826573883,0.020540241057916436,0.11376008416110861,0.1268978732260392,-0.054591124522363164,0.08035530408011884,0.07884861096741275,0.009463919386763001,0.09356872596615559,0.05743239559409684,0.23931165282453296,0.11168269529291804,0.07487043573959407,0.1973285432214106,0.10506184107876212,0.10825549830927893,-0.014971389995603634,0.06803114975416782,0.06240393288846989,0.04314189342522431,0.09861358606265326,0.08711173050094863,0.06192938666211367,0.08078461199170794,0.057395768231899034,0.16926311846391875,0.03681225955332397,0.0131377890649306,0.23931165282453296,0.054591124522363164,3,0,0.10055722851338919,2.700903164759733e-05,2.3148754197834193e-05,0.07696267657546009,3.3983444609332144e-06,3.4895578881218755e-06,-0.01322335727196196,0.9710782246145442,1.2040461214716908e-06,1.5911282810118e-06,-0.13798862530522726,0.7519985348774295,1.4735328105179058e-06,1.842391775482902e-06,-0.11090418782120474,0.7954757897441911,2.0346236375849786e-05,1.5522715016959433e-05,0.13443874950751966,1.3098956849227386,3.085969338804768e-07,3.5537702860587517e-07,-0.06940935010726865,0.8445986192891017,1.477030833743339e-06,1.9406894958462944e-06,-0.1352673548365204,2.8469432606283155e-06,2.8014743307925688e-06,0.008035626409879206,9.10255185042162e-08,1.8190840131486715e-07,-0.32121593221754485,2.9780268787174693e-08,5.106338293151163e-08,-0.23428289970381114,Normal
Train224.csv,11.512191746154597,41.44389028615655,4.311111111111111,388,0.08392112216521339,0.0,0.48006483237360054,3.4122467041015625,6.2030792236328125,6.847984460462158,0.25509039730157157,6.425514809286691,1.456736825216563,9.637713969689091,12.387194107617404,1.28834251757803,11.43798828125,22.779414847678908,0.5745103473701245,4.620361328125,8.149337768554688,12.048989693805499,0.561197447959074,7.631667927149816,1.5682475329176009,12.402248705265649,16.38784274877831,1.3491117053925397,11.5478515625,35.98117558269441,1.3986571499024372,7.7861785888671875,9.067153930664062,22.754934677429908,3.9174900964790877,6.081655062810603,1.631402482230363,10.766963136353972,15.080577693450433,4.507161842209155,22.03369140625,75.46405248509622,1.5757877444769064,9.142303466796875,10.490036010742188,25.397969118738196,4.026756756990709,6.586911461398672,1.6479340586763964,11.479366791096805,16.34141126504703,3.575911782774041,17.6025390625,193.09742236454701,-0.09444551499652398,-0.08955787687312787,0.8356069237309187,-0.06076918781450957,-0.023040850170910877,-1.2081146240234375,-0.15040129154472717,-5.201005233343341,-0.27522952553842917,0.3432326706904266,0.3645861225522959,-0.021353451861869266,0.2639290015089748,0.25852939605924247,0.010334995803522044,0.45041712677164897,0.6901107089014463,-0.21016021926964837,0.842759593085203,0.7827935777117057,0.03688960538596448,0.9578416857232179,1.0246094661862402,-0.033679407465812584,0.42115672654421243,0.9414602913125304,-0.3818413788551448,0.3503874533008951,0.42636702428754336,-0.09781671326101929,0.4009407915677473,0.2910070738080122,0.15887572123844734,0.34997300465393283,0.36018780344603274,-0.01438378256270121,0.1099337177597351,0.520303564768318,0.15887572123844734,0.3818413788551448,1,2,0.15501601069850043,0.001073360242351685,0.0013442362871852098,-0.11204352815869274,0.0007365452784476331,0.0009095069248335113,-0.1050760086958492,0.8098203104713626,0.00016875214858136882,0.00021934131192858971,-0.1303496837692402,0.7693236347558589,7.968171397025847e-05,0.00013336940745206898,-0.2519825913024805,0.5974064174703488,7.005636658520788e-05,5.8953171126685857e-05,0.08605824866088066,1.188137700984359,1.168150862461424e-05,1.5031674108602312e-05,-0.12536551193896006,0.7766096074328324,7.394660914343366e-05,0.00012715237955665374,-0.26456187143661447,6.437402855357261e-05,8.496113955722582e-05,-0.13784919367715823,0.0005455516135508493,0.0007697115959469893,-0.17042845606330162,0.0002827325674092494,0.0002564251548286173,0.048792632599445544,Normal
Train225.csv,4.064871827894793,14.633538580421254,1.5222222222222221,137,0.051390981986636435,0.0,0.2115669267434367,1.3347625732421875,2.4143218994140625,9.63144309946443,0.4131766435605575,5.824071681688498,1.4579290219610657,9.085172955299607,12.06938082065801,0.5095906450594931,3.77197265625,43.955725194209435,0.2122564889256908,1.4568328857421875,2.6256561279296875,9.714169057682792,0.3955885928424141,6.413652982936153,1.5116058079153691,10.211626608765624,13.631248313108122,0.5094503692145268,5.517578125,43.87098896969028,1.3708175926658013,7.170867919921875,8.51593017578125,16.21155519495155,3.53855298102287,5.215324113701071,1.6682031287386707,9.263449750323579,13.857602369761741,2.277973611403771,12.78076171875,96.96353057394646,1.5063347322856664,7.909393310546875,9.309005737304688,15.869577525381109,3.443232548282503,5.129190578755187,1.6105294381453028,8.6176446659082,11.937500813783934,2.7593544844775204,13.07373046875,87.08229982665203,-0.0006895621822541054,-0.0016270034653356703,0.9967512317137789,0.00014027584496634216,0.00013765475738945524,-0.1220703125,-0.043727794322725076,-0.08272595821836148,-0.004276212998772246,0.15433630727531275,0.14090924345515612,0.013427063820156626,0.2776407411265824,0.18494824665039783,0.2003776460781126,0.13935628087449364,0.10732426109694947,0.1298522300260312,0.2031190944693477,0.22497744877706877,-0.0510594027024067,0.3314581581373409,0.2573733635721156,0.12581662254082635,0.22296375656684905,0.38213379211187914,-0.2630485502083147,0.16915224885533764,0.19821724006514352,-0.07911650612044178,0.30374752449863607,0.26039199314851025,0.07685249698943894,0.18500136444194346,0.17696733859747413,0.02219535986137686,0.09269249447618455,0.1591700355450301,0.2003776460781126,0.2630485502083147,1,1,0.13875669194675458,0.0002140301456386506,0.0001813709552906318,0.08259762117824732,0.00014878796453479307,0.00012077676844225579,0.10390883367738366,1.2318233731530266,4.900029128651465e-05,4.561943485940173e-05,0.03572721347517942,1.0738746039152043,1.0879597886659666e-05,9.467131137810107e-06,0.06938574203899389,1.147984313866277,3.549651698574135e-06,3.439446514618815e-06,0.015745626164751995,1.0290496413064092,6.733477599490994e-07,7.724729788315338e-07,-0.0680888905082227,0.860538035389553,4.572058603701225e-05,4.143235806275789e-05,0.04919783307624265,0.00010232303086015584,7.81928557419349e-05,0.13366601085531782,4.3122116803141416e-05,3.9649900475301406e-05,0.04194408933236043,3.3428168714958195e-06,2.9340122250194843e-06,0.0650255701563336,Normal
Train226.csv,16.73421686812163,60.24318072523788,6.266666666666667,564,0.16784224433042677,-0.4747295565424565,0.511126447031173,3.354644775390625,6.052398681640625,5.1339031900517735,0.35545322350198716,6.163449674917372,1.3784613110696016,8.737022852911387,10.901577523778105,1.2634687068763992,10.4736328125,15.765582249035006,0.5166758345472386,3.04718017578125,5.487060546875,3.449993057582512,0.23064484774437236,6.0898917915230735,1.3771080431330613,8.44888117417873,10.512922518489713,1.065007469650275,6.33544921875,10.458178983303116,1.2711986560569433,7.1590423583984375,8.39691162109375,20.143509430935445,3.861969737148446,6.161919278482429,1.6097977529360565,10.286722914383365,14.452691172264531,2.786361246408173,16.7236328125,106.5277489169342,1.4394671297124293,7.8403472900390625,9.181594848632812,15.16561598996772,3.4905679462826975,5.448802228331983,1.5785905185128632,8.906314821310263,12.353860800097223,2.5826509629428034,12.8662109375,58.49081231387021,-0.005549387516065596,-0.005399275290137092,0.9892594214058361,0.1984612372261243,0.08523223830867845,0.307464599609375,0.04802764859617352,1.6839101324692614,0.19617083920039655,0.4020822713861133,0.3589354840364456,0.0431467873496677,0.1962538730336352,0.221698676148894,-0.060879644247246914,0.31666171980850466,0.2798614863851212,0.06169120065133968,0.4212582769274099,0.4589645178537337,-0.04283715523105423,0.6159917831645026,0.5660026164432479,0.042292219248180586,0.5640864649830499,0.6231410843228214,-0.04974161766788719,0.6584536644409342,0.5518176223611324,0.08810920523486691,0.705141025072866,0.7743685974783149,-0.046790889955935486,0.8752592013671362,0.7979367583042742,0.046212424882930404,0.10663604207980182,0.06922757240544886,0.08810920523486691,0.060879644247246914,0,0,0.05647698117857898,0.0010438337270648093,0.0010370146316656832,0.0032770746462689342,0.0005781224121587675,0.0005445678112109429,0.029887409167081824,1.0615974434823807,0.00015310078944368347,0.0002087070304519138,-0.15368574445635527,0.7335328080904078,0.00014735972648378937,0.00013921372435475924,0.028424537792376973,1.0584383313026349,0.00014885559335878863,0.0001305683010691874,0.06544407337211836,1.1399718953298141,1.0989030776248902e-05,9.286381010033239e-06,0.08393469080904081,1.1820762041044628,0.0002546640441724334,0.0002347659487075921,0.040654821335204684,4.668415584894173e-05,4.5672043208731703e-05,0.010957608416668374,0.00013279735100712786,0.00018486341081513176,-0.1638994394993627,0.00048411399663311164,0.0004682743516359885,0.016631323464504397,Normal
Train227.csv,5.51873109480607,19.867431941301852,2.066666666666667,186,0.05934119456780751,-0.11868238913561502,0.24663902876043556,1.108551025390625,2.04315185546875,2.116322793761499,0.16394284049587804,4.413634196693103,1.2907799951754624,5.75788679983317,6.957031160574858,0.4298696651987378,2.63671875,13.299564250543295,0.27965583666545246,1.389312744140625,2.570343017578125,2.971376464829941,0.061912174429978976,4.813101011964972,1.339053248951227,6.626634991022559,8.230281086595486,0.6007061721658983,5.65185546875,28.955944725901745,1.4203305037984255,7.51800537109375,9.023284912109375,29.980852226902176,3.643852115979202,5.51180855118719,1.6251761066132135,9.100562669210994,12.843581547356582,2.7753123783085343,17.7734375,382.3355652461404,1.5278307016270187,8.500289916992188,10.0677490234375,43.39183157076818,3.9704573761142923,5.720344634147175,1.6285144993612883,9.387577516347555,12.92422908943,2.7817027253926425,12.63427734375,622.3541884756452,-0.033016807905016904,-0.06273442787809602,0.8819376805502144,-0.17083650696716046,-0.16576800960746316,-0.28076171875,-0.11240073259827157,-0.855053671068442,-0.16806293491973015,0.17364903898378034,0.18304111478924334,-0.009392075805463002,0.22911957867509797,0.3581412429354884,-0.21970078254077208,0.12239994556201397,0.12409242828729655,-0.006866267828856138,0.24460924568282505,0.3105708598825221,-0.11881119721394824,0.3266427929287827,0.1993410258808933,0.24202600930902904,0.3186750485149283,0.4320931026475686,-0.15106934470559152,0.3006399801352533,0.21569085877610164,0.1645245902666101,0.23100702014954794,0.28713493492897474,-0.10832535977069682,0.30566217342682656,0.39081351023125094,-0.1222603137191862,0.12730176704788937,0.1290216642603904,0.24202600930902904,0.21970078254077208,2,2,0.15196294055773213,0.00021261463520421488,0.0003017032672052778,-0.17321705424543404,0.00010733196171433285,0.0001667434859645348,-0.21676278238533658,0.6436564794643049,7.828863135214813e-05,9.333354727987746e-05,-0.08765789753205427,0.8387149795947942,2.0573912123094856e-05,3.426032465066892e-05,-0.24955060609251342,0.6003419090076603,3.3747172172216166e-06,3.434791364626199e-06,-0.008809160760423092,0.9796579415159483,1.7861140838702604e-06,1.6969256239228666e-06,0.025533193839282823,1.046392448995758,3.461080230615365e-05,4.937022634314413e-05,-0.1757261968848845,9.353849685314573e-05,0.00014332321958636677,-0.21017588541827475,5.7861792649089866e-05,7.076957764316954e-05,-0.10033929959510361,1.6382945602456368e-06,2.0746560381862437e-06,-0.11720850610384242,Normal
Train228.csv,0.0,0.0,0.0,0,0.0,0.0,0.07020931103075298,0.209808349609375,0.324249267578125,15.33805359548779,1.7037717334474574,3.24249346506417,1.0715996236251586,3.5888132448936814,3.774017784908245,0.1283724744152733,0.40283203125,71.61442062084156,0.05384653443559961,0.202178955078125,0.3387451171875,12.888007737917789,1.6106029467355705,4.127944884536009,1.2056515482120218,5.355678897850636,6.561064532246158,0.12804256438935657,0.30517578125,57.2786474212892,1.2991165612942608,7.0491790771484375,8.30078125,33.52819066270261,4.461882417311252,5.631408692008456,1.732350704576879,11.492463725554094,19.015249254098528,3.0100616294668057,16.9921875,219.034964172676,1.4292892302197755,7.7625274658203125,9.018325805664062,34.79628867303582,4.410535049074497,5.651748399735506,1.6152392933572681,9.242095209393458,12.801407887189962,2.525786888736905,12.3046875,255.10889171976794,0.016362776595153367,0.13189846245985065,1.3038777467832352,0.0003299100259167298,0.001286625053618042,0.00762939453125,0.018518518069026074,2.45004585757,0.08680084081736049,0.05404388842550603,0.03767364429842057,0.01637024412708546,0.07917076192268763,0.07335740246218089,0.03811334846136758,0.06723841800364418,0.06831541010005873,-0.007945124324629032,0.0866148222810833,0.041237774467768995,0.35491687629373775,0.09250968785717084,0.05186706384597244,0.28150391747090664,0.054627555964137785,0.07040560703686667,-0.12619091952982858,0.04725552127762121,0.04260157717955137,0.051792720442234055,0.08910340574399106,0.06439428822891247,0.16097385742942721,0.0808782841046597,0.05371339965725589,0.20183180468370374,0.04537704781331431,0.015778051072728887,0.35491687629373775,0.12619091952982858,4,0,0.14915562609166566,1.9977233079740306e-06,2.587820899935424e-06,-0.12868649067727955,1.0052483212123324e-07,1.4353731338962326e-07,-0.16929905548070728,0.6547257464779057,4.5231084129945673e-07,5.704110185005645e-07,-0.11435816534761548,0.7792940293724228,6.965561956292832e-07,9.831783757459823e-07,-0.16962556425854444,0.7013404768363947,1.6841000738731117e-07,2.1169596228092458e-07,-0.11095947834488612,0.7596439991717507,2.744511220325101e-07,3.0724393688764985e-07,-0.055421816289942395,0.8651106928158737,3.0426852651575705e-08,3.66695890611612e-08,-0.08097308086988078,2.2698549690803e-08,2.6969423901783417e-08,-0.07157732957619767,3.4153636821994255e-08,4.145191621953207e-08,-0.08525474269172119,0.0,0.0,0.0,Normal
Train229.csv,0.0,0.0,0.0,0,0.0,0.0,0.07061026391443528,0.20294189453125,0.28533935546875,10.722434827937551,1.4305130767153664,3.3029093455816048,1.0890984028959652,3.8477484235373103,4.170585174928354,0.12621415082500403,0.341796875,25.726169764275838,0.05242057639706552,0.19989013671875,0.3147125244140625,14.072792947327686,1.6495564317223814,4.305976039622477,1.1874528579523944,5.479347140195513,6.48445808161731,0.12724376568014922,0.3173828125,76.26952338727789,1.1913872908384044,6.0573577880859375,7.0568084716796875,17.120729016300157,3.0278487690530818,4.815699034546991,1.578384777588398,8.595797552739437,12.373179410917242,2.381438453230815,16.54052734375,75.11624249042643,1.2804727245589742,6.655120849609375,7.6202392578125,18.643638649353445,3.0164643398384214,5.092132775697289,1.6308927432603424,9.332078963469842,13.761053832174467,2.209748568510327,12.09716796875,103.62063966036457,0.01818968751736976,0.1478465561386875,1.346994926374727,-0.001029614855145189,-0.004062271278480829,0.0030517578125,0.007575757387695138,-3.350358119390135,-0.13512108654154456,0.05926726251383186,0.04093845576112204,0.01832880675270982,0.0768768261483243,0.06873921721603196,0.055884009656069,0.06351845166062071,0.06278340339480364,0.005819773647004513,0.08596064515979832,0.040281122327295936,0.3618415689463198,0.09169105761594225,0.051651359342743355,0.2793290104174056,0.05600929282987501,0.06780615794502315,-0.09527780328335042,0.05182506582382004,0.04514803141741193,0.0688544958118977,0.09147860768656411,0.06846789873743968,0.14386502103068705,0.08111574561905949,0.05410510991444117,0.1997519805693486,0.04567952283250238,0.011796865115148138,0.3618415689463198,0.09527780328335042,3,0,0.13984828999964746,2.3722340904275307e-06,2.4299781544830516e-06,-0.012024471454113365,1.66677900922819e-07,1.604820565369043e-07,0.018376572451237316,0.9776858885248031,5.980688724311013e-07,6.07295369991974e-07,-0.007591549297581561,0.968853650139766,8.798585140196118e-07,9.038523066027584e-07,-0.013376622534295375,0.962801655872032,1.9223554974662048e-07,1.6769502002204113e-07,0.06633820432824981,1.0818285719136964,2.4160764521548305e-07,2.670169094434204e-07,-0.04899356191233345,0.8721765241729059,3.6723110129983287e-08,4.339504544529218e-08,-0.07403541797674545,2.9590888355281115e-08,2.7883098311186816e-08,0.02531034741634745,3.9447212592348084e-08,3.830774841849159e-08,0.012984612615983554,0.0,0.0,0.0,Normal
Train23.csv,0.0,0.0,0.0,0,0.0,0.0,0.0702160502447643,0.206756591796875,0.305938720703125,11.642776430181087,1.5194156145610638,3.2694092898123777,1.0702078631189051,3.619307091845336,3.801062487451099,0.127791351769881,0.341796875,38.189829899818434,0.05296207766125079,0.20294189453125,0.33111572265625,12.299652507446975,1.492224600281421,4.32159979680057,1.1872812894883815,5.459174273461047,6.537701897189471,0.12729387769428133,0.3173828125,51.744835827840475,1.3215581598329655,6.6959381103515625,7.7728271484375,15.094959748553606,3.3779204241354654,5.198134354648885,1.7102538864958912,9.697685825906984,15.26655673337237,2.9782443338884788,16.89453125,50.302819797863776,1.4151181178022614,7.3467254638671875,8.50830078125,15.598362772287613,3.231534101902308,4.963643071729872,1.629689537498127,8.576614556843857,12.917102498468722,2.4968758493548537,12.26806640625,67.07065893248348,0.017253972583513508,0.14007333506436256,1.3257795027618824,0.0004974740755996632,0.0019502268208253372,0.003814697265625,0.009310986737353881,-0.6568760772658884,-0.027435649018850445,0.053131259635464285,0.03742590573940505,0.015705353896059232,0.07857161655806062,0.0727293497924845,0.03861354306161475,0.06645725199039908,0.06686375599214739,-0.003049061640089852,0.08761423947004478,0.041011946376957646,0.36230794812993905,0.09238349882036248,0.052272219676636665,0.27728787211187367,0.05467704264248728,0.06830992954021556,-0.11084821056488722,0.04828702564939697,0.04095172445674281,0.08219860051764075,0.08991820940223884,0.0673573487308198,0.14344796804251275,0.08150693816947611,0.053568703718369054,0.2068339782976172,0.04660229309308713,0.013632886897728277,0.36230794812993905,0.11084821056488722,3,0,0.14485251992288986,2.622992849796931e-06,2.929038654843303e-06,-0.055123211168846505,1.4994503798452348e-07,1.9332854903424944e-07,-0.1228042872263206,0.7374519647964741,9.224917657684375e-07,8.632726830760528e-07,0.03297708824255323,1.0563616424127837,8.275714433386746e-07,1.091644938922572e-06,-0.1368812218328642,0.7512143106181325,1.9481154480734233e-07,1.8258142207191835e-07,0.031570327241474586,1.011580155091965,2.5681619901119166e-07,2.757476437756956e-07,-0.03489256613058162,0.898751764381251,3.9780340144142686e-08,5.008595143233109e-08,-0.10319409207557051,1.4321426709272438e-08,1.873158117769897e-08,-0.10243545538106576,1.9946576166976224e-08,2.5315106534247833e-08,-0.09714742846859956,0.0,0.0,0.0,Normal
Train230.csv,14.92431043380351,53.727517561692636,5.588888888888889,503,0.09840623849644671,0.23736477827123004,0.37476821111607106,2.083587646484375,3.894805908203125,3.8732952478743297,0.13970059430028836,5.542146238486674,1.3512600173006706,7.604828960435693,9.368163347668531,0.8922199056322003,5.5419921875,14.516356124968784,0.3495356139152138,1.898956298828125,3.49578857421875,2.229878372167108,0.008257522757615923,5.561697313341828,1.3252419164615503,7.421879855038553,9.0624910874755,0.7876493528064488,4.638671875,7.926075036863942,1.3819390115365215,7.3101043701171875,8.583831787109375,14.82567877296298,3.4587133671360557,5.367279566118899,1.6416996363465237,9.249637017398726,13.393848053172139,2.358248356373842,12.255859375,50.82910816017207,1.4681954038440947,8.11004638671875,9.356689453125,17.440394705540577,3.7241172402134453,5.693811965593408,1.6861120114680057,10.020769155448495,14.01339308206897,2.7463430804260307,12.79296875,93.08790251966788,0.025232597200857243,0.034837033825407496,1.0721888856941741,0.10457055282575156,0.062249220692598556,0.18463134765625,0.04636015314029659,1.6434168757072216,0.2692725089153434,0.27119012147104843,0.23807158816825622,0.033118533302792214,0.24335882514413892,0.16343517941856986,0.19647202973594527,0.20355080942908016,0.21664496417812326,-0.03116203269969849,0.34767729984807055,0.37768020576788847,-0.041362921419984246,0.37089146571866205,0.40350789564028766,-0.04211835795319523,0.7533137557812786,0.4615560519285236,0.24015552909426843,0.43668118982408966,0.7206329425248343,-0.24535408521356752,0.4621608026736704,0.32626049185650374,0.1723701655907822,0.2604991980744427,0.1697898439492838,0.21081027671639932,0.29175770385275496,0.2839517527007447,0.24015552909426843,0.24535408521356752,4,1,0.16149872530822793,0.00045518346921732467,0.0004938745749439313,-0.04076790241085879,0.0001077998111438938,0.0001504999072622582,-0.16530580568875508,0.7162306661717387,0.00023766996819889302,0.00023982424290246005,-0.004511530272368157,0.9909759562380455,6.952031382081285e-05,6.450216283203044e-05,0.03743981394733082,1.077631112784454,3.5329082322324596e-05,3.440672355353251e-05,0.013224576835972416,1.0265091698044115,3.4519255834200785e-06,3.1763055156919147e-06,0.041520107331761,1.0833630254286786,9.194168457696271e-05,8.56521860458095e-05,0.035413071286672634,1.8604769077871937e-05,2.4229861896783505e-05,-0.1312904952370594,0.00024104966448211345,0.0002657522797912644,-0.048741186130818924,8.462359852085337e-05,0.00010014288666502495,-0.08398951916722384,Normal
Train231.csv,10.918779800476525,39.30760728171549,4.088888888888889,368,0.11868238913561502,-0.23736477827123004,0.45802897701809264,3.4435272216796875,6.1542510986328125,9.67497827000215,0.43314345482883393,7.011904803388621,1.5286844032514,11.081052044203615,14.54508918417013,1.208774647062005,11.38916015625,34.311635988224836,0.5181590333010287,4.038238525390625,7.1208953857421875,10.813672464336253,0.4226450113756076,7.334492927662402,1.5579812574845404,11.947369006964124,15.895132516623892,1.2891035998179121,11.80419921875,52.12780987125208,1.4730639942658004,7.7548980712890625,9.161376953125,14.96606622490209,3.308576295475274,5.494121872997786,1.638650526644383,9.134058614873942,13.263574424916577,2.729261729111172,12.7685546875,77.13070050372136,1.6371540532143203,9.101104736328125,10.532379150390625,14.287060299912131,3.291687561968227,5.884707572494007,1.6078105795463995,9.4009248873759,12.724911116006226,3.138005131831267,16.1376953125,69.22613045111294,-0.060130056282936106,-0.061596797984961184,0.8839544208282725,-0.08032895275590701,-0.03215887425043899,-0.5947113037109375,-0.07948809452486959,-1.1386941943341036,-0.055576826826859604,0.3109362360981605,0.31649986091333204,-0.005563624815171531,0.2385936003099333,0.18123907393375824,0.13661281869823091,0.4055251752955902,0.5167652800944117,-0.12061287519846826,0.7647881021020824,0.6384578748776375,0.09002714306445449,0.6877681361011603,0.8437667950971943,-0.10185772116565123,0.47934163482266984,0.9226604869367331,-0.31620412128598746,0.48316912751184116,0.35499076356087816,0.1529282942155952,0.34551109217526016,0.46065536851813477,-0.1428294037630186,0.4058415532903392,0.3820915147331151,0.03014220270686131,0.128178363950963,0.44331885211406324,0.1529282942155952,0.31620412128598746,1,1,0.15294498022638472,0.0006767780878953431,0.0011265099630422895,-0.24939547229468143,0.0004136658933751844,0.0008472304155968927,-0.3438514972418221,0.48825089757285833,0.00015906683281315437,0.00013820845471385556,0.07016283339418107,1.1508364287711061,6.659151693503227e-05,8.733539353280104e-05,-0.13475570306514245,0.7623930037023073,2.69410192385668e-05,3.086086680239722e-05,-0.0678034887333189,0.8727004463792621,7.040768265329323e-06,1.255524577962461e-05,-0.28126459063281994,0.560336692876028,6.110150713545835e-05,7.310387931654256e-05,-0.08942620140930403,4.498743200966905e-05,3.8691784318978944e-05,0.07522651025870598,0.00030412292080588465,0.0005736917765890732,-0.30708734509653696,0.00021063933831292267,0.00034954365033313534,-0.24795796240851453,Normal
Train232.csv,5.073672135547516,18.265219687971058,1.9,171,0.35973687390645326,0.9494591130849157,0.11014167637179856,0.3650665283203125,0.6282806396484375,1.8283254289245783,0.3302995565099855,3.3892303992341892,1.1972924200712765,4.089875115800608,4.768474440032286,0.1819086046405612,0.5859375,19.986947372911267,0.09466525063599876,0.3437042236328125,0.628662109375,1.7427914598859058,0.38550184101131163,3.7862089092310565,1.2304572554865114,4.691842892791671,5.587772379217441,0.15915675085780268,0.5615234375,13.343849452350984,1.4512321303756266,7.1689605712890625,8.341217041015625,11.614212562217752,2.9836031221643835,4.740353913767908,1.6503866860196048,8.426087204557987,12.49060721454506,2.888733213855431,16.76025390625,36.92195357128888,1.64294608802556,8.3221435546875,9.537124633789062,10.828791702961713,2.8235441240335204,4.838743356080499,1.7035232296464646,8.75245846662111,13.067299926195975,2.8008121424930494,12.19482421875,28.828155432072517,0.015476425735799798,0.0755659254608675,1.163485692975682,0.022751853782758513,0.0667081916966666,0.0213623046875,0.030139934989181747,0.0855339690386725,0.023951601547169545,0.0758952846394997,0.057619206588557244,0.018276078050942453,0.1100744126061408,0.0948794792221128,0.07413829767808462,0.09119961605017343,0.09716547670475444,-0.0316717935930143,0.11076799660456439,0.07014992249974641,0.22451104932446495,0.15234224612153974,0.11279319994353673,0.14916543703719448,0.133302122675256,0.13544714719127454,-0.007981507958212264,0.09050758417765038,0.0879325978404589,0.014430528840330758,0.1261231656134885,0.11319099316506963,0.05403847383723128,0.08387356478462332,0.061363860974398464,0.15498554964556796,0.04061807410481798,0.005965860654581004,0.22451104932446495,0.0316717935930143,2,0,0.08403897795358739,4.8943565503119574e-05,4.980167813174597e-05,-0.00869016670615015,2.940569489242882e-06,3.4425627147334127e-06,-0.07852070150814482,0.8517063214215752,2.0592232711380125e-06,2.7100760237237054e-06,-0.13618162672620912,0.757046219729916,2.4769531538758837e-06,2.544455880793916e-06,-0.013416266984634512,0.9696597903683721,4.070265644601195e-05,4.012574251851473e-05,0.007136632279795418,1.0141249144010653,3.811777689230555e-07,4.903128570879711e-07,-0.12380742908042042,0.7618788194684195,1.3249253032800916e-06,1.071581695318566e-06,0.1052744114640228,2.238964551114176e-06,3.2884800984363282e-06,-0.189530661477103,1.3450163773862685e-06,1.6578064967876444e-06,-0.1038196178350312,9.088652860035848e-08,1.3477044791457865e-07,-0.1862194786812882,Normal
Train233.csv,12.699015637510742,45.716456295038675,4.7555555555555555,428,0.08392112216521339,0.0,0.33228652218895977,1.868438720703125,3.4770965576171875,3.60438141024333,0.1315000025690272,5.071431784152692,1.3451177299488544,7.116156642517021,8.868258369678184,1.345192683707208,6.4208984375,41.258241505340116,0.3391766659302449,1.85546875,3.4412384033203125,3.2499968119939204,0.19350525895033435,4.8188662366430925,1.3291133200335081,6.611672428297641,8.217741451434016,1.4961488877935247,7.84912109375,28.39698454364841,1.2646900611015832,7.343292236328125,8.699798583984375,25.76444064844128,4.301528671081767,6.061328453800583,1.6573156693761106,10.320121810550713,14.665732154202953,2.5702929394566127,15.6982421875,115.94116746373354,1.3756886241242756,7.9288482666015625,9.260940551757812,27.579216633536163,4.437878231119119,6.191559021379316,1.7457174027768487,11.908343679648816,17.319283618679297,2.8005939830704634,12.8662109375,134.1214801520162,-0.00689014374128516,-0.010261387013591703,0.9796856498979836,-0.15095620408631683,-0.05312849573214114,0.012969970703125,0.0034828928404730644,0.3543845982494096,0.05170193214355774,0.26274146510814955,0.24655046026905295,0.016191004839096607,0.971889900586996,1.2110023465790407,-0.10953927991960309,0.25652967984182184,0.21182745820720164,0.09544473020392799,0.3346045519427537,0.3536184382701295,-0.027627507830302673,0.5099546403616627,0.3201948915287763,0.2285850190325473,0.19549917836516623,0.20887544056682136,-0.03307888587615845,0.1792381722419892,0.19421262998444613,-0.04009753695053534,0.1777699403496373,0.13749639874857472,0.12774449831471402,0.17587888972882285,0.1633538655063944,0.036921622867837754,0.18975974883288643,0.23911244599204473,0.2285850190325473,0.10953927991960309,1,0,0.10296953634694597,0.0006041997645786447,0.0008299968598455912,-0.15743803284824606,0.00035297882848767586,0.00044918289489011704,-0.11992951583651454,0.7858067937027869,0.00013727133931964186,0.000243694711402277,-0.2793439951959485,0.5632691240550194,6.929926161194829e-05,8.721746108006153e-05,-0.11447374071307956,0.7944661091114658,3.831102049365128e-05,4.458679938330653e-05,-0.07569586197018612,0.8590531388669981,3.3555086217745504e-06,3.166073511959033e-06,0.029002943840688186,1.0564958931649036,8.784533949564513e-05,0.00010911090733659128,-0.10796554324893458,1.9200448525099446e-05,2.311634306875265e-05,-0.09251574230403001,0.00019942882429444382,0.00038030585220915334,-0.31199428859884876,0.0002345477224380779,0.00027632894149216185,-0.08178177667168281,Normal
Train234.csv,5.459389900238262,19.653803640857745,2.0444444444444443,184,0.0839211221652137,0.11868238913561413,0.2302931533652493,1.685333251953125,2.9857635498046875,10.383873996394575,0.4455092003159567,6.883040648161243,1.4181603740440978,10.15475324524893,12.80758870927328,0.4912486128265752,3.33251953125,33.15907189024213,0.22248925253236773,1.5163421630859375,2.7530670166015625,7.883327305456226,0.31022329304767055,6.170093312905097,1.449723196817029,9.459675085872952,12.51065261101788,0.5314128009198316,4.40673828125,33.30623595471695,1.3841710711866,7.9235076904296875,9.349822998046875,23.454725361639568,4.025961939254749,6.25558273060528,1.701287979707417,11.122467768775028,15.981648075185205,2.4828866212942864,17.68798828125,141.97488144103048,1.4890427529710146,8.707427978515625,10.2264404296875,28.061439814585906,4.29221089062902,6.199711404699174,1.6959180080101486,10.646702445050266,14.697145664793634,2.7507260377430116,12.75634765625,227.1398984828366,0.007803900832881572,0.017235432646850374,1.0350753593412008,-0.04016418809325634,-0.039274179274426224,0.1689910888671875,0.0527820801401584,2.500546690938349,0.1368872356662608,0.16637622075432126,0.14941763800553703,0.01695858274878423,0.1945749471220052,0.1152191313666666,0.25615664954252476,0.12250215058969108,0.1109076809096178,0.04967429653178357,0.2657124431516191,0.383596401050054,-0.18155298073576015,0.3162679428826797,0.3185102011878685,-0.0035323495158272483,0.33099307834491765,0.2717264591766439,0.09833200103096633,0.2200518679570756,0.2215794155862559,-0.0034588754273375127,0.2785909307468788,0.22827040728146622,0.09927867583739788,0.17479701531478667,0.19774714328834056,-0.061603777236955634,0.07935581575533861,0.11788395789843487,0.25615664954252476,0.18155298073576015,1,1,0.12060806654720037,0.00020082950869224626,0.00021898114815658206,-0.043237681483803116,0.00011349271645767231,0.00012916702845827745,-0.0645911257129892,0.8785828085086277,5.035709631097266e-05,5.3138689082352775e-05,-0.026873790298870465,0.9474757925439213,3.068819457296593e-05,2.9329867823386245e-05,0.02262819580300542,1.0459554473011279,3.6017400443140885e-06,4.117106049546436e-06,-0.06668084717610477,0.8727035363459863,9.4339282223129e-07,9.649604549960893e-07,-0.011242784642863749,0.967621627520343,2.934830990851607e-05,3.056859813335223e-05,-0.02036294320380419,5.1453182660014064e-05,6.602551011421264e-05,-0.12403174390748928,7.868059470087622e-05,8.166942665396168e-05,-0.018638261131631438,5.850420014530314e-06,6.704626333899447e-06,-0.06798274321334936,Normal
Train235.csv,3.5308010767845284,12.710883876424303,1.3222222222222222,119,0.2830394587857078,-0.7120943348136861,0.11126045985487654,0.5840301513671875,1.031494140625,9.231437114103299,0.4242734135806227,5.099777876996778,1.2507148276783129,6.547973996404174,7.756575094036618,0.16845504096140831,1.69677734375,77.72987079883633,0.09807337270202157,0.513458251953125,0.9227752685546875,5.056396638089125,0.3689445223806056,5.034876882838045,1.2948602019847957,6.755923565355788,8.34987952636511,0.15663052952071266,1.50146484375,24.118737320405117,1.2749285901430596,6.3365936279296875,7.5084686279296875,19.29952413490655,3.166326693338544,4.589075990500517,1.587896746992112,8.051181429992347,12.253373576295894,2.6188202021209177,16.93115234375,198.17273429886131,1.3870026378735605,6.9385528564453125,8.09783935546875,25.566734743978188,3.3645659515338817,4.507867541964057,1.620922314689579,8.07447981901217,12.021712374739698,2.7772128373423173,12.548828125,212.6196576852777,0.013187087152854965,0.06299548602262264,1.1344613267079973,0.011824511440695656,0.03637353408034652,0.0705718994140625,0.06430309291426244,4.175040476014174,0.2922094801426026,0.08726799276633375,0.07070885758753213,0.016559135178801615,0.08598532213080734,0.06830485758563369,0.11459227950699469,0.1448034223980279,0.12550300482082163,0.07140199018486554,0.11999710407339029,0.10955026752625553,0.04551058903104854,0.10777311988001191,0.0818679182615373,0.13660123624258189,0.12802117839898128,0.11915718026126959,0.03586073565318874,0.11982301806257928,0.12164421482950898,-0.007542210467626826,0.09943940115165614,0.07594017098678325,0.13399068396869196,0.11061414350158821,0.10298374573334897,0.03572318733269255,0.025905201618474608,0.0018211967669296975,0.13660123624258189,0.007542210467626826,0,0,0.04933200539184569,2.8173422681952833e-05,2.6561550119475535e-05,0.02944867750871038,1.1871036287315023e-05,1.171140372323344e-05,0.006766259191936454,1.0127657546497602,3.514897863878741e-06,4.408564656377187e-06,-0.1126452403621637,0.7954840852686834,4.538999620630438e-06,3.3947045028381657e-06,0.14405057137156035,1.3331552317820012,7.449875541069667e-06,6.119637124958503e-06,0.09795921612408216,1.2153860643292327,4.3882952669106723e-07,4.840403534599789e-07,-0.04846423679322923,0.888246321616754,5.386685047751086e-06,7.257812146089377e-06,-0.14786261908920856,9.124207590543276e-06,7.613503511090979e-06,0.09020361470797529,3.7391381818453573e-07,7.97652192717546e-07,-0.3586243769905854,4.801210245404254e-08,9.483830984465294e-08,-0.30635316376578753,Normal
Train236.csv,4.687954370856769,16.876635735084367,1.7555555555555555,158,0.059341194567807065,-0.11868238913561413,0.24511152946227593,1.9195556640625,3.23333740234375,10.392257441930294,0.6123969522456126,6.896562614436517,1.4636386597372657,10.769951333332788,14.17117152895235,0.8149487293387504,7.48291015625,47.15136425892317,0.20676315289714875,1.477813720703125,2.5875091552734375,8.32002313921328,0.2804801487712209,6.779671967308075,1.4261428036370922,10.025479307910967,12.73711307127093,0.3600371314807456,3.62548828125,42.53595879616005,1.1657064341017163,6.1611175537109375,7.166290283203125,24.68374012180199,3.8185298119767026,5.695814378262435,1.4905880693450806,8.949871623596938,11.580317334967717,3.0112425456107204,17.78564453125,127.01485465680031,1.2711164837314728,6.7676544189453125,7.861328125,41.94001955565689,4.692908071875716,6.204549885934728,1.5234866428753744,9.65996383979095,12.43870465528003,2.596984787971707,11.6455078125,362.06217641727164,0.038348376565127185,0.08486506815616172,1.185470013264418,0.4549115978580048,0.3871634622642108,0.441741943359375,0.1300247020650663,2.072234302717014,0.11074194257742115,0.2102686578619344,0.16266263077916454,0.04760602708276987,0.14059110073943598,0.15068034961543297,-0.0346386455566392,0.5664492294842173,0.2047178191377978,0.4690701013510497,0.16578594476162625,0.1481087834499026,0.05631557066691343,0.2839366620895513,0.19051098188713103,0.19691462149586658,0.2531150080039134,0.229553311912643,0.04881550048113524,0.24455436743519823,0.3012982421252085,-0.10395457062330854,0.2346537124932468,0.24964205627928848,-0.030948739268449082,0.21678300761642713,0.23191831036455932,-0.03373135269341912,0.3617314103464195,0.05674387469001027,0.4690701013510497,0.10395457062330854,2,0,0.17253728067106686,0.0002811024536867179,0.00015319355907321793,0.2945200758363943,0.00018118102137339309,6.738046024427292e-05,0.4578182516695928,2.688526250105118,7.062237384527188e-05,5.23718605365107e-05,0.14837304911077237,1.3482219440458276,1.8806553209673094e-05,2.3834405642254767e-05,-0.11788369049420348,0.7887197312373316,7.5603255098669776e-06,7.569719146543e-06,-0.000620449733749332,0.9974413779322064,1.0189840334630444e-06,8.918174758617642e-07,0.06620494464624889,1.1299226958197028,6.492317825980525e-05,4.3194369537082785e-05,0.20095534547346713,0.00015429144492429638,4.88724198187792e-05,0.5188611499752948,2.8027296808731816e-05,2.319340773220484e-05,0.09435531132827547,4.200707903290603e-06,3.9517942003634535e-06,0.030494779635734503,Normal
Train237.csv,14.775957447383993,53.19344681058237,5.533333333333333,498,0.13269094491965785,0.3560471674068424,0.3722568479444721,2.5409698486328125,4.47235107421875,5.262438055431601,0.2803559508301129,6.066728645180509,1.3971186109023797,8.922739275866569,11.458947138846542,1.1127252227528948,8.6669921875,23.440772849744608,0.45410658790082176,3.0788421630859375,5.611419677734375,6.018282059337257,0.2074291883905775,6.4613400372279415,1.4616650270740656,9.87734544725721,13.162748485506825,1.1748420791827179,12.4267578125,34.49992958139206,1.2548898797991859,6.7626953125,7.9311370849609375,19.106083026576286,3.5726758217975454,5.569462967113685,1.5539415874107008,9.040125612719397,12.766378162467198,3.0311912845548696,16.93115234375,65.70012832087464,1.3950172816045356,7.6732635498046875,8.768463134765625,14.87141824854406,3.388595437761019,5.593221760487907,1.5797257700239258,9.331434138779628,12.697506264786194,2.642245579763038,13.68408203125,41.737695276369095,-0.08184973995634964,-0.09904811299176584,0.8197565277960884,-0.06211685642982312,-0.027154110878277623,-0.537872314453125,-0.09571001883593669,-0.755844003905656,-0.06700316961556949,0.2966450291539464,0.3255204008105969,-0.028875371656650495,0.2530584559862953,0.6076388569483673,-0.411968750818328,0.4186482743638741,0.7485790401566929,-0.28266196212321903,0.6487737898148942,0.4563499409810038,0.17411973133009423,0.6277870562036766,0.5952116768230903,0.026635660556744618,0.5339033712801247,0.4826837554743424,0.05038389131039456,0.38506401420026826,0.7678863668444993,-0.33203714194270706,0.19576915761467195,0.17242470530238221,0.06340260941156053,0.16356092939909136,0.16547678847774988,-0.005822612169798419,0.1924238488338904,0.38282235264423103,0.17411973133009423,0.411968750818328,1,3,0.20403826237870085,0.0006144083257006815,0.0010979571648262831,-0.28238646585711913,0.00030732913732549956,0.000682713488570893,-0.37915595739723523,0.4501516975325025,0.00014520483633914045,0.0002505064935463988,-0.266100534024073,0.5796218615531863,0.00010502055149968195,0.00010797296451782988,-0.013860865178888411,0.9725659224917947,5.152739035200226e-05,4.960866506266836e-05,0.01896984792405063,1.0384678887858667,3.237224991907151e-06,4.261770144865221e-06,-0.13644237801417133,0.7578181601831689,0.00013426963684096116,0.0001400534618104043,-0.021083219625618255,3.703083335329542e-05,4.0747685791829135e-05,-0.04778150399803149,0.0001494986739548382,0.00032904179003733164,-0.37518115557700343,0.0002639920490507833,0.0005544824612144057,-0.354912534715536,Normal
Train238.csv,8.960520379738888,32.25787336706,3.3555555555555556,302,0.31956211259987666,0.8307767239493007,0.1733796274781217,0.815582275390625,1.4614105224609375,1.8797818223529872,0.0729965881227419,4.656191892046742,1.2607873762550872,5.935637681405369,7.090846776797388,0.2916786015430188,1.57470703125,15.281519945604078,0.16021900274450368,0.6633758544921875,1.2195587158203125,1.1172743294699954,0.06907785979402543,4.162083301447037,1.2652764599342081,5.3161285234856575,6.366172978249374,0.23770017595417026,1.46484375,14.595278514674071,1.1104126920695143,5.550384521484375,6.5303802490234375,25.21965093000264,3.4684453368148853,4.9317021717267675,1.5262504743269392,8.376773328647902,11.594628665538622,2.8565957601981498,15.63720703125,219.52549294014744,1.2721486568492586,6.6875457763671875,7.7007293701171875,28.76488186523475,3.4668844085667976,5.058043492120023,1.5570173424366343,8.530946944119606,12.68993439075499,2.0698924304245065,12.7197265625,266.8087153191987,0.01316062473361801,0.03945047475264088,1.0821414044948887,0.05397842558884852,0.10196559980056841,0.1522064208984375,0.10291462401396825,0.7625074928829918,0.254418820239655,0.15613980923938292,0.1259436156477839,0.03019619359159903,0.1802919731654004,0.16676492452032043,0.03897645701761817,0.1812439144691398,0.1495601338957771,0.0957780890898613,0.21075874277728224,0.20783409063858457,0.006986866079294285,0.233492844135003,0.193414863177058,0.09387972934827227,0.17904982199067485,0.171453913805131,0.02167140373435272,0.16503651182472154,0.1526980071416791,0.03883274733526737,0.15731119756724,0.15520256152291234,0.006747338046789745,0.09547437851042541,0.09218905253638597,0.017506478383394534,0.040077980957945014,-0.0021086360443276497,0.0957780890898613,-0.006747338046789745,0,0,0.03364170608179093,0.00011765134565241145,9.703821723250935e-05,0.09601364939641371,3.918566339265228e-05,3.008884697777283e-05,0.13129653895573362,1.3018991531997823,2.2451725353277837e-05,1.640711762327159e-05,0.1555129318784486,1.3675802213570103,1.6991365053116486e-05,1.5907110888743556e-05,0.032947565432337254,1.0674905246235755,3.8014636313209635e-05,3.355558826705403e-05,0.062294412630064105,1.1325478943124174,6.480925724080324e-07,7.05401709741607e-07,-0.04203108005940656,0.9059142067777757,2.1461692998189144e-05,1.5094731113358414e-05,0.17412044080132147,5.260635360289269e-06,4.865299802985896e-06,0.039003362880197276,3.949361085815112e-05,2.9489508078276532e-05,0.14500145716115068,2.82861774480593e-06,4.115626535614869e-06,-0.18506810214194294,Normal
Train239.csv,0.0,0.0,0.0,0,0.0,0.0,0.07178728200957409,0.23193359375,0.34332275390625,12.634941961201825,1.5999950191863381,3.706925746507938,1.0955107749133965,4.250473557745011,4.56696108954299,0.1270798270987348,0.4638671875,36.12213144381717,0.05498490520898375,0.2197265625,0.3620147705078125,13.906920914800875,1.6764851426370302,4.444877804522169,1.226776676357865,5.885816060320488,7.289794267562295,0.13630373498860726,0.3662109375,82.65020642639065,1.3941242678808783,7.453155517578125,8.70513916015625,14.981723746235469,3.5385053200390892,5.269426972852606,1.7483801799386565,9.840605848946634,14.944982313417135,2.5951698622299757,17.041015625,35.400949803326476,1.5218266377099345,8.28094482421875,9.66339111328125,15.576710063203393,3.4759292283980914,5.460232603978214,1.7233463897784294,9.921507744305316,14.220936684031305,2.76587999644621,12.31689453125,46.46614868023098,0.016802376800590338,0.13253991939275694,1.3055813896725819,-0.009223907889872457,-0.035020817041746505,0.01220703125,0.027027026428634054,-1.2719789535990493,-0.047923499532123985,0.05149274218127345,0.03613085977415745,0.015361882407116001,0.07907702218375708,0.0695922573205303,0.06379774124738284,0.06691655262925093,0.06340448248455059,0.02694937062263015,0.087600568469916,0.043863771871203834,0.332689405798798,0.0881963710040498,0.038019023704139336,0.3975532734369535,0.06179582756495488,0.07634966227232527,-0.10535149334949871,0.050981895489363376,0.049169491535868186,0.01809664175766398,0.0899898957501238,0.07033032615181636,0.12262687849860525,0.08381956030047427,0.05896315161244072,0.17408555009333546,0.05017734729991046,0.014553834707370393,0.3975532734369535,0.10535149334949871,3,0,0.15715004760075818,2.339842917275059e-06,3.361082249008149e-06,-0.17913571954478055,1.6098280346176965e-07,2.2840789764221468e-07,-0.1688198898824397,0.6752410681602544,4.655076818822429e-07,9.372700129812536e-07,-0.33392538175979114,0.49142026613636214,9.074685095504244e-07,1.2712228782105247e-06,-0.16619719467723787,0.7082830981116099,1.958999254167469e-07,2.1781419423881724e-07,-0.05171946792777258,0.8599109729369423,3.0328791257775245e-07,3.297784532436673e-07,-0.041194100755179805,0.8926049008771424,3.3003824390365555e-08,3.810889804125458e-08,-0.06293801388792886,2.6358178069983408e-08,4.3187117030389976e-08,-0.2115642281441178,2.6250907066513677e-08,3.807102565026827e-08,-0.15903944033314407,0.0,0.0,0.0,Normal
Train24.csv,5.429719302954359,19.546989490635692,2.033333333333333,183,0.2279041821639779,-0.5934119456780715,0.16125728470928677,0.61798095703125,1.11083984375,0.8204931893658649,0.10684607765790952,3.7611118768222083,1.2423823154277949,4.7312299922987595,5.6277945574098975,0.27243214116664316,1.35498046875,12.485914144206728,0.15651636488204557,0.7091522216796875,1.294708251953125,1.1772406791827315,0.09298556066693206,4.244146864853628,1.2641191072413644,5.473148958609594,6.585339408329065,0.34504326383247685,2.47802734375,14.009235383888665,1.19478320396451,6.64215087890625,7.7938079833984375,38.27971948963924,4.440555776159803,6.2067834414996685,1.658495778198738,11.866838264423121,16.430927324583976,2.325723366214077,13.68408203125,270.02968389362445,1.3687629542110529,7.3883056640625,8.492660522460938,35.280560245825136,4.224010259883459,5.818563034115714,1.702293197933483,11.546155082436204,16.641859725485766,2.7608187583557235,12.646484375,254.22542130712952,0.004740919827241202,0.014919171819773184,1.030290184211167,-0.0726111226658337,-0.11759354445866832,-0.0911712646484375,-0.06869790117824827,-0.35674748981686655,-0.1785760824540116,0.1349678191194246,0.11434877255921423,0.020619046560210366,0.09821430971095796,0.08680860143192073,0.061644839507368335,0.230724403053749,0.2535176678238722,-0.04706997939710978,0.149274761113225,0.11586035411006863,0.12602783948379206,0.16477739028924582,0.1443920883164005,0.06593568487234297,0.198863329515592,0.237793595393489,-0.08915526759240158,0.24200026904290195,0.2147560200602371,0.05964723209326311,0.11497555778776211,0.10043297405050994,0.06751163910747185,0.10962692267103105,0.11814110903419413,-0.03738095256656787,0.03341440700315636,0.038930265877897,0.12602783948379206,0.08915526759240158,0,0,0.06923090828830643,0.00012103538383942367,9.227275521798544e-05,0.1348407461081321,4.4501559820072894e-05,3.7382560406929326e-05,0.08692931059532018,1.1901180164123282,6.536869527956027e-06,6.420181725213379e-06,0.008998792436647989,1.0165917243558318,5.767951644055195e-05,3.61662037807247e-05,0.22921685123833596,1.5944048963834225,1.1224649384855832e-05,1.117339046279251e-05,0.0022875236929168884,1.0036893035435535,6.347677538151331e-07,5.685080112204832e-07,0.05461226911814632,1.0972497208395753,6.140688539587066e-06,6.51007623132684e-06,-0.029175780327929574,3.6472544494741035e-05,2.197588865764781e-05,0.24798228511023365,1.158825897362402e-05,1.769465446835351e-05,-0.20845982106985853,1.7347161014835035e-07,4.4991173005324106e-07,-0.43644993854259906,Normal
Train240.csv,13.055062804917586,46.99822609770331,4.888888888888889,440,0.22203441899462523,0.5934119456780707,0.27597432020454293,1.66015625,3.0120849609375,3.5006042859895627,0.20472800388944337,5.078290325756628,1.3209382061258028,6.980583267605192,8.61126601787856,0.6968680458406118,6.21337890625,26.288372709833705,0.38515751692071243,1.8390655517578125,3.3145904541015625,3.0821091229081894,0.17702556690882038,4.81150256372525,1.3092162255008424,6.475600883002285,7.939110172400391,2.446072871540337,11.328125,29.95035857547837,1.3935617891225922,7.8922271728515625,9.289932250976562,17.88846461405597,3.5530011124026224,5.733190105888532,1.7466767743999985,10.536569495617147,15.716114029301474,2.350635998727291,13.22021484375,142.1672079639817,1.5772724523080623,8.761215209960938,10.359573364257812,13.055362878462109,3.180902693942778,5.60962528756941,1.6975971818730489,9.793714668038856,14.015864691148506,2.781196896442547,12.890625,38.47973242593481,-0.1091831967161695,-0.16514587399006975,0.7165232428687661,-1.749204825699725,-0.5565503348983906,-0.1789093017578125,-0.05112831120240946,0.41849516308137336,0.06357487200945908,0.1980352219602321,0.24419212667740472,-0.046156904717172625,0.562515861234623,1.6648760382977486,-0.49491073948210573,0.17806065133240778,0.1581406528844885,0.0592502099354321,0.3970791109745551,0.3854405636295293,0.014873168782858619,0.4078934466752655,0.25963727748871046,0.2220963943663702,0.16889257103918193,0.1999248911222758,-0.08414004873800775,0.16288815000195203,0.17799993734077357,-0.044330639457992864,0.21796438800726725,0.14477163377490146,0.20177966294872995,0.20015286251420705,0.2005646717569723,-0.0010276795929018573,0.14825616918655504,1.1023601770631255,0.2220963943663702,0.49491073948210573,2,1,0.20789380199122712,0.0003304952363854433,0.0013034251611170875,-0.5954573590113573,0.00015499010218810182,0.0010744704962439044,-0.7478669235591753,0.14424654773158346,5.836158128576207e-05,9.02903423231844e-05,-0.2147743030785111,0.6463052053212193,7.374418768461873e-05,0.00010056315818565191,-0.1538514160317254,0.7332392560298392,3.919786271058562e-05,3.175296057467369e-05,0.10491566742375241,1.2340745951068608,2.913132931844894e-06,3.7242339182029443e-06,-0.12201838783009444,0.7801152781684348,8.875469545296416e-05,0.00011249267760303537,-0.11794838514296893,1.676452770134803e-05,3.0164690911808527e-05,-0.28547904303427357,0.00010185018517841212,0.00042600615047277214,-0.6140872099647652,9.073396820777238e-05,0.0007051194349005188,-0.7719735124058072,Side II
Train241.csv,14.152874904422017,50.95034965591926,5.3,477,0.05139098198663605,0.0,0.5587149347190113,3.80859375,6.7691802978515625,6.516849407248934,0.2835572377475849,6.728264420548095,1.4612564803984252,9.998004156086534,12.851027498885184,1.1739573352045636,10.05859375,29.955483493136633,0.5661298119225681,3.737640380859375,6.73828125,7.039540927507342,0.3184131004959335,6.547915270926627,1.4902584715102751,9.947918452642696,12.880173728417601,0.855366269596806,8.28857421875,33.22636412575948,1.3911604568362725,7.8090667724609375,8.935165405273438,14.063510041373307,3.163886515200133,5.893407336090656,1.531728004285367,9.586395144973576,13.013902823699645,2.970390742303368,25.86669921875,52.322574926935054,1.4283896953467508,7.87200927734375,9.024429321289062,16.54028221253795,3.4290234860274604,5.6783327849339855,1.526516155888864,9.086485503187907,12.184108138998802,2.5331661601079154,12.7685546875,69.94355904447777,-0.007414877203556713,-0.006591911603602194,0.986902496712899,0.31859106560775763,0.15699372110196497,0.070953369140625,0.009402487097033639,-0.5226915202584079,-0.03855683607256037,0.4016178924273351,0.3963412854373215,0.005276606990013588,0.7656928514076088,0.619991322757581,0.10514771714581286,0.780767959655668,0.7816004014996758,-0.0005328076651937044,0.44246145732502556,0.37863168403585623,0.07773755411718843,0.6554435787664742,0.7082868775860108,-0.03874907844573898,0.37290798217990023,0.4411640599961848,-0.08384525378783139,0.5182524984145863,0.38123584627237894,0.1523273218916671,0.7395310923545761,0.6558520609190518,0.0599684972830042,0.48307192400464444,0.620008594286096,-0.12414022981045586,0.14570152865002783,0.13693667028145157,0.1523273218916671,0.12414022981045586,1,0,0.09021279912603992,0.0013899524407208004,0.0011835912715836817,0.08018560871939978,0.0006077138448256896,0.0006499296489198652,-0.03356711868898647,0.9350311922586187,0.0004889248306723039,0.0002495552702865571,0.3241337427203798,1.9591060491345935,0.00019500707152614034,0.00019271270009644864,0.005917449723012287,1.0118531518526281,7.430965319248819e-05,7.595181306885587e-05,-0.01092795536786559,0.9782501258248,1.7077303949835596e-05,9.478451532687887e-06,0.2860393871405871,1.7997988281864512,0.00024044489156523118,0.00024227954894346388,-0.0038005520722726445,8.890974269469455e-05,6.769876043314491e-05,0.13543088356703442,0.000546067962678635,0.0002698830569955798,0.3384780633189148,0.0004388774068717728,0.0005412172253969756,-0.10441723787011019,Normal
Train242.csv,14.18254550170592,51.05716380614132,5.311111111111111,478,0.13269094491965844,0.35604716740684417,0.38454669732554714,1.9237518310546875,3.5381317138671875,1.6990892300714915,0.0678493640710422,4.731339704619909,1.311152574011214,6.289462206282739,7.686516833736937,1.0705943745799706,7.373046875,8.415505307819018,0.30677337337405386,1.718902587890625,3.19366455078125,2.4577605893111976,0.03399668166764737,5.516037104575992,1.3185395593996345,7.382415207799468,9.01593047949255,0.7115153175831004,5.6396484375,13.446097477503564,1.4064885758455223,7.4558258056640625,8.661651611328125,23.569765014746764,3.547960126879204,5.414737974431681,1.602365611481681,8.902358016039978,12.321617446562831,2.8394407854849852,15.52734375,220.47443221683753,1.4969676339650806,8.057785034179688,9.280014038085938,24.949156790550532,3.5322022362410594,5.9649616933809515,1.6017638860967054,9.715230288956052,13.25328099123739,2.6884002702434975,12.646484375,247.41993701450954,0.07777332395149328,0.11249973221201437,1.2535204100698103,0.35907905699687026,0.20149099494886927,0.2048492431640625,0.056236254950864,-0.7586713592397061,-0.1825111299130987,0.27340904234524854,0.20492986245279854,0.06847917989245,0.25124189252250984,0.21460904392512684,0.0786364155245967,0.19865564160736138,0.2087470070258888,-0.024770003839400128,0.3194443463271216,0.3745181196280004,-0.07936131305237949,0.4145799273881352,0.3387879875480095,0.10060415015219797,0.2492613086416393,0.2562092216540095,-0.013745436100601166,0.23822528932421536,0.25161304736091356,-0.027330971793647536,0.8792229950556448,0.54475559924545,0.23488231831569917,0.7193458098646349,0.33249160044321663,0.36778897760472706,0.3868542094214183,0.055073773300878814,0.36778897760472706,0.07936131305237949,2,0,0.14314196920479536,0.000709053383750723,0.00038457406913943105,0.2967000451147995,0.00022722898515577846,0.00014237251697575435,0.22958286657926147,1.59590510114716,0.00034012049025352063,0.00014146100282700085,0.41250622214230886,2.4041710559544147,9.574043889822567e-05,6.337311545997848e-05,0.20341000783193214,1.5105038337643457,4.085143087726817e-05,3.2841727576868036e-05,0.10867517035086617,1.243509364360886,3.321513941416675e-06,3.1488263715989877e-06,0.026647916849497386,1.051502536283859,0.00011231098482416452,8.243816935434175e-05,0.15338337032642319,3.924774708136226e-05,2.2978186185194706e-05,0.26141748090263073,0.0003910365301680407,0.00013855149208400085,0.4767484534975838,0.00013997377830316906,0.00011963962622123386,0.07832172187705799,Normal
Train243.csv,11.423179954302887,41.123447835490396,4.277777777777778,385,0.15417294595990816,0.3560471674068424,0.38631701461015233,2.6889801025390625,4.9892425537109375,9.97603701350891,0.3105335727167421,6.624446444422485,1.5102043084371228,10.59310414962344,14.00255445478878,0.7929818288541953,6.11572265625,33.879337400135995,0.44140294528518453,3.3878326416015625,6.1687469482421875,11.34890470980347,0.4342801630058585,7.419269712569113,1.5595614546046588,12.097281510950847,16.087675010025315,0.9486470247130436,8.19091796875,42.48336646672666,1.3457333755958185,7.260894775390625,8.456802368164062,30.691865675779063,4.396767266079641,6.057811097684028,1.588025176128542,9.991702398157802,14.294229286260025,4.068258556228391,18.24951171875,160.01309947814133,1.4549544063298492,8.056640625,9.365463256835938,33.16080954916225,4.454157442248762,6.403437336813397,1.636895711905177,11.549130267984243,16.631927917831717,2.8639412544713214,14.5263671875,217.00606349123876,-0.0550859306750322,-0.06655140950869855,0.8752026011256723,-0.1556651958588483,-0.08937908593224146,-0.6988525390625,-0.11500313854270318,-1.372867696294561,-0.06437849694801089,0.28706801714599056,0.30337922640809056,-0.0163112092621,0.33536745099313203,0.3514964147550407,-0.023482038190376545,0.6077831549290253,0.6683130380875731,-0.04743363628499133,0.4273192294058051,0.6688430401663241,-0.220335816385503,0.4916307843040435,0.42996543218592836,0.06691146333462784,0.33769698465263137,0.38919218977324305,-0.07084326775515941,0.30960969042707803,0.3476919466615831,-0.05793725970896324,0.29472837984752104,0.30296842080266106,-0.013786322443608834,0.4099949746725261,0.5253684418543744,-0.12334613895503876,0.061665352118115135,0.24152381076051904,0.06691146333462784,0.220335816385503,0,1,0.07871046364466946,0.0004985846969420039,0.0006424020382739415,-0.12604646214814963,0.0003479221699380815,0.00046121115600518875,-0.14001102454257905,0.7543499802818397,5.8704554217806094e-05,8.070254605595062e-05,-0.15778546387028347,0.7273287374321162,4.4853612947494836e-05,5.065356929052007e-05,-0.06072160219899064,0.8853227985239411,3.584049551412442e-05,3.615277263312339e-05,-0.004336985348503352,0.9910881523861977,8.405145323426271e-06,6.293189495769112e-06,0.14358905026427007,1.3334749540796853,4.061935277179387e-05,4.735038950025312e-05,-0.07650666567817216,2.8058692077113975e-05,2.948018164626439e-05,-0.024700562794384574,0.0002762612430335501,0.00037249936951675377,-0.14833921978200215,9.781209054359624e-05,0.00013120861544377015,-0.14581680109747425,Normal
Train244.csv,0.0,0.0,0.0,0,0.0,0.0,0.07039987990933116,0.2124786376953125,0.319671630859375,12.900018591425711,1.6136850210764058,3.4345377497927654,1.0841044402980353,3.9458509499791163,4.239471901248154,0.12862550623787627,0.341796875,46.587728740657255,0.053361821988485235,0.20751953125,0.3414154052734375,14.2273694438258,1.5871979272730157,4.429265905391992,1.200336912584587,5.651831129343288,6.734267606550256,0.12726993644815876,0.3173828125,61.37133654934378,1.311226979733858,7.109832763671875,8.37860107421875,23.138542975246843,4.337442699427789,5.832643963312568,1.7055144885162672,10.335704492628086,15.590822366895118,3.0270608339088314,17.41943359375,67.73618834611007,1.3991492624121218,7.801055908203125,9.14154052734375,28.927891730645623,4.674673085295275,5.754716093447387,1.6656881585406338,9.848669714359588,15.074766877657643,2.5179121507609104,12.353515625,127.54952978375027,0.01703805792084593,0.1376682469850883,1.3192927844854072,0.0013555697897175145,0.005297357868178687,0.0049591064453125,0.011807447493619299,-1.3273508524000892,-0.04893028588620178,0.05369007842312669,0.03813876263287469,0.015551315790251999,0.07758005341498504,0.0712822688797944,0.04230609878340261,0.06598910978629581,0.06708546697785418,-0.008238666887626428,0.08672541601318226,0.040155010278467955,0.3670416582400972,0.0928331082837569,0.05269483567482345,0.2758114267198278,0.055596863188267134,0.06798184915355551,-0.10021940452686601,0.0501950245414816,0.04339870009870766,0.072615164560979,0.09013613517795498,0.06818096858456164,0.13867841619654053,0.08095056671358898,0.05327764347880681,0.20616322853061178,0.046570405734714306,0.012384985965288378,0.3670416582400972,0.10021940452686601,3,0,0.14411684845329786,2.438743072214803e-06,3.1445200492259947e-06,-0.1264094064098239,1.5137739831716122e-07,2.3160477291790214e-07,-0.20415016373033545,0.6265497013529597,6.457942012897318e-07,7.5630718717952e-07,-0.07826136762714092,0.8427354096294596,9.45462318076157e-07,1.3006924856449007e-06,-0.15744937669297576,0.7213456462375007,1.6141884341843182e-07,2.0044322233864811e-07,-0.10494315638452104,0.7670422531293234,2.590640423610204e-07,3.247484979653371e-07,-0.11061480036817123,0.7739065117115067,3.7459566941475433e-08,4.2772996099096774e-08,-0.05888593849686181,1.2738081940545782e-08,2.5613612973692556e-08,-0.26628913538572274,1.450875153234606e-08,2.5239109040930598e-08,-0.2156948537069074,0.0,0.0,0.0,Normal
Train245.csv,0.0,0.0,0.0,0,0.0,0.0,0.0711803216142724,0.214385986328125,0.313568115234375,11.58662311997615,1.5037549825222956,3.42558810734711,1.0934117496104174,3.957656118825614,4.286464568599691,0.12672785800323155,0.42724609375,37.21377648379213,0.053640570728613925,0.2056121826171875,0.336456298828125,13.115029852448076,1.6321457842494917,4.282726927518489,1.2038200613770322,5.582199846448448,6.9136712058882175,0.13508314239202926,0.35400390625,56.681712463660524,1.2184132336957807,6.4838409423828125,7.6202392578125,26.264966826553923,4.382156524056967,5.733367518652049,1.6575432534631704,10.107781604312214,14.03312570057643,2.218613976352056,12.5,114.37488183891193,1.350342870330583,7.4077606201171875,8.678054809570312,28.95378733682616,4.600441512009143,5.880768502582781,1.750150504605681,11.445301664613936,15.991221228447099,2.326387079951467,11.5966796875,140.22962451347055,0.017539750885658477,0.14051934056265927,1.3269864093082444,-0.008355284388797707,-0.03191341867625652,0.0087738037109375,0.02089009941178799,-1.528406732471927,-0.0618746742802768,0.05842050879089513,0.03972366686265784,0.01869684192823729,0.07781362471476218,0.06733414371242025,0.07219870063391474,0.06231238099434067,0.06070731041813822,0.013047264444422058,0.08753209632347264,0.04097996023980907,0.36223941711139196,0.08710758224489991,0.04471861423015977,0.32155190646982434,0.062057958469391605,0.07383851477766967,-0.08668772014402233,0.053742174255307355,0.05113631607303912,0.02484644778586645,0.09187996938461845,0.07361148555728356,0.11038928100460221,0.08191520566420044,0.053634762933416444,0.20863480041361804,0.04655213608366357,0.011780556308278067,0.36223941711139196,0.08668772014402233,3,0,0.14671457252157918,2.3852740362966653e-06,3.142088803977935e-06,-0.13692149213849533,1.766476324875751e-07,2.3474803718767077e-07,-0.13787613134437643,0.7217530098193317,7.433848681983567e-07,1.0454400582688925e-06,-0.16791805896516482,0.70433641624105,7.995022736244925e-07,1.099820696021746e-06,-0.15729053029351908,0.7203886866503587,1.388396631075249e-07,1.5844350463220346e-07,-0.06379731655618444,0.8242506198780499,2.637270724252884e-07,2.9216109846883745e-07,-0.050246722773197625,0.8728028649673684,3.9425714100380346e-08,5.1249274101310725e-08,-0.11744287446295201,1.5549764052010415e-08,2.1103281000231158e-08,-0.11903868101218207,1.9006879356697238e-08,2.092385186210772e-08,-0.0383926383334941,0.0,0.0,0.0,Normal
Train246.csv,14.152874904422017,50.95034965591926,5.3,477,0.05139098198663605,0.0,0.49502803661849387,3.354644775390625,5.9967041015625,5.72117821258757,0.3003563369733997,6.68905613986532,1.4228676806675578,9.669572249927118,12.197800991465506,1.0691766001816465,7.45849609375,25.55519713705778,0.5657045029107792,3.6655426025390625,6.6608428955078125,5.491265881714625,0.2030463524169007,6.596309533570188,1.4709113034286738,9.794737414719803,12.662255043399348,0.8834473681767406,6.1767578125,19.675596992252142,1.3188000230185977,7.33184814453125,8.485031127929688,14.768420607195267,3.3789511436272743,5.719358459453166,1.5354244989963406,9.301286591586074,12.685977847948038,2.7175128330701517,19.90966796875,37.69604068969255,1.4957315989302034,8.67919921875,9.962844848632812,16.52862645725622,3.5173729072047784,6.139590230031416,1.5903611787454568,10.012090489881448,13.43507805335465,2.59259016175872,13.1591796875,49.19487998582741,-0.07067646629228536,-0.06662986473230206,0.8750646765594529,0.18572923200490588,0.09511776668903371,-0.3108978271484375,-0.04428625761229486,0.22991233087294471,0.020505103859088825,0.3753624690814009,0.37821257472481296,-0.0028501056434120375,0.5614788933376647,0.6522057895627447,-0.07475326726603508,0.2972899723984884,0.5604690537612725,-0.3068216949844711,0.8449047870821556,0.7870991045942025,0.03542006390338671,0.4239866557920117,0.5413678190014458,-0.12159384460160082,0.6125471587175447,0.4000099046792172,0.20990150542857014,0.37291603889714403,0.4658448114890369,-0.11079292916589686,0.4083475925022171,0.4768805966542555,-0.07741846025391304,0.620495598144195,0.7321874141530252,-0.08257057578733226,0.21253725403832752,0.2631790813627841,0.20990150542857014,0.3068216949844711,1,1,0.1369221386013213,0.0009576183304054966,0.001293861814927385,-0.14934330432310997,0.0005072363211520681,0.000589962223948951,-0.0753966993478586,0.8597630541941549,0.00024278356833954995,0.0004460474103416719,-0.29508093782583644,0.5442877143405871,0.00013770151762358817,0.0001707957910927181,-0.10727225104272127,0.8061876400246875,5.702973840960134e-05,7.2505006078416e-05,-0.11945886133764454,0.7864543008922974,7.798577812081738e-06,9.751470714947594e-06,-0.11121227255493418,0.7989142251013356,0.00017040304252282097,0.00021867838936776132,-0.12407198639757254,5.458941607457516e-05,7.588237707176977e-05,-0.16318721933345126,0.0002566289861679922,0.00048421063006892016,-0.30719006788032244,0.0004121007280099062,0.00046315084115160535,-0.058325550830027245,Normal
Train247.csv,7.625343501963226,27.451236607067614,2.8555555555555556,257,0.3597368739064531,0.9494591130849148,0.15599681793361048,0.5832672119140625,1.0471343994140625,1.0694772652223088,0.13539991039527016,3.7264550951003454,1.229652526858661,4.5979540041339035,5.409354511837442,0.2294230255449358,1.2939453125,15.788114333574509,0.15166809760132136,0.621795654296875,1.15814208984375,1.2406124356972752,0.09106027653064905,4.129366315010898,1.2584255782224918,5.243990911669366,6.263296711145364,0.24418868545506145,1.50146484375,21.510220478962182,1.1536277339367926,6.237030029296875,7.3818206787109375,25.173815532103298,4.253304600086275,5.651987183340879,1.6503779792671118,10.500775856810105,15.492048555706614,2.2884495959443445,10.14404296875,99.4504073183829,1.366127947083756,7.663726806640625,9.009933471679688,27.900716719585198,4.360061233299827,5.75550175887383,1.6505526646874578,10.0750862920918,13.768841330532874,2.1152635151413635,12.39013671875,102.35490853163064,0.004328720332289121,0.014069593161335658,1.0285406760903728,-0.014765659910125656,-0.031176719779968755,-0.0385284423828125,-0.03197214281793905,-0.1711351704749664,-0.07408161235731496,0.13522283834928087,0.11102041855953522,0.024202419789745647,0.1801696610897383,0.18703046261550765,-0.018684093212440266,0.1640490912452962,0.14427607150386382,0.06413040999905273,0.18263606621571932,0.17093141510086599,0.03310443239922461,0.19638163722675625,0.18933126128607866,0.01827881770371961,0.13307807119829076,0.14769892403889306,-0.052072828500508685,0.16630732770472623,0.14384967313078975,0.07240737365065184,0.1457122416367097,0.14979438746328588,-0.013814057914261726,0.09706748866189613,0.09300848648615338,0.02135462916360109,0.022457654573936475,0.0146208528406023,0.07240737365065184,0.052072828500508685,0,0,0.039606141888700416,9.795496473806971e-05,9.523420770636302e-05,0.014083382610323394,1.6788542147678258e-05,2.4833629546275646e-05,-0.19324207869189172,0.6757684949538727,1.643262459471338e-05,1.5599012632559723e-05,0.026016522072227516,1.0527651544362029,1.2974484125530185e-05,1.3248161145206873e-05,-0.010432688615737094,0.9786035924160386,5.078550215447194e-05,4.058639762785603e-05,0.11160967927904994,1.250985435210745,5.865386569383387e-07,5.968462208977547e-07,-0.008637250354727262,0.9665358977940517,1.5738844830411853e-05,1.5363481833140056e-05,0.012064767811516157,9.689390844445206e-06,9.895495550065552e-06,-0.010518290408567211,1.282886553364417e-05,2.0382166038832164e-05,-0.22736501991846372,5.537211367749535e-07,8.172365845321604e-07,-0.19082079320124473,Normal
Train248.csv,15.07266342022303,54.26158831280291,5.644444444444445,508,0.1876533339094823,0.4747295565424583,0.4349748299868631,2.2396087646484375,4.1599273681640625,2.4536232725382683,0.1547499412118506,5.27371524553977,1.3010543890487556,6.9274438232900035,8.357606319007028,1.616283975201321,7.94677734375,14.392823419465397,0.5250489612182838,2.533721923828125,4.6741485595703125,2.6538341167534467,0.1857689614943394,5.458073745956813,1.29104552749231,7.1544760356936425,8.612360981778844,2.457281773080889,7.43408203125,13.849732949463434,1.5463327395324802,8.319473266601562,9.6343994140625,17.488037824898946,3.3616552010496497,5.457488091353886,1.5961485015938877,8.897694750419841,12.627185886048666,3.819087501040133,23.01025390625,137.48885433648493,1.6131167650886973,8.287811279296875,9.645462036132812,12.00578549778088,3.1058263434852735,5.242872749122472,1.583829038466343,8.555278743820693,11.730375154051767,3.8766137539090337,17.5048828125,30.267045761877156,-0.09007413123142072,-0.09382489383945265,0.8284462094603869,-0.8409977978795682,-0.20645249095824347,-0.2941131591796875,-0.06161591931469477,-0.20021084421517843,-0.03919970908478708,0.28129445626652727,0.32548726126130206,-0.04419280499477479,0.65566891818142,1.8612992093300962,-0.4790010144270886,0.3451024780420192,0.29817524191719513,0.0729501954432643,1.1219734020564367,0.7339235247064574,0.209090208439498,0.49031729965705384,0.4050058285638169,0.09528567670300857,0.2770396096226383,0.303357283334253,-0.04534426971876766,0.2620721821896675,0.2527989745677412,0.018010733986771374,0.2649716096753655,0.31526443711536445,-0.08667649459457456,0.18591486929365653,0.15750347653972252,0.08273114197692667,0.3880498773499793,1.205630291148676,0.209090208439498,0.4790010144270886,1,1,0.19432252003309325,0.0010333028280248152,0.0020976753523116605,-0.3399488795455166,0.0006039361980414884,0.0016617426031290527,-0.4668807139537704,0.3634332793607704,0.00013615929909468035,0.00013969572672987467,-0.012819412771242053,0.9746150160182664,0.00020916290631141916,0.00019600717427931453,0.03246885190635281,1.067064184964592,7.487605403852235e-05,8.691571338514409e-05,-0.07440993716154382,0.8613798049233948,6.476263907161173e-06,8.61263031950556e-06,-0.1414915807921397,0.7510775328626793,0.00023950757836886668,0.0002367151229052895,0.005863636529171574,6.186306968561364e-05,4.647711181101659e-05,0.14200214214754747,0.00015462616990191073,0.0002514478144759442,-0.23842763639735762,0.0005290816355108056,0.0015047380285947492,-0.4797139162158014,Side II
Train249.csv,0.0,0.0,0.0,0,0.0,0.0,0.07030108568004076,0.19378662109375,0.287628173828125,10.023279423589685,1.4045065584996,3.0739097027558415,1.0733415704632752,3.4207764686546955,3.6071441714040913,0.12760248637228422,0.341796875,23.316094208676944,0.05373589665996936,0.20294189453125,0.3429412841796875,13.282325759888767,1.631627267543527,4.21316072794316,1.1991969386107457,5.421322016771611,6.639143618201224,0.1272697022817041,0.30517578125,44.81360511109194,1.2854338850404212,6.280517578125,7.4306488037109375,20.730114237357324,3.5630513517913758,4.66176834794426,1.5775521843943205,7.918754663789831,11.1731263240733,2.9881601022335325,16.845703125,91.04101401319055,1.4313883012746471,7.396697998046875,8.661651611328125,21.50566420848481,3.5168055781421503,5.134388815323147,1.606600143877292,8.69259098100476,12.325171696865095,2.5727456324920857,12.39013671875,98.80939490201725,0.016565189020071397,0.13355039256887907,1.308270206081991,0.00033278409058012937,0.0013056900373504975,-0.0091552734375,-0.023076922495242617,-3.2590463362990825,-0.13983959263203571,0.05469054919998831,0.03754110344251568,0.017149445757472626,0.07864537975778373,0.07336283601471696,0.03475169660208224,0.06775369713960754,0.06830728453562082,-0.004068670889410206,0.0872318159982197,0.04022925260953779,0.3687601258524205,0.09250813748032224,0.05299971196033373,0.2715209039007385,0.054759284997975055,0.07016340979593315,-0.12330924809362012,0.04662215066645854,0.04072883796884468,0.06746703288669739,0.08890752610428825,0.06559595646084491,0.15088053516729408,0.08079335009562309,0.05394548011438846,0.19925858007526287,0.04700256338868192,0.015404124797958094,0.3687601258524205,0.12330924809362012,4,0,0.14861513464494205,2.453327059339129e-06,3.0517445490137597e-06,-0.10870294380306464,1.3554330360981928e-07,1.9973346015974934e-07,-0.18590928578318522,0.6462645660190746,7.825104702393642e-07,1.0222827889071807e-06,-0.13212101018083783,0.7580388616841744,8.23477902604767e-07,9.233567865335818e-07,-0.05685161190538709,0.8822755825916295,1.3350815471550422e-07,1.9606203799787228e-07,-0.1842148828862855,0.6479027190679477,2.8036136717077337e-07,3.4834156875472703e-07,-0.10643477234913323,0.7823858341220564,2.3817078328805543e-08,2.32678750338145e-08,0.009620806581067828,1.5606220901779388e-08,1.8036437272585996e-08,-0.05568442602870732,1.9067520377276758e-08,2.5880139869516966e-08,-0.12398379588215012,0.0,0.0,0.0,Normal
Train25.csv,0.0,0.0,0.0,0,0.0,0.0,0.07064840454221508,0.2140045166015625,0.333404541015625,13.72677732766053,1.7439290013419768,3.3805794839498895,1.0728798398546604,3.7454082845273216,3.9491827240506714,0.129273325455236,0.42724609375,90.27592005038662,0.05425546187933197,0.2124786376953125,0.3482818603515625,11.600803902555668,1.5976151484457288,4.2737649195324625,1.2086240149545402,5.5841134415006515,6.875833943968621,0.13577621362825426,0.3662109375,41.774363389486346,1.3511538242770402,6.7836761474609375,7.94525146484375,23.130058699862172,3.9519153257023016,5.191712833364073,1.650407836042818,9.22569847683,12.995624271489792,3.0711816038124296,17.0654296875,160.35207096278162,1.4906160954284426,7.45849609375,8.730697631835938,23.139425276675347,3.9219181309914055,4.814118679171802,1.6133540289916952,8.21369186036548,11.47472920997567,2.7986018774210515,12.31689453125,148.77891351739618,0.016392942662883103,0.13124446680547677,1.30214339853761,-0.006502888173018251,-0.024534613227996285,0.00152587890625,0.0035778174474147247,2.1259734251048616,0.08393906251612972,0.05228746183443783,0.0363980113201162,0.015889450514321633,0.08128721137003637,0.0738510005569991,0.04793280934040014,0.06843668789142238,0.06813560372693218,0.00220457706959907,0.08601347859101331,0.03893459360043095,0.3767875758064741,0.09226365822965753,0.04800674033771887,0.3155114349772542,0.05897496508386669,0.07474367327692168,-0.11792452575880957,0.04622751320794024,0.044246826020326896,0.02189225127904553,0.08872072495925794,0.06522662407975757,0.15261126287685234,0.08073700846250607,0.05589634132320297,0.1818052866317738,0.04707888499058236,0.015768708193054988,0.3767875758064741,0.11792452575880957,4,0,0.1558430430826486,2.7067485691904572e-06,3.54788991560386e-06,-0.13448280799254914,2.316030940456465e-07,3.0994455084856695e-07,-0.1420393279313998,0.7238851026885176,7.909981360233419e-07,1.1117446783308646e-06,-0.16768932022667948,0.7051498895455717,9.201646627501788e-07,1.212422139443586e-06,-0.1364040310498361,0.7527388723252454,1.8867685702450644e-07,2.3768614457078556e-07,-0.1123131140062446,0.7617578179492596,2.9749985241903366e-07,3.407344934413505e-07,-0.06669600476804827,0.8482195449327293,4.498234241614784e-08,4.937351961520644e-08,-0.04207887428249358,1.2717115999161905e-08,1.5248709614045944e-08,-0.06668085242437946,1.5911938406888036e-08,2.4160046729803578e-08,-0.16472501140905468,0.0,0.0,0.0,Normal
Train250.csv,1.8989182261698305,6.83610561421139,0.7111111111111111,64,0.08392112216521354,-0.11868238913561457,0.198738458382057,0.7587432861328125,1.393890380859375,1.4348977793732993,0.2617603909825653,3.835272853302587,1.257847325521088,4.858314134923633,5.789295480595188,0.4615661569035942,1.62353515625,13.451693462804865,0.1921097744782168,0.8174896240234375,1.4949798583984375,1.9669316534744512,0.2553931649458844,4.372496740802934,1.2825960109246624,5.64248648254427,6.801851067976807,0.3717641296523387,1.79443359375,13.564530477742014,1.3984377187806345,6.9065093994140625,8.193206787109375,11.623023822629712,2.9709750787345204,4.695395845925742,1.685113559712208,8.635768007341834,13.414998680211976,2.3476464244363986,12.79296875,39.694358134761245,1.4652493975307044,7.648468017578125,9.01641845703125,12.79720809765574,2.9429487863280492,4.991501223105647,1.595556224230181,8.41070330770106,11.886286140275024,2.670467440963245,12.9150390625,38.18919120264422,0.0066286839038401935,0.016959738274197417,1.0345046137126441,0.08980202725125552,0.10776282540356197,-0.058746337890625,-0.037270086888428616,-0.5320338741011519,-0.15639639877294198,0.14211462855435594,0.13111063105766255,0.011003997496693396,0.14928386974930768,0.11393823517328354,0.13428064198336315,0.3120523763562007,0.21720968071448737,0.1791979844061754,0.2535823883994799,0.3076149592243204,-0.09628087176608083,0.23681365335968402,0.18731002322682894,0.1167197958955714,0.1827756021220219,0.24144608314044327,-0.13830146282858555,0.2555156393504274,0.20251038991211298,0.11572540618794785,0.17575045421834667,0.23096362824323144,-0.13575426828884887,0.11330781822400789,0.13393739149024259,-0.08343770322466491,0.09484269564171333,0.05867048101842137,0.1791979844061754,0.13830146282858555,1,0,0.12741959208436665,0.00013490132567286353,0.00014668130742233852,-0.04183490160592476,6.586279989805399e-05,8.93829450138115e-05,-0.15149291338049528,0.7367784995547241,5.4277461585718584e-05,4.431261641338043e-05,0.10106325851414859,1.2245996734374398,1.297732348003946e-05,1.0986056753955098e-05,0.08306157524088821,1.1801797471963513,7.225162393516717e-07,8.098428840226152e-07,-0.05661887905839674,0.8812862237781418,4.281175419014318e-07,4.689234236843218e-07,-0.0449879149135653,0.8939164816954575,6.628788198551108e-05,8.97686636025534e-05,-0.15045365122016296,7.3527615771479114e-06,6.64697853587379e-06,0.05037802525816409,1.7679238845082033e-07,2.6922155134466315e-07,-0.20268933650426593,0.0,0.0,0.0,Normal
Train251.csv,13.945180723434692,50.20265060436489,5.222222222222222,470,0.19681247699289128,-0.47472955654245474,0.6165007358855198,4.68292236328125,8.02154541015625,5.941025165032375,0.29795389954211327,6.897306610850908,1.4010869532703372,9.901435814986693,12.499200242240502,2.010438029928467,22.5830078125,32.30343471818516,0.6588239896779969,5.558013916015625,9.2987060546875,8.571345146329728,0.5976431914415139,7.4293252675539065,1.4591739126028518,11.289810283038785,14.633700951261664,2.248158913611888,23.8037109375,35.25176932948526,1.373693470489143,9.278106689453125,10.601043701171875,30.39842024934737,4.233654222205087,6.911135842757526,1.5922017642908295,11.335250474545564,16.108482895518232,2.955773760197323,28.955078125,255.40900457681516,1.5048376728686454,9.70001220703125,10.988235473632812,30.257166865061315,4.308655454492124,6.642748090974729,1.5856334160528553,10.939529201148328,14.80186744317978,2.769630129061894,22.4365234375,145.41108300185599,-0.042323253792477145,-0.03318625649786063,0.9357593775983224,-0.23772088368342104,-0.05582140932256889,-0.875091552734375,-0.08545034633688335,-2.630319981297353,-0.18124675177462504,0.44879061059967834,0.43780402177468897,0.010986588824989374,0.519830434741605,0.35140161011695537,0.19332257540959402,0.650442691242516,0.4641480609418219,0.1671417318546585,1.4010713005713542,0.7626417558844504,0.2950620184277305,0.7844363086038842,1.3069831159795553,-0.24985270708252255,0.5356762128169791,0.5767746988441061,-0.036944089152049775,0.9860462446893666,1.617160931659226,-0.2424373635258348,0.20383816930806375,0.14051475442001382,0.183891027738576,0.2164950632673374,0.39597158203274324,-0.29303884091040117,0.6384295446869038,0.6311146869698593,0.2950620184277305,0.29303884091040117,4,3,0.2220894017234483,0.0017833393793516416,0.0017318183058745106,0.014656831383032618,0.0009297427515980855,0.000897394002830288,0.017704515901306398,1.0360358864745483,0.00045813655631231245,0.0003889153179300181,0.08171922321992178,1.1779550859549544,0.0002378231863583932,0.0002893098653851322,-0.09767117076938955,0.8220078010952048,0.00013020705764481898,0.00013119870427131703,-0.0037933696852456,0.992366004739847,1.3343144123879407e-05,1.3141528624180896e-05,0.007609661822045775,1.0145698272173624,0.0003219705668588591,0.0003721272325015143,-0.07226062823220689,7.880835194858884e-05,0.00010158386242126058,-0.12624850838016213,0.000461512908957268,0.0004047043386432646,0.06558160167711681,0.0007052768807198125,0.0006499508593691122,0.040823849361714286,Normal
Train252.csv,0.0,0.0,0.0,0,0.0,0.0,0.07040857146567314,0.2002716064453125,0.2773284912109375,10.550340300880935,1.320062369383551,3.269555255034148,1.0873379041515476,3.806616661793205,4.131167032159876,0.12647880565499842,0.37841796875,41.67600581854422,0.05239809772780935,0.193023681640625,0.304412841796875,10.975757390610326,1.3932209621832887,3.9851911163440525,1.181222159101445,5.035595720303966,5.923166419642163,0.1277673288002907,0.3173828125,46.618754512012984,1.1463966338650997,5.7464599609375,6.7211151123046875,18.71250696874026,3.1385138386665536,4.937401745745211,1.547865710524433,8.80640157472483,12.395644403624637,2.306543094598344,11.21826171875,122.3138732398209,1.2546407177169454,6.3861846923828125,7.314300537109375,17.602988392228653,2.8110685497819734,5.0294839962363636,1.616765841768069,9.994846058825985,14.49024961807791,1.9538743641481164,12.109375,138.99359481234467,0.01801047373786379,0.14665711878332127,1.3437235526027413,-0.0012885231452922918,-0.005068014494587104,0.0072479248046875,0.018428709521728842,-0.4254170897293914,-0.01976285231205282,0.06141728680248854,0.0417634280238595,0.01965385877862904,0.07621233428034847,0.06912249634573543,0.04878278260099868,0.06230951129093548,0.062309989584014465,-3.838027252914191e-06,0.08636737725121864,0.03867086544067729,0.3814553609291814,0.09039797051602295,0.05171345663497511,0.2722125302268549,0.05699579103305929,0.06808159110136949,-0.08863152548300317,0.05206044806916652,0.045577203458166876,0.06640106399091379,0.09138024930318003,0.06959362232828613,0.1353426205176082,0.0811957774432064,0.053951487702229434,0.20158963406149777,0.047696511810541346,0.011085800068310205,0.3814553609291814,0.08863152548300317,3,0,0.1431277189031487,2.1522911241743724e-06,2.633581551399866e-06,-0.10056482064010304,1.5761695752860222e-07,2.0292074829313717e-07,-0.12226499504028879,0.7402611478314183,6.079051153704831e-07,8.133675508366026e-07,-0.14355226667648244,0.7383156097818117,7.055724575180654e-07,8.479444126899578e-07,-0.09105879052840031,0.8223988023954224,1.715364981806947e-07,1.8002991860314423e-07,-0.023490623100450442,0.9026815326850139,2.2817434852413928e-07,2.673245085604707e-07,-0.07744856291490786,0.8227702257854566,3.2881324989627224e-08,3.773231668069954e-08,-0.06017581628318777,2.6668392154260304e-08,2.7932446125458495e-08,-0.019567145022559813,2.956978045833312e-08,3.260276823777319e-08,-0.042024119062372786,0.0,0.0,0.0,Normal
Train253.csv,2.3439771854283844,8.438317867542183,0.8777777777777778,79,0.05139098198663605,0.0,0.1949603879412215,0.882720947265625,1.6147613525390625,2.725688260775791,0.1628856624029619,4.482378122001559,1.301940203169882,5.915575451743502,7.179163429735277,0.37876738136998117,1.806640625,13.083441546115377,0.1826565752939787,0.89263916015625,1.617431640625,2.933988411632164,0.17878157346936524,4.858308989806794,1.330778581965912,6.5813500913254845,8.129717741893627,0.3693902922303228,1.953125,18.367425211014208,1.2465869055404255,7.0587158203125,8.40606689453125,31.83243889290692,4.849363346771821,6.057508977760955,1.7688999464287445,12.156233900512351,18.80793594315081,2.9715848889431644,17.76123046875,103.33877362602279,1.401553967410086,7.8220367431640625,9.20562744140625,34.423913672333725,5.037953324497629,6.025665836749074,1.632620449613246,10.246602059747286,13.92166652822587,2.6267951719310703,13.037109375,106.10379792403822,0.012303812647242812,0.03258278498932656,1.0673603014500699,0.009377089139658346,0.01253357326297001,-0.009918212890625,-0.005586592147303575,-0.2083001508563731,-0.03680424917271955,0.15639534276412767,0.1303243244555643,0.02607101830856337,0.1856637084944721,0.11614505920095149,0.23034005115542655,0.21750847131301812,0.1533432475630445,0.17302123396980962,0.23246513893665222,0.2305762153552097,0.004079384104984416,0.23248903121761902,0.17179390771583608,0.15013030765186522,0.18107071551473825,0.26785911647319305,-0.19332285992426398,0.2621757232899209,0.2052107699890185,0.12187975669230083,0.1624153650400307,0.16299751305876975,-0.0017889519439140756,0.14699261551996665,0.20601527121798852,-0.167199250338118,0.06951864929352063,0.0867884009584548,0.23034005115542655,0.19332285992426398,3,2,0.14712394169116585,0.00013666673610227055,0.00013240027160925965,0.015856512953029984,6.89948225699478e-05,7.246106157104152e-05,-0.024502296240124993,0.9520327296753333,5.5856466286978974e-05,4.262546000355871e-05,0.13433594794755674,1.3100941395335415,1.0264631539328725e-05,1.5596699872079156e-05,-0.20609949476350767,0.6577067300238438,4.885790201118704e-07,5.291036909069803e-07,-0.039433056876994194,0.906280235792658,3.093159321177983e-07,3.6412524088099347e-07,-0.0801960884544076,0.8267710871082057,6.976109971452675e-05,7.342287446637875e-05,-0.025572128804986258,2.2312160526931716e-05,1.9550459710162025e-05,0.06595481250354569,1.8708576121868177e-06,1.3086403327207918e-06,0.17627140358051296,2.925119244874247e-07,3.318736123236079e-07,-0.06204695024109303,Normal
Train254.csv,2.314306588144481,8.331503717320132,0.8666666666666667,78,0.059341194567807065,0.11868238913561413,0.18421404836531324,0.7785797119140625,1.3996124267578125,1.8568976626721831,0.24251066372978414,4.18551200096484,1.2738235034677374,5.397983666257927,6.50161944661673,0.32655665835033576,1.66015625,14.897977156813496,0.1731810427604213,0.8014678955078125,1.4400482177734375,2.058908527507911,0.16460478321004507,4.64644262851702,1.312819759756993,6.169962666536623,7.563775722682021,0.34231382241793745,1.62353515625,6.872807932491659,1.3744320745120446,7.4737548828125,8.857345581054688,14.442337316280113,3.2285542245803915,5.619835457390192,1.6709771616259128,9.939704225651829,14.26274144466683,2.537349017119166,17.5048828125,47.25098582380918,1.4903720918111907,8.3465576171875,9.883499145507812,19.017528330076434,3.5093223351950207,5.5997903490641985,1.6999345625064046,9.904273996885493,14.113784504421949,2.762630600776482,12.85400390625,110.7764071586883,0.011033005604891954,0.03087061230033607,1.0637078677432168,-0.015757164067601692,-0.02355786999887349,-0.02288818359375,-0.014485755581908405,-0.20201086483572772,-0.051588575764152204,0.13402921136748167,0.11619986884480807,0.017829342522673597,0.17894553332095542,0.11541504355550546,0.2158253944238562,0.2349407996016749,0.1799184724500086,0.13262889257184698,0.20320256292902653,0.21231079759552532,-0.021920437012653497,0.24958762042742458,0.20387427894200483,0.10080966127670428,0.1879810480484967,0.24146870882229696,-0.1245492835251505,0.2146612345774429,0.17480266292827448,0.10234214488433255,0.1427772385786606,0.15182919290262634,-0.030725581825204976,0.1299018128917207,0.16777840630275515,-0.12723919728740027,0.06353048976544996,0.053487660773800266,0.2158253944238562,0.12723919728740027,1,0,0.11741896469482327,0.00014217136163271216,0.00013294194965622294,0.03354767507703806,7.609718028727008e-05,7.930052978306165e-05,-0.02061255194058163,0.9594839486688458,5.6279079197420914e-05,4.150236607718598e-05,0.15110435354279345,1.3557184163576332,8.425840385471388e-06,1.0734201795555185e-05,-0.12041504073311231,0.784222089811931,5.155551760752627e-07,5.544670912516957e-07,-0.036028808251092385,0.9133485088245415,3.2831690124451046e-07,3.7118662010755476e-07,-0.06042213685049742,0.8613022701370612,8.188780881312276e-05,8.401090231904022e-05,-0.012796757273499694,1.6573048217055293e-05,1.6768237606081904e-05,-0.005852529646434197,8.014742392623203e-07,5.936530816984066e-07,0.14790201177059192,1.3114141811949346e-07,1.1132010729411715e-07,0.07851220415824875,Normal
Train255.csv,18.603464497007558,66.9724721892272,6.966666666666667,627,0.05139098198663605,0.11868238913561413,0.7316336500307443,5.6034088134765625,9.914779663085938,10.086967485027897,0.4666817298737933,7.435231519680063,1.51526337592171,11.680446300809038,15.260181276706408,1.4013722436262093,13.19580078125,30.560480495329287,0.7801255670523363,6.15692138671875,10.885238647460938,9.237551606293056,0.48416705704558943,7.535237607418395,1.5471565278034067,12.163324376800707,16.347474417557294,1.3321151259518922,13.8671875,31.475034170881074,1.566106518741755,9.864425659179688,11.269378662109375,13.585404418194152,3.226263267914895,6.704240242535466,1.7351578158803433,12.154991847827024,17.867804988827537,3.5884315838790344,23.37646484375,51.83612501608382,1.7317407428213394,10.857772827148438,12.253570556640625,17.419473060309073,3.314680340337481,6.5685608008195615,1.650797538949753,11.344774544720604,15.719910672531858,2.750193591781391,20.71533203125,182.27599992374624,-0.048491917021591946,-0.032076481593670485,0.9378408701778294,0.06925711767431708,0.025336541954331805,-0.5535125732421875,-0.04706607411094071,0.84941587873484,0.04395534368960194,0.4671672307110265,0.45048634778696606,0.016680882924060447,0.5118810818442454,0.8848466183472612,-0.26702809272100586,0.5189412682159956,0.8567848880778377,-0.24557475763653105,0.7283788174173532,0.6245695211162273,0.0767282035664123,0.9179259188785022,0.8144938461040206,0.05970381674702656,1.0612555414089977,1.009334568123291,0.025075447234064234,0.9945144662392265,1.0224180677110883,-0.01383467263471815,0.9104165904127274,0.7387231029335612,0.10411094168115707,0.4703109539995099,0.587955556813232,-0.11116727261046848,0.17169348747916613,0.3729655365030158,0.10411094168115707,0.26702809272100586,0,2,0.13591514806556784,0.0025373910705862525,0.0024793382833156845,0.011571839574206936,0.001580225174764315,0.0014895140189052592,0.029550021886517622,1.060892711166697,0.00040839133850840764,0.00041481553147196227,-0.007803767388425628,0.9844893998189466,0.00026248232893506075,0.0002594378409332744,0.00583313281651137,1.0116959462482742,0.00025949582848538343,0.00028729901465730605,-0.050846634810561356,0.9031941750762768,1.7533746846060063e-05,1.87402645240976e-05,-0.03325204773334009,0.9351199724956367,0.00041361227137046494,0.00044197072474838893,-0.03314479373553054,0.0001247904620521165,0.0001204108541355978,0.01786054569017527,0.0002864236728951995,0.00029067971804191397,-0.0073747121684414624,0.0015352028909522714,0.001414588646557211,0.040888935361019244,Normal
Train256.csv,15.72541656046891,56.611499617688075,5.888888888888889,530,0.13269094491965866,0.35604716740684417,0.3213504323661213,1.5384674072265625,2.9010772705078125,1.9076667259352238,0.12426740506819535,4.7284543141527795,1.3020810907901872,6.239931046797091,7.578996387711875,0.623944308856235,3.7353515625,11.921751395494807,0.3517799844516888,2.0099639892578125,3.653717041015625,3.1887101986183226,0.19609595839130461,5.324299086041398,1.3423764228341306,7.4426130096839005,9.319654993182091,0.9016920766816756,8.99658203125,36.59904556129665,1.3456081898925578,6.6219329833984375,7.6885223388671875,12.564008949759517,3.170367503597177,4.7368149331510905,1.6082350145483555,8.199602088622367,11.747347734459403,2.983155235954104,17.05322265625,33.94295609606826,1.507895158649827,7.5305938720703125,8.6883544921875,16.643604163790854,3.464855131943884,4.971488595853447,1.5980805239705513,8.42155546308474,11.488764048599066,2.813503163300338,12.4755859375,95.96889983420452,-0.03042955208556747,-0.045206026756837644,0.9134983155224694,-0.27774776782544064,-0.18205371124979752,-0.47149658203125,-0.1328746502383112,-1.2810434726830988,-0.25136356457419706,0.23881426435405198,0.23329206947899,0.005522194875061975,0.3355320546404448,0.6498237120925144,-0.31896261723266445,0.2292996836917557,0.2535436976191336,-0.05021092628306854,0.3342308674096347,0.3651218904074209,-0.04417087401285154,0.4462657813880021,0.40289025550604907,0.05108074780908318,0.2915537614218134,0.2829052443731384,0.015055063652725381,0.2643811047527803,0.2664814073928041,-0.003956396529058083,0.30501493563978893,0.3043453545203462,0.0010988262925345602,0.4588932393275027,0.36607460027244465,0.11251182588517686,0.09281863905505805,0.31429165745206966,0.11251182588517686,0.31896261723266445,0,1,0.11972208178783664,0.00036195928205262824,0.00039083860036784334,-0.03836264552493083,0.0001456539084248982,0.00023648525901623715,-0.23768559068058218,0.6158851092016943,0.00010202362522954703,5.216423093134902e-05,0.32334687095891124,1.9554409026898731,8.205234488353237e-05,6.715470720429326e-05,0.09983870791436569,1.2216586403623522,2.8866707144738285e-05,3.02443028053548e-05,-0.023301287677247224,0.9541355928925613,2.1791100204410072e-06,2.8893562364325127e-06,-0.1398544718162128,0.7515840906539564,0.00010114071688524721,8.723164024983766e-05,0.07383428494546147,1.4121220849685613e-05,1.4621647261962765e-05,-0.017404399809228723,9.21863782710285e-05,4.1844385820734344e-05,0.37557225812164563,0.0001226221575689106,0.0002072631775090827,-0.2565693143862171,Normal
Train257.csv,0.0,0.0,0.0,0,0.0,0.0,0.07096344528758328,0.2079010009765625,0.304412841796875,10.707121419423274,1.451188481674686,3.364234768264444,1.0883358503396137,3.865076459134999,4.181970448877862,0.1266462872867237,0.32958984375,36.94900826784263,0.053839119384964156,0.20294189453125,0.327301025390625,10.622292046395827,1.4189439353806717,4.197108815276467,1.2072207989910864,5.549640099549411,6.975246340816232,0.1351480999732945,0.390625,41.53468945211732,1.2084707231770198,6.1595916748046875,7.309722900390625,15.870055155684199,3.628928831862286,5.063388982921152,1.6042249052677964,8.559186648463916,12.090308063901608,2.2011140919017067,12.59765625,33.611217343561925,1.362768042576396,7.1887969970703125,8.490753173828125,16.636598576849835,3.6348144681030945,5.156411547187895,1.6647848316847074,9.405431143584694,13.101921364974519,2.312573289998576,11.5966796875,65.64884802651774,0.01712432590261912,0.13721131913784088,1.3180645024954933,-0.008501812686570798,-0.03247515139954148,0.0049591064453125,0.01207056609431509,0.08482937302744631,0.003977107627624939,0.05872169125769666,0.0395071775297183,0.01921451372797836,0.07737794370705882,0.06870642169558597,0.05935968160572946,0.06286982553701463,0.060966605791546793,0.01536881813664394,0.08758934092099822,0.039461765665031456,0.37880481926641163,0.08805251576481313,0.04674699312372774,0.30642188474900206,0.06133708281001029,0.07393413481386124,-0.09312440069574655,0.053520698028468656,0.05115055630223837,0.02264367151180922,0.09209145294757576,0.07338608910437758,0.11303867872861356,0.08101082959600643,0.054300917330873846,0.19739535478477366,0.04812757525596677,0.012597052003850952,0.37880481926641163,0.09312440069574655,3,0,0.14878577960421777,2.0885795127791166e-06,3.1626690222213702e-06,-0.20453983510459656,1.307198395297417e-07,1.825586099927672e-07,-0.1603533131874171,0.6788574114377526,5.724415526219422e-07,9.298896626038012e-07,-0.23635570461230165,0.6090518657648518,6.621956263789085e-07,1.212384427038578e-06,-0.29194238772821585,0.5417245276784027,1.4704549391243503e-07,2.1353347032736955e-07,-0.17941648833555923,0.6578231604291015,3.0390074844852314e-07,3.0192453910785333e-07,0.003209042208239766,0.9742765007130272,4.195975799847266e-08,4.0293684253099554e-08,0.018059746115811896,1.9089016240290123e-08,2.1786416249503922e-08,-0.053019696879332,1.5773295816455233e-08,1.6436883451517665e-08,-0.01572103332823159,0.0,0.0,0.0,Normal
Train258.csv,14.09353370985421,50.736721355475154,5.277777777777778,475,0.051390981986636046,-0.11868238913561413,0.44979900087706565,2.696990966796875,5.001068115234375,4.95247047813592,0.26326560053312914,5.956780710426577,1.3839977063912654,8.441184880533964,10.57454858123143,1.0128306240518752,5.8837890625,27.386676366983792,0.48856559449405224,2.808380126953125,5.2173614501953125,3.8095182821758105,0.18375062320865573,5.980901510981362,1.3898434750278248,8.447599132611018,10.613322911291466,0.9107688593941907,5.43212890625,15.157310262109615,1.62198721619069,8.767318725585938,10.154342651367188,12.48186759625797,3.1023057121916238,5.720980987243025,1.6751957940057316,9.795220080887667,14.38466559740956,3.0918645218794434,16.9189453125,86.38876930268103,1.678707041111621,9.333038330078125,10.754776000976562,13.277211040380703,3.2705960105424525,5.7539009811313395,1.6874373081084846,9.85267306660883,13.921964621263577,2.6956048889789717,16.6015625,43.26497340395998,-0.03876659361698659,-0.041312932515879176,0.9206522046161386,0.10206176465768446,0.05305769990344723,-0.11138916015625,-0.020232815927772232,1.1429521959601097,0.13044438037090134,0.2773135285001219,0.29103683943576075,-0.013723310935638833,0.3158296641496908,0.540717693607154,-0.2625517722929995,0.2644370878532406,0.4665980214766615,-0.27654065896140556,0.5207166807351855,0.4579950993772337,0.06408585447892409,0.5808154791822577,0.6393980861273334,-0.04801012554725279,0.7195402470998493,0.6647772560756389,0.039559559496281704,0.5647463647299863,0.6956970940681375,-0.10389258430052181,0.43090976358190586,0.21620484871634485,0.331788075044617,0.43289579887857527,0.3271897076438453,0.1390713136047658,0.214704914865561,0.22488802945746322,0.331788075044617,0.27654065896140556,1,2,0.19101919833235373,0.0008271834609142532,0.0008077687068007568,0.011874814748024244,0.0003531995913525407,0.0003605504555128348,-0.010298789057438742,0.9795849377053162,0.00027009930689051587,0.00023895424989545488,0.06118107764715817,1.1302916942960395,0.00014352525117919903,0.00015696923558679272,-0.0447380488467141,0.9142944966109542,4.2861227122414295e-05,4.155824759144688e-05,0.015432756574446604,1.031104980505203,1.3789853112235013e-05,6.9987047179532344e-06,0.3265201582594686,1.9675323283218715,0.00016415686971144608,0.0001796767456490904,-0.0451364377418234,6.152150657741594e-05,7.029905690175758e-05,-0.06658205876309031,0.0002710421648071137,0.00023066790084115912,0.08047169473636051,0.00028851346964288383,0.0002840293148179165,0.007831862749895203,Normal
Train259.csv,4.480260189869444,16.12893668353,1.6777777777777778,151,0.051390981986636435,0.0,0.21659017427663227,1.6681671142578125,2.9476165771484375,14.11328940198715,0.7133322518076362,7.139193330184928,1.5237834614970525,11.639212472160452,15.589181863565639,0.38924168746172216,4.60205078125,48.41827151391394,0.20965178482017527,1.657867431640625,2.9216766357421875,11.856540464482878,0.416173877997168,7.362087290208347,1.522263516223795,11.66152630316655,15.533514681914731,0.5942530257966872,6.4208984375,41.81228683559059,1.2361372153383594,6.6799163818359375,7.71026611328125,38.5434737182551,4.749219358110096,5.864969830093057,1.649592166814418,10.345532870750695,15.277397873907859,3.0315934384840295,17.5048828125,222.49984466370162,1.3920766578763188,7.3726654052734375,8.546829223632812,30.649723576262,4.42522964042444,5.479952909600495,1.6640205778932815,9.569600257940296,15.07399609175789,2.5572378890345298,12.8173828125,194.4119133696356,0.006938389456457,0.016278053217422997,1.033094777282533,-0.205011338334965,-0.20845189454168436,0.0102996826171875,0.003096685390391358,2.2567489375042715,0.08689887258556897,0.17521531577317115,0.15060361951185444,0.024611696261316707,0.22799362161983527,0.22503196932912503,0.006537494314904985,0.20373223395502169,0.12320030576858414,0.2463258193609678,0.2222231869668351,0.2395620397075169,-0.03754743842733339,0.2738183298685416,0.1817022649712022,0.2022215107695219,0.27522971139292357,0.36227569566903,-0.13654156019139707,0.23212492429457804,0.27753558039242543,-0.08909981210872361,0.2609317033660648,0.20284951308706556,0.12523618241987858,0.14075303871489392,0.16526226322389956,-0.08009149723170637,0.0921160648973394,0.08704598427610644,0.2463258193609678,0.13654156019139707,2,0,0.13448052114624576,0.00017636512362115273,0.00016431577417877916,0.035368432806730646,0.00011596315760582423,9.477374862828763e-05,0.10054434181822806,1.223449792649536,4.0723964199981104e-05,4.906813006751406e-05,-0.0929172747650855,0.8297782361300116,1.3196215441985997e-05,1.3177808031758436e-05,0.000697672598945281,1.0006375138466768,4.136902326820421e-06,5.120491721081338e-06,-0.10613440943342779,0.8063364199228255,7.115799788519111e-07,7.210714567224198e-07,-0.006579189980655319,0.9733384778036692,3.571239118892662e-05,4.058266634764706e-05,-0.06382637423982118,8.073391588901803e-05,7.048334892378998e-05,0.06778253232257028,3.541806961906648e-05,2.7138192694150346e-05,0.13233772673626773,3.9529262469800845e-06,4.992657435950649e-06,-0.11609865149853756,Normal
Train26.csv,12.936380415781969,46.57096949681509,4.844444444444444,436,0.08392112216521401,-0.23736477827123004,0.8329576981097856,3.9154052734375,7.294464111328125,1.9059275771039974,0.1125326907584098,4.749229709189016,1.3403394495690457,6.402919372516666,7.872624681064876,1.8911143607509062,7.16552734375,5.103654169382317,0.9463596083568483,4.369354248046875,8.082199096679688,1.795592657020888,0.045280409052719336,4.836107727376841,1.3394612733366178,6.520764732007988,8.006609787689191,1.9508586055464914,8.45947265625,8.046991525197502,1.410912599545029,8.283615112304688,9.503936767578125,13.814781585805257,3.136157816566308,6.187613484878421,1.6193585938337902,10.664867132373665,15.326173216782017,3.3424815263037932,17.32177734375,60.47404764404097,1.549878629508253,8.884429931640625,10.213851928710938,13.48178586097334,3.054658630862739,6.182721554750289,1.5222765803363596,9.488072803212365,12.538214766489805,2.692554931894922,18.78662109375,47.501426472321576,-0.1134019102470627,-0.0637333820098239,0.8801703728187801,-0.059744244795585155,-0.01555040734647804,-0.453948974609375,-0.05479325898165704,0.11033492008310941,0.029808001255223402,0.59036803022009,0.6106023944281923,-0.020234364208102318,0.7776582000421315,0.6794402780027763,0.06740650878798257,0.647833390508625,0.6339314187732358,0.010845961385629321,0.7733992485259082,1.043592716404437,-0.1487037210986508,1.4886674129686472,0.9356754748171959,0.22809972081775226,0.8005481846012152,1.5592027886825,-0.3214977383018516,1.2867780890039295,0.6009738847674748,0.36329147585708566,0.5294657856470365,0.9710270880254956,-0.2942775052006349,0.5778410188312175,1.3545918156426122,-0.40195487208399805,0.6858042042364547,0.7767507968113947,0.36329147585708566,0.40195487208399805,2,3,0.2577455028531263,0.002812998627805102,0.003099832246160897,-0.04851037083078331,0.0008801552115819752,0.0009629809637156175,-0.04493715867124283,0.9139807586417761,0.0013371455328681093,0.0015705794874097624,-0.0802803394785765,0.8513653908847614,0.0005054113640064261,0.00047029655935760227,0.03598868464746132,1.074642387928363,7.238999731907395e-05,7.72568135230379e-05,-0.032519844413218466,0.936883430523379,1.2055424569029269e-05,1.2355071809790264e-05,-0.012270317364264819,0.9749579100288098,0.0005344775387943777,0.0004985987927477738,0.03472966871320954,0.00023358754151398144,0.00027528482981795723,-0.08193895220783169,0.0017077114550189108,0.001950949332479288,-0.06648258113070168,0.00025654002720199476,0.00028627378736335396,-0.05477607902145504,Side II
Train260.csv,8.871508587887178,31.93743091639384,3.3222222222222224,299,0.33959550785758347,0.8307767239493007,0.20440627108702697,1.023101806640625,1.869964599609375,3.0312900887178635,0.21507357420509282,4.632761686613397,1.2988900693003864,6.221071328444776,7.631250844777309,0.5282481174182699,5.2490234375,27.523720814648037,0.20931787307801272,1.065826416015625,2.0030975341796875,2.8327711768037687,0.10056681895790476,4.808892728756124,1.3202222204568181,6.501459115780968,8.017246745851056,1.0678907897556151,6.33544921875,25.59626308293654,1.4907377661448042,7.7953338623046875,9.145736694335938,17.971562093723037,3.613639048400457,5.500495127206028,1.7310512775406464,9.790951830296931,14.453283804825942,2.6060837158608265,16.83349609375,189.03766793992634,1.6244985331009456,8.758926391601562,10.21881103515625,14.090179605258765,3.495125336638721,5.463073296537917,1.7079013359276485,9.46064116683642,13.66261401228672,2.794176064822085,12.060546875,36.00493062486113,-0.004911601990985753,-0.011871682959623514,0.9765351535245788,-0.5396426723373452,-0.33809254729082955,-0.042724609375,-0.02045288521983928,0.19851891191409488,0.03385348525309122,0.13711752285210205,0.12885076072672466,0.008266762125377386,0.35014274870731354,0.570381882118148,-0.239253925037074,0.18899558554078139,0.21450050851955024,-0.0632098370272128,0.31519554589187615,0.21740549591249508,0.1836084432204617,0.22000645083484938,0.2261592713238935,-0.013790437152746148,0.1942531658624049,0.18550821202665463,0.023027495987309157,0.1543929489025703,0.1784142914024021,-0.07217794227084749,0.1540896315603526,0.13935657492761985,0.0502070083201656,0.12189078289931786,0.09651105797491605,0.1162065468896445,0.09779004997938107,0.22023913341083445,0.1836084432204617,0.239253925037074,1,1,0.12086935542088018,0.0001799904020281763,0.0002407135521561696,-0.1443370083024828,7.824230484379317e-05,8.829928771302784e-05,-0.06038358874175052,0.8860031245869788,3.676378544553497e-05,5.9995323219453823e-05,-0.2400718379492945,0.6126754006653877,2.1490383663779714e-05,4.745491049552283e-05,-0.37654145556625584,0.45276359819127465,4.184330529344144e-05,4.2921995232898214e-05,-0.012724106346536942,0.9746415247287988,9.690343564857896e-07,1.0810610258003772e-06,-0.05437936043051917,0.8881577964669102,2.2561429832033698e-05,4.240523820423021e-05,-0.3053989835416238,1.196871743121077e-05,1.8647845638555954e-05,-0.2180828515472095,8.511547413143076e-05,0.00010290696086968043,-0.09461924342012874,6.491110847889156e-06,5.224134718196321e-06,0.10805540255442352,Normal
Train261.csv,12.669345040226839,45.60964214481662,4.7444444444444445,427,0.1755336207437914,0.47472955654245474,0.267540721454423,1.4957427978515625,2.6630401611328125,2.9337150081928733,0.180584756737179,5.162581580305131,1.3088406501952763,6.986503207618663,8.5962034628626,0.6836101639003186,5.9326171875,20.24275584706976,0.3076811308490196,1.772308349609375,3.1620025634765625,2.824101136639364,0.14876764913089355,5.260638030717374,1.3489956711440152,7.395438361727139,9.35437854635312,0.9273277917660253,7.97119140625,29.299405597789338,1.2077703638034418,6.259918212890625,7.3497772216796875,21.29854004669205,3.7827929385211703,5.4424835617546865,1.6078633709295105,9.562619481891513,14.330722228247463,2.9518798191064333,17.1630859375,63.27306260494416,1.2961166328970977,7.1506500244140625,8.244705200195312,19.482264650950402,3.4557274160468046,5.5341714834541165,1.6238897764511737,9.795652098761256,13.916200923467967,2.498130734298458,16.83349609375,66.3470350531028,-0.04014040939459662,-0.06978248224755693,0.8695389022420009,-0.24371762786570672,-0.15128926939461387,-0.2765655517578125,-0.08462705705399236,0.10961387155350932,0.01903740387082628,0.22151621471877883,0.23738691462312106,-0.015870699904342228,0.28675639583610296,0.6104809280627812,-0.3608014512948933,0.47205050722431724,0.5689923147527262,-0.09311990299602452,0.2627830288019672,0.2779049098965793,-0.02796785304908489,0.3621506633490581,0.331640350018175,0.04397622958971837,0.2576002851469634,0.2564487149084785,0.002240195420978914,0.1808252182874149,0.1807268806738022,0.0002719873876417315,0.22269524684517614,0.21589179602854322,0.015512201675939138,0.16124641575267443,0.1404780441239141,0.06883224167153237,0.03051031333088311,0.32372453222667824,0.06883224167153237,0.3608014512948933,0,1,0.12803497630593536,0.0002746988274026408,0.0005366197279405815,-0.32283361302779157,0.00014511757020931637,0.0003681761675077096,-0.4345547887308799,0.39414183099716177,3.505830852754651e-05,4.5093434732927733e-05,-0.1251859777147498,0.7772868903474487,5.407765644207928e-05,6.958606957991424e-05,-0.12539779981300977,0.7770217020658643,3.657737390037935e-05,4.96358160370777e-05,-0.15144930437125367,0.7367664955504356,2.4925751084890616e-06,2.253323645313987e-06,0.050306256621581266,1.101289739825641,5.768319716575547e-05,7.344715101553614e-05,-0.12020674085742242,1.0111153717547013e-05,8.867824055346036e-06,0.06547638725323285,7.355042531685208e-05,0.00015963237372002717,-0.36914496827820703,9.306310395213985e-05,0.00024064334093938512,-0.44223243788665095,Normal
Train262.csv,14.123204307138113,50.84353550569721,5.288888888888889,476,0.0,0.0,0.42961112902048215,2.625274658203125,4.7985076904296875,4.595298199853813,0.17628268637993535,5.951774521185092,1.384826890190959,8.469612338373834,10.607946440980676,0.9822024257665494,7.373046875,32.477975221098205,0.48669257493869844,3.015899658203125,5.4218292236328125,5.391665831480537,0.298249467988153,6.2275558212177415,1.4023722429393557,9.010895575585913,11.37111746964559,1.0518830347915922,7.9833984375,34.28938408736791,1.39866843781649,6.9576263427734375,8.19091796875,14.918677429491938,3.2496813573818555,5.136812807369813,1.585368781336876,8.743264340965844,12.376867819194112,3.4984625181229556,13.29345703125,102.43536068625534,1.55522691773227,8.864974975585938,10.16387939453125,14.715967093869772,3.2698430671072387,6.267038220891045,1.6155661369020031,10.742653030429974,14.930164312759548,2.7815876712909433,15.673828125,63.5964606632529,-0.05708144591821629,-0.062295334012756325,0.8827155833380819,-0.0696806090250428,-0.03425648038571499,-0.390625,-0.06924533393188904,-0.7963676316267234,-0.07974071282630966,0.3071572320739508,0.3129399100929674,-0.005782678019016607,0.32807568338445514,0.5932670373246517,-0.2878313846749443,0.27099203158246626,0.5393307509068962,-0.3311504030388637,0.5339689274850844,0.41756445056732056,0.12233357061281906,0.7035558201915918,0.7613648790830722,-0.03946224428768145,0.3624224921104274,0.21212318754798706,0.26159678380286516,0.22377387016719893,0.5089681862857095,-0.3892151538386383,0.6120160105280714,0.4518423341944861,0.15055921272090478,0.5361664766676039,0.550016504684893,-0.012751100070203972,0.1601736763335853,0.28519431611851054,0.26159678380286516,0.3892151538386383,2,3,0.2283659814084457,0.0007303304486962502,0.000808747952490064,-0.05095094813452642,0.00033630251339784184,0.00043907800966852805,-0.13254675316929182,0.76591140270881,0.0001942948477725013,0.00018472219764751203,0.025255849788717546,1.0517649345742954,0.00013042103240398076,0.00012266791410194745,0.030632756117978197,1.063117459721386,5.36498837304748e-05,5.182934183198697e-05,0.0172580838353947,1.034926020171241,1.1378411766099064e-05,6.9845358152448355e-06,0.23914921279783213,1.6267572383144306,0.000162347003083467,0.00015370564662393657,0.027340644228383813,4.757831040976702e-05,5.455827721511746e-05,-0.06833284368718368,0.00019795324476158603,0.00017708737803904392,0.055634800888289745,0.0002717888383219006,0.00037224670158073926,-0.15597944094764613,Normal
Train263.csv,19.43424122095686,69.9632683954447,7.277777777777778,655,0.05139098198663605,0.0,0.7040188808556396,3.664398193359375,6.66656494140625,1.4414285870940806,0.025995048824519338,5.04750216981913,1.3060809591737579,6.614370895775929,8.001134465308498,1.2729596195008217,12.58544921875,6.8302399069921265,0.705112658125886,3.614044189453125,6.6524505615234375,1.4939923922988958,-0.047437422219411454,5.051732117940389,1.3136344823566852,6.684578669477434,8.118889968768766,1.162093731430291,9.11865234375,6.9849352993638405,1.2668574110448247,6.841278076171875,8.020401000976562,16.964098655349282,3.418166163570541,6.090366669900108,1.5491939430259771,9.574938647791008,12.849518800327829,3.3836570923186757,17.3095703125,82.86583028140967,1.4564129636588843,7.674407958984375,8.976364135742188,18.759292678751052,3.523735874769259,5.406735363422254,1.557832415838774,8.909908809347238,12.39518580843116,2.584315468357336,13.07373046875,91.95035396962523,-0.0010937772702463988,-0.000776206643756536,0.998448776600265,0.11086588807053066,0.04552914110602402,0.05035400390625,0.006918238984205583,-0.052563805204815184,-0.017906734807290794,0.5557206905533291,0.4841433514248788,0.07157733912845027,0.45967573082754226,0.7326135384599183,-0.22891911583360872,0.4737439526597209,0.781464880955954,-0.24515516271366586,0.9989795880282425,0.7371077141796135,0.15084026708057408,0.5430722858321269,0.7936176149287842,-0.18743713637670417,0.9251443547297665,0.603881046317012,0.21010985565819737,0.7525989879883169,1.1345798731063046,-0.20240841552895678,0.8252479694427278,0.39458531774047395,0.35305041491876443,0.8563348292180645,0.565734896205597,0.2043499877492943,0.4306626517022539,0.38198088511798767,0.35305041491876443,0.24515516271366586,4,4,0.2295481907969429,0.0018538077690822092,0.0016661304414009985,0.05331835857864304,0.0005902935455941243,0.0005017043298858839,0.0811250703382517,1.1765530909360074,0.00031842961130849114,0.0003055311096283312,0.020671645715674408,1.0421825452419082,0.0006240410283093564,0.0005300876800563588,0.08140559498783077,1.1772189386737357,0.00028541153381435655,0.0002955181771950613,-0.017397060640154612,0.9657675844086187,3.1905688475628735e-05,2.9884091688018994e-05,0.032712038493607744,1.0672907813558339,0.000726315684758635,0.0006654915696151856,0.04370122223467784,0.00027658705757823776,0.0002363057394667476,0.07853596888838411,0.00011677098637579804,0.0001086396632814374,0.03607177561915808,0.0006704618644955449,0.0005900012428291462,0.06383366784966445,Normal
Train264.csv,3.7681658550557575,13.565397078200727,1.4111111111111112,127,0.35973687390645304,0.9494591130849148,0.10000882134621718,0.43487548828125,0.7472991943359375,4.627132111159499,0.47454132999424337,3.8106190261751025,1.209570240009589,4.983145550983148,6.26216858368117,0.4262954336994287,4.39453125,28.33332027225219,0.09153145169444973,0.4764556884765625,0.852203369140625,4.934912549853857,0.479372175946113,4.673007488327192,1.2788407795345056,6.3186718629815575,8.136911787091957,0.5848271084699959,4.89501953125,29.79525440978906,1.189959772331586,5.9612274169921875,7.0125579833984375,27.427521498137548,3.9505800116664362,4.824505369973732,1.5731418289232597,8.306434265180139,12.382856911568698,2.9288096066269302,17.19970703125,224.91501394919314,1.286780913018403,6.874847412109375,8.050918579101562,33.055727600462525,4.305733080802093,5.565932119673961,1.6153924381439753,9.802076286336238,13.998393197627255,2.4818938959651686,12.2314453125,261.5691041399037,0.008477369651767444,0.044258938731794456,1.09261689363234,-0.15853167477056718,-0.15678779434839812,-0.0415802001953125,-0.04562578434656653,-0.30778043869435834,-0.032187722321291,0.08404386671813537,0.07113211740794567,0.012911749310189694,0.23344314817313377,0.3068772029020717,-0.13590836107454568,0.07622096118480097,0.07944801190333353,-0.020730210055432272,0.09277424059068522,0.04878064708349345,0.31078821171170773,0.11433471634723899,0.08505896689752483,0.1468238487050691,0.1037275376477683,0.11071210381944242,-0.032571243815615436,0.06717275967917148,0.06497185932405279,0.01665523882219223,0.10227640207388417,0.08191120355553155,0.11056768637109272,0.08134230175920013,0.05428908175518744,0.19946134374224295,0.043993593507191765,0.07343405472893794,0.31078821171170773,0.13590836107454568,2,0,0.13515255647493718,3.604207753116272e-05,5.090963962303661e-05,-0.17098641152201624,1.450834418378543e-05,3.116737727431244e-05,-0.3646441942655186,0.46534844981136675,1.8303150455914485e-06,2.399479413261637e-06,-0.13424338684195414,0.7596309126019086,1.5424664914110458e-06,2.02042283138103e-06,-0.13377306062099892,0.7596774758299524,1.7534186779097287e-05,1.4588724099485262e-05,0.09166498144975889,1.2010766598236846,3.1814146609615564e-07,3.4332202964801317e-07,-0.037501016379081695,0.9004291818800397,2.617454878606967e-06,3.244991065278408e-06,-0.10686112612494233,1.2958083282395271e-05,2.960475602711036e-05,-0.39101626799409245,6.012360052351847e-07,4.886637836917526e-07,0.10234770719726896,3.590404051042969e-08,7.502087277712953e-08,-0.3234803416702072,Normal
Train265.csv,13.796827737015176,49.668579853254634,5.166666666666667,465,0.154172945959909,0.35604716740684417,0.40102879322992135,2.2182464599609375,4.10308837890625,3.6982111247855474,0.16943122932692262,5.5350009910309526,1.3579761545843043,7.716123379879344,9.642515273504198,1.556250663358861,7.8857421875,21.483733370535045,0.33596535324836874,1.914215087890625,3.553009033203125,3.443427799753702,0.11163140465744564,5.67526893872054,1.3377639613187944,7.782042640354509,9.577367118373568,0.8106757555610786,4.248046875,19.720466646323004,1.3637570851140164,7.0720672607421875,8.316802978515625,36.97425231043598,4.102559751179493,5.62836117717998,1.6222516790548567,9.619889550683578,13.641655511658016,2.839115532194478,15.8203125,263.2073600125679,1.4421402832645658,8.0322265625,9.4573974609375,34.04485504281021,3.892747537186698,5.5053865385690814,1.578803698390356,9.011919289832278,12.799539114127557,2.244415621595716,24.2919921875,237.53674862134392,0.06506343998155262,0.08828216534640762,1.193661124326835,0.7455749077977825,0.31499707751288164,0.3040313720703125,0.07357149432949021,0.2547833250318452,0.035675749973809456,0.294061746528544,0.23296301671721942,0.06109872981132458,0.1936857089925841,0.2180212603660687,-0.05910891141897551,0.21091074244012717,0.24028620897291658,-0.0651056391000336,0.3138222496654593,0.3182019856837851,-0.006929696211109195,0.36681361134851975,0.3411589746152396,0.03623676520749598,0.1878466778788629,0.2094458538416817,-0.054365923581851876,0.2832351469154717,0.26177332437217776,0.03937887809119545,0.7560634978127673,0.5704204737992739,0.13995119925073377,1.1822594275539298,0.575729662707659,0.34501338191233333,0.6065297648462707,0.029375466532789413,0.34501338191233333,0.0651056391000336,1,0,0.12972854343830045,0.0009298769940027568,0.0004388195500635801,0.35877744125828415,0.0003385057303938128,0.0001157330765163921,0.4904198987174402,2.924630488337434,0.000438966152392358,0.00019011641544177573,0.39556934809662836,2.308812015270897,9.275550679353624e-05,8.126906585078531e-05,0.06600091446327756,1.141197992651881,5.25811792159764e-05,4.6487313291881306e-05,0.061505436445874494,1.1308433862813612,4.254206185545711e-06,3.3413702357613907e-06,0.12002192854535006,1.26939307992607,0.00011128457530762341,0.00010042581646944814,0.05128820491513579,3.0120217365750053e-05,2.3058108299588934e-05,0.1327755476003497,0.0005035903928931497,0.0001846371358752057,0.46343485161108694,0.00024111787966687477,9.370400646829976e-05,0.4402623504592474,Side II
Train266.csv,5.044001538263612,18.158405537749005,1.8888888888888888,170,0.3980728347589744,1.0681415022205298,0.11668221332154236,0.455474853515625,0.8129119873046875,2.0330137567905204,0.24922398069654678,3.8778317781222844,1.2248132057632208,4.8154517622173785,5.687832620069879,0.17705473014354003,1.0986328125,14.285270240310325,0.10796316591021488,0.440216064453125,0.795745849609375,2.957226301958207,0.36300771299329615,4.207312091711988,1.2368731396537183,5.250059006522134,6.2341847397319405,0.19103005477603754,0.9765625,40.942999251915026,1.401975059934846,7.3513031005859375,8.660888671875,60.82120014983424,4.612995728578563,5.599461734008562,1.7036015228928625,9.719722856727866,13.99641355791371,2.9613257483233935,15.869140625,777.9944747064803,1.4759891639217089,8.143997192382812,9.63287353515625,60.36735357024993,4.759532909864612,7.091121321166381,1.700443201086205,12.85642750268012,18.142259721453858,2.7475097825463677,11.572265625,574.9076127764058,0.00871904741132748,0.03881249217330877,1.0807593639018036,-0.01397532463249751,-0.037967677082534644,0.0152587890625,0.017035774937571285,-0.9242125451676864,-0.18520402474332806,0.08322702437709177,0.07314631287122272,0.010080711505869047,0.1268211118529228,0.166539688963843,-0.13539155758513552,0.10096554280992955,0.0908894224659491,0.052519463357629644,0.1307441004421407,0.09548075786188323,0.15587739245743312,0.14697458259612792,0.11722279652867391,0.11261196095090789,0.14734054855234338,0.1448284007090505,0.008598270841788285,0.10310556055127389,0.09202282065500479,0.05679716738172176,0.11847276009263245,0.11845343600837266,8.156161607364178e-05,0.0832201541792196,0.05517618634910747,0.20263516865187914,0.035263342580257456,0.039718577110920195,0.20263516865187914,0.13539155758513552,2,0,0.09791287622434407,5.8666489442211515e-05,5.532415057052213e-05,0.029321169451421807,6.708489532526026e-06,8.594402595136193e-06,-0.12315851551016473,0.7796577924326938,4.279585482254425e-06,6.933903163649292e-06,-0.23649666918526477,0.6163083472502425,2.5826235495565475e-06,2.573611674835961e-06,0.0017443794812200427,0.9996175410999115,4.4228242646418716e-05,3.633410924273479e-05,0.09797571026031601,1.2169301591910653,4.991918893489956e-07,4.551897929264246e-07,0.04562726276462432,1.0730929546168027,1.880336492640751e-06,2.600678956002819e-06,-0.16039634501360592,7.027202214491531e-06,9.31806632008653e-06,-0.14006887754558658,2.0067515417812285e-06,3.5562563047974113e-06,-0.2780374271260804,7.37847658669404e-08,5.330417789872367e-08,0.14939635105239166,Normal
Train267.csv,17.743017175774355,63.87486183278768,6.644444444444445,598,0.13269094491965944,0.35604716740684594,0.6626187091581905,3.736114501953125,6.9011688232421875,4.134962583528001,0.08337860916887596,5.740685571522038,1.3352587524366246,7.817302636742886,9.568652424526267,1.3284407184304299,9.08203125,30.79385046503014,0.8285927565039508,3.946685791015625,7.38372802734375,2.3554756788202043,0.07015203456301701,4.9846584951310415,1.347733453018521,6.774442007205869,8.350134638021409,1.791474057996688,7.3974609375,10.002031093972105,1.3549740290331829,7.4432373046875,8.794784545898438,24.946529249776827,3.4800040832451815,6.135188195445806,1.646607319615277,10.441046444378166,15.688485395828126,2.3743659038826346,13.09814453125,267.2936076873192,1.9313812778945851,10.48583984375,12.01934814453125,13.537717819822472,3.1377933775163127,5.497627979227623,1.5750701444027788,8.864305516440423,12.229110405036156,5.885398702819101,34.9609375,58.55309367876897,-0.16597404734576027,-0.11130148208661214,0.799691640990244,-0.46303333956625803,-0.1484121750954991,-0.2105712890625,-0.02740814296333227,1.7794869047077966,0.27417053056171936,0.48902686698779124,0.42901562819178324,0.060011238796008004,0.4726129188852447,1.246365345681453,-0.45012344730840054,0.5913373655065175,1.3297673561152608,-0.38437778974463704,1.0645351465804245,0.68596576869213,0.2162634548904057,0.6389246536621354,1.1257663705968912,-0.27587929415597395,0.5907703346993537,0.6285721205219494,-0.03100177915622332,0.7117800488334355,0.515239481145098,0.16017721094464069,0.9182278876080244,0.6206303583251889,0.19338852563933048,0.4916393050329583,0.6520042506811473,-0.1402228373033823,0.3785693778882945,0.7737524267962083,0.2162634548904057,0.45012344730840054,3,3,0.24839181715112305,0.0018602236761335886,0.002752484471102074,-0.19343534567718224,0.0006650012309925826,0.0017706398541181764,-0.4539396590441097,0.37556902029270395,0.0003771220707946843,0.0003294170533241946,0.0675183307742141,1.1447817263008824,0.00054202337115305,0.0004516124446945101,0.09098908787878424,1.2001692509319142,0.00025553816532100654,0.00016961014814261807,0.2021082840374477,1.5065319074367738,1.682052957554798e-05,2.550885973391832e-05,-0.20520678970746967,0.6591411117476781,0.0007122170853217529,0.0005444860026199487,0.1334680797957801,0.000173475059269566,0.00015238726593212127,0.06471182640131587,0.0001935874346018512,0.00014758040001518856,0.13484766569992435,0.000703524977483561,0.0018180704252854863,-0.4419983581007604,Side II
Train268.csv,12.491321456523417,44.968757243484305,4.677777777777778,421,0.17553362074379275,0.4747295565424583,0.26497807344117597,1.2142181396484375,2.2125244140625,1.0134885628127974,0.04409517600128364,4.28083849027273,1.2669992676695978,5.470699083714295,6.575186678162611,1.0688028408952714,7.5439453125,14.505490099324444,0.23931902633595853,1.026153564453125,1.9031524658203125,0.8090377914469862,0.007082877976445891,4.244308200134499,1.2732516769174782,5.491187596343032,6.611408647128556,0.4569499440701233,2.81982421875,14.684923902740074,1.423236637011828,7.479095458984375,8.605575561523438,15.771632066761697,3.2716436638683746,5.22352477716891,1.7221017117857984,9.619219049207976,14.850324403275033,2.272550190155227,12.56103515625,107.99835781576311,1.4892713209958297,7.6961517333984375,8.895111083984375,17.17540021735242,3.3326749826646163,5.244034752333475,1.6543547348857113,9.175705187343851,13.0770689978621,2.7151574701408654,12.75634765625,95.34273260516818,0.025659047105217436,0.05088081332958067,1.1072168662303863,0.6118528968251482,0.4010170578380134,0.1880645751953125,0.08394346974280135,0.20445077136581125,0.11217987041238146,0.18617991182106897,0.1606953826042789,0.025484529216790064,0.23748755767504728,0.18752747572813308,0.11754897320074566,0.23730556660556043,0.22670297542827114,0.022849990869384315,0.32389923805784354,0.3675888232256326,-0.06318197953392958,0.3236047261769725,0.3186651352966711,0.007690833868585229,0.199532448862846,0.2009156549097448,-0.0034541454918284886,0.20130042255961775,0.2018533847740018,-0.001371591165975409,0.22337952475242445,0.19131182268191665,0.0773290822092552,0.5566930311195256,0.2574564830919642,0.3675449522830273,0.29923654802756144,0.043689585167789036,0.3675449522830273,0.06318197953392958,1,0,0.12501325951526004,0.0003002385732657881,0.00019581783433686488,0.2105017440124783,0.0001285560322019566,0.00010048112044577209,0.12257262939811926,1.279277528518842,6.42745179193417e-05,2.7043119325326585e-05,0.4076684749247544,2.375863468696905,7.150069491660221e-05,4.173563885003369e-05,0.26283461085728993,1.7127704087476074,3.223295801825639e-05,2.3790899064518696e-05,0.1506599651219227,1.354274808312087,2.594871988260665e-06,1.9328949269615926e-06,0.1458816800568632,1.3355699025467478,7.24418727189703e-05,4.2305727678865456e-05,0.2626069640322768,1.126037729575488e-05,6.01718339664786e-06,0.30329287008150396,0.0001399981633630271,5.610009109408087e-05,0.42781509886569363,3.7811977423195875e-05,6.274650432173873e-05,-0.24793579922766162,Normal
Train269.csv,13.44078056960833,48.38681005058999,5.033333333333333,453,0.1755336207437914,0.47472955654245474,0.3496465795664918,2.2464752197265625,3.997039794921875,4.6785688808074095,0.30653464215314413,5.1946043587985695,1.3790281818524726,7.693746049891869,9.99164583315791,1.2229634164206744,12.7685546875,30.793351729086858,0.35610937741129267,2.16522216796875,3.9337158203125,3.328737370524085,0.18219429061260015,5.344420023688945,1.369827217092451,7.593420764636607,9.566214372831983,0.9759455753985383,6.8603515625,14.878672920312031,1.460845032631315,7.750701904296875,9.003829956054688,14.571374341070369,3.1909216761120733,5.083442330671295,1.618178861923195,8.804016539064829,12.818570015330167,2.920592592705707,21.76513671875,82.68830579323422,1.6572499048612341,9.041213989257812,10.371780395507812,20.08702154507526,3.479148432181979,5.337872155936302,1.6881695174947224,9.739418151142079,14.10698598386091,2.8251853940059797,19.287109375,128.61098085013725,-0.0064627978448008605,-0.009157269859830024,0.9818516217958148,0.2470178410221361,0.11233654544948063,0.0812530517578125,0.018417639387565295,1.3498315102833245,0.16857498217619912,0.23934542635452877,0.2148797077724458,0.024465718582082963,0.23630522782557858,0.4926469452266922,-0.3516577950665554,0.3785080587144603,0.6313942569725532,-0.2504065906433677,0.548962220341664,0.5279645056608984,0.019497811669814142,0.5298950819597966,0.4112302931887348,0.12608818191885643,0.774787024106009,0.42086718414465824,0.2960051782188017,0.21815985024124457,0.21640778757919368,0.004031737454084089,0.2182052931932243,0.2309667008615773,-0.028410959617144904,0.13391399815153193,0.12526948014406125,0.03335288858220704,0.35391983996135074,0.25634171740111367,0.2960051782188017,0.3516577950665554,1,2,0.19017457896616086,0.0006370635803429982,0.000624110596933506,0.01027057455098236,0.0003635086696476095,0.00038685656416051375,-0.031114958837879864,0.9396228656679338,0.00012601189620926813,9.779361694902433e-05,0.12607829931916542,1.2884175467145156,7.987737440053604e-05,7.659023519025838e-05,0.02100708988892328,1.0427823648600811,6.218396003768201e-05,5.751385570027188e-05,0.039012526530708844,1.081011682556392,3.7034402635913595e-06,3.4059101787012795e-06,0.04179174593269026,1.0841737838081558,9.585332289038177e-05,9.0816669753244e-05,0.02698014428762485,3.226496153438613e-05,2.2021340171529357e-05,0.18866149334330717,0.00014988154889081833,0.00017781490659762454,-0.08523896078022584,0.0002956571309662358,0.0002776734394607502,0.031366507854297704,Normal
Train27.csv,0.0,0.0,0.0,0,0.0,0.0,0.07164475609953885,0.2155303955078125,0.335693359375,11.686367207711228,1.539356415470348,3.4070829656373,1.0956992132942673,3.9306179505071754,4.26941116917088,0.12731798999693061,0.3173828125,25.456607265782985,0.05522323294760893,0.2227783203125,0.36163330078125,12.514543931056954,1.6170255428301759,4.446865257606646,1.2373705184630999,5.972183359796947,7.4628982980102005,0.134940048345662,0.37841796875,46.93898861791323,1.37990532933677,7.23114013671875,8.505630493164062,15.538202213148104,3.5480994582687178,5.236402996414942,1.7175503553892506,9.56077598042836,13.87083588903009,2.8915224331815548,15.8447265625,43.98638777397855,1.4523494520707187,7.7236175537109375,9.096527099609375,15.495056686390031,3.4031494196844347,5.514817011043429,1.7156424543314772,10.012576310613209,14.399875792232887,2.7395916713229935,11.5966796875,46.542098548375606,0.01642152315192992,0.1294378667218296,1.2973659690270134,-0.007622058348731392,-0.02906320090804059,-0.0072479248046875,-0.016536117986523578,-0.8281767233457256,-0.03422089020759367,0.05192005136669287,0.03802337825007572,0.013896673116617152,0.07554845743188723,0.07020974598339721,0.0366271740260655,0.06713858864518989,0.06203030885804011,0.03954728646305257,0.0884355816447721,0.04602908755193445,0.3153727383739321,0.091376926739701,0.0484081902579944,0.3073913327160694,0.06065991831500738,0.0755860222710028,-0.10955264278898903,0.052581778253431674,0.046667234603230176,0.05959296605613381,0.09035126764799396,0.06987704432880018,0.12778154989452528,0.08176291947833839,0.05375818428672707,0.20664481285299438,0.042968736481706606,0.014926103955995425,0.3153727383739321,0.10955264278898903,3,0,0.13718259358025395,2.7680706720126e-06,3.1562958452125085e-06,-0.06553024227504203,1.944464574470677e-07,2.403758370437758e-07,-0.10325332197946642,0.7766183020810854,8.135352464910872e-07,1.0348104093728948e-06,-0.11907104697319205,0.7786438948089912,9.463615935841973e-07,9.814168215977276e-07,-0.01809042134997628,0.9545547069284935,1.9622842185231747e-07,1.934643225776524e-07,0.006915560297716056,0.9644365133225097,2.921922893881951e-07,3.265207257330965e-07,-0.05460112248237574,0.8682742756829205,5.067876800165999e-08,5.370370923411223e-08,-0.026445844726872298,3.363568588103327e-08,3.7216492280798316e-08,-0.044288310855371084,3.1551948946962374e-08,3.951890501947291e-08,-0.09827152031492095,0.0,0.0,0.0,Normal
Train270.csv,7.061602153569057,25.421767752848606,2.6444444444444444,238,0.21395771976151412,-0.5934119456780724,0.20243824476972488,0.963592529296875,1.770782470703125,2.462857020379242,0.1456653425901744,4.395595391346919,1.2860777997858475,5.864717729820014,7.139826548900186,0.4114655441746839,3.41796875,26.440073775350648,0.1862917909098833,0.7518768310546875,1.40533447265625,1.190857936173391,0.12272181660291964,4.030535146617832,1.255415170257283,5.105908211963069,6.081137107117576,0.3004051185157235,1.3916015625,16.414676471644064,1.2706424407865546,6.87408447265625,8.090591430664062,30.26397144569112,4.570771690972017,5.840991956249227,1.589523469019035,9.614291784712465,13.462819532933565,2.9201818088946068,16.5771484375,112.58444139766667,1.3987196480656228,7.5572967529296875,8.670425415039062,27.814827218582206,4.339224020451473,5.74576813547737,1.637154738726434,10.24272481230182,14.319063422053347,2.4908881043683695,12.41455078125,107.82906273131357,0.016146453859841592,0.041536418497348467,1.0866728636525032,0.1110604256589604,0.15601208185641968,0.2117156982421875,0.12341560968751031,1.2719990842058508,0.34813856468010485,0.15931959824292927,0.13318736877375265,0.02613222946917662,0.30996079592109627,0.15161341667272443,0.3430594073441477,0.14498831673119206,0.18714714624719442,-0.1269326312481709,0.24050908547913818,0.20572740316641144,0.07794450346015779,0.20746054315861737,0.16638596684231907,0.1098701582569109,0.21261983676025903,0.22746194506786777,-0.033725795029950476,0.22959761125737518,0.23753961464871517,-0.017001435083493516,0.14827761069797116,0.15379345531744665,-0.01826008862627404,0.1600121920194747,0.18143569501963897,-0.06274311010827563,0.15834737924837183,0.04215882951600236,0.3430594073441477,0.1269326312481709,1,0,0.13619044556737855,0.00013575778920870302,0.0001019330413105818,0.14230564899884465,6.916606084232253e-05,5.079701985405774e-05,0.153109688287091,1.361348511308099,1.695577111006789e-05,9.77710426882574e-06,0.26843287191577736,1.7324604545264797,2.4982887264649968e-05,2.3367306996742557e-05,0.03340723279925242,1.0686811474106548,2.3479786914952728e-05,1.683425413844403e-05,0.16480324399304971,1.3939344967115088,6.590213834509128e-07,5.905480081757295e-07,0.05436252717030142,1.0973666958829928,5.23278978733266e-06,6.302016368356516e-06,-0.09261537756499716,2.5408719672990047e-05,1.4204231488000646e-05,0.28277772999453815,5.7980577759535225e-05,4.335956321129631e-05,0.14426239971828783,1.1154841484138171e-06,1.156088940297234e-06,-0.017796840295988953,Normal
Train271.csv,4.005530633326986,14.419910279977149,1.5,135,0.05139098198663605,0.0,0.18366235212670518,1.099395751953125,2.0050048828125,6.390960009520483,0.15416529425840217,5.479621742509444,1.3489255562232834,7.690290810107807,9.588365957951456,0.5484406810787792,4.28466796875,43.2913854333699,0.1964004119138482,1.33819580078125,2.4257659912109375,9.547242296491591,0.4004368152730775,6.057983577858306,1.4687481296042781,9.385421305682542,12.240854094298154,0.4789826430210251,4.67529296875,95.36675165029483,1.2804979277991273,6.9042205810546875,8.139801025390625,20.227486994474894,3.878841081150052,5.488668270191772,1.7026466329175036,9.908869860671931,14.775079035601227,2.383714239500366,12.890625,96.77767870124991,1.3935330281810225,7.92083740234375,9.257888793945312,26.974467250896385,4.3590544457686615,5.973364881963503,1.7481577108655353,11.239593762856078,16.885043030660036,2.017621456245934,11.81640625,270.138197862267,-0.012738059787143013,-0.033515673349749954,0.9351423501893972,0.06945803805775408,0.06760410801708237,-0.238800048828125,-0.09796557080311288,-3.1562822869711082,-0.19803251485898113,0.14343041617261584,0.14093703308979993,0.0024933830828159087,0.14407038023739027,0.23485650034928013,-0.2395874306289823,0.09573027167376043,0.09087749444851606,0.02600522510950744,0.19577334394878582,0.28675823407544243,-0.1885573761071331,0.38730747993297465,0.2453084556586369,0.22446323913246083,0.1119615703626366,0.19554641068236167,-0.27181355526950823,0.16782994412305613,0.20996213513409792,-0.11152216313974593,0.26040051966516803,0.17610382575900113,0.19311764672829518,0.18766969710424938,0.23211616959412362,-0.10587891341044371,0.14199902427433775,0.09098489012665661,0.22446323913246083,0.27181355526950823,2,3,0.17705329854159388,0.00015060977598680935,0.0001512119557764487,-0.0019951505351234757,8.302913513012442e-05,0.0001031681149806944,-0.10815357532311189,0.8047165345641366,3.9513414410650956e-05,2.6130918260099183e-05,0.20383264296758058,1.5115541855682706,2.370121137724093e-05,1.6928671696993258e-05,0.16664761726495916,1.3992367170944149,2.868569173842406e-06,2.7881730843009123e-06,0.014187355958524743,1.0251578753067312,6.275381464347486e-07,7.590997048458001e-07,-0.0941987633303977,0.815938613005405,3.60710303295044e-05,2.2662852867289183e-05,0.22824806145854304,6.27225924383007e-05,7.282107561059912e-05,-0.07449804433662008,1.8276233927999366e-05,2.785053747826569e-05,-0.20752001621349253,2.0303087638243574e-06,2.4965018918295726e-06,-0.10275789830995684,Normal
Train272.csv,10.918779800476525,39.30760728171549,4.088888888888889,368,0.2653818898393165,0.7120943348136866,0.19957535777757301,0.9380340576171875,1.71356201171875,4.243665512972163,0.1884112305699548,4.594110695430076,1.292692662354661,6.272723658958823,7.678456121917271,0.3422892049204429,2.79541015625,43.08970814470506,0.19848371498178263,0.982666015625,1.8115997314453125,3.3084227499315464,0.05124821843122048,4.8686970693171485,1.320907484788828,6.747510219442037,8.388370684622492,0.3195033436646511,2.783203125,31.828434816639316,1.3138642857552219,6.923675537109375,8.1695556640625,15.508251407935806,3.385802889471065,5.366566856878038,1.6410446091113784,9.198779654615171,12.927962429466398,2.336091444754163,15.29541015625,49.86157038953801,1.4734352582971189,7.671356201171875,8.906936645507812,15.413400059258844,3.3021557949766933,5.33487749669439,1.6889281000039382,9.574146111839,13.498213797685484,2.6883236571040454,11.82861328125,52.326208124163365,0.0010916427957903818,0.0027424139859417006,1.0054998604842316,0.022785861255791795,0.034430518989980397,-0.0446319580078125,-0.023237338508609158,0.935242763040617,0.1238389607277491,0.15189952145160865,0.1347081336061506,0.01719138784545804,0.17686839359266004,0.15781846790549106,0.05691865235674242,0.18984604429891577,0.17810853413553113,0.0318993444634697,0.22868560109910033,0.22558588795847162,0.006823481435791916,0.2718815128598657,0.27332077941156807,-0.0026398761445174408,0.2185984750881869,0.19635341784960958,0.05360876063246291,0.1775709490788358,0.16141155293293982,0.047670294405437165,0.17974168540973004,0.19007362921713572,-0.0279381169988841,0.1923814086088281,0.22807955093183702,-0.08490239263351257,0.02224505723857731,0.03569814232300891,0.05691865235674242,0.08490239263351257,0,0,0.04557559468401012,0.00012343360659510387,0.0001381668475290724,-0.056319630572869615,4.7239195859690404e-05,5.892279793012828e-05,-0.11004410535575973,0.8015773477393351,1.8934723787460608e-05,1.5282955940043958e-05,0.10669048783000547,1.2381336781256809,2.775903866298387e-05,3.6163701603415535e-05,-0.1314610152077094,0.7673817561530073,2.808230482952102e-05,2.5958952143452218e-05,0.039284057485111275,1.081379975379625,8.662561683630859e-07,1.196638059583116e-06,-0.15938193409287865,0.7179088720791476,2.0703208709114293e-05,2.7231899455513722e-05,-0.13617011195348674,5.475060198769312e-06,3.76424828927013e-06,0.18496646659709579,4.59267670084936e-05,5.8190310244226546e-05,-0.11777477635302189,1.3364037454645669e-05,1.1129986885977932e-05,0.09117076189661028,Normal
Train28.csv,14.152874904422017,50.95034965591926,5.3,477,0.05139098198663605,0.0,0.5249110450849871,3.04718017578125,5.5187225341796875,4.813039642385812,0.22917924712951074,6.005119763853239,1.374729009801282,8.440462546972563,10.525770511666607,1.0106127964809326,7.3974609375,52.3967695151211,0.6248761033739696,4.2095184326171875,7.279205322265625,7.250570239495378,0.5059756433452625,6.598044517270097,1.4560790269281778,9.939664013011505,12.7662283263941,1.34335471039029,10.94970703125,38.888463061551676,1.287144984458163,7.4382781982421875,8.617401123046875,19.98527411848913,3.5035889016303585,6.661389646866567,1.6283705993218143,11.823075950284116,16.75690090470505,2.9145707564165524,17.2119140625,103.7874266201514,1.5422777385571975,8.54949951171875,9.752273559570312,14.558532792226634,3.1557628977052046,5.523319065786431,1.5111980460567702,8.633964926386295,11.402283189447518,2.9267118346631706,16.845703125,66.63938731981929,-0.0999650582889825,-0.08694222887561577,0.8400241805543999,-0.3327419139093575,-0.14135365570023736,-1.1623382568359375,-0.16017452535357835,-2.437530597109566,-0.20205648383491115,0.4078103456448229,0.40516444198105167,0.0026459036637712097,0.4355908700935503,0.6241561288897961,-0.17793422127904215,0.24363083065976746,0.46576121693155925,-0.31312781683236546,0.5589911341175221,0.5548661307029736,0.0037033500680895,0.7133527512034468,0.8661176057097474,-0.09671903804365352,0.45150085114190786,0.5538049547415238,-0.1017641616941351,0.5255050357344575,0.49468661288930715,0.030208463855433118,0.7157194396967002,0.6438156027375181,0.05288854953054704,0.7721196999110898,0.9839474491279584,-0.12062622327769323,0.07190383695918201,0.2221303862717918,0.05288854953054704,0.31312781683236546,0,2,0.11307412728336202,0.0010208422883875748,0.0016183407038238163,-0.2263952204904114,0.00043414489184591767,0.0007888731990988306,-0.290041013676879,0.5503284799851953,0.0003202168466408848,0.0005637929577960941,-0.2755324144693114,0.5679587916541136,0.00017754002578221687,0.00017886491589354993,-0.0037172687124276656,0.9925372984542592,6.892018473217296e-05,7.120724091817579e-05,-0.01632009561606457,0.9677457852004966,1.3697797800943516e-05,9.680937298617327e-06,0.17174338352319063,1.4134647020054372,0.0002184730710883451,0.0002164101606943673,0.004743487006044074,5.725711576756785e-05,8.155838920806689e-05,-0.17504905488918737,0.0003256349267944199,0.0006055901595555126,-0.3006278831894154,0.0003387679403095288,0.000656568947723681,-0.31928668410479694,Normal
Train29.csv,5.6374134839416845,20.294688542190066,2.111111111111111,190,0.059341194567807065,0.0,0.26861900273435857,1.513671875,2.7233123779296875,6.029801142784479,0.24944575693973342,5.5199832549293655,1.380803670953079,8.018358310510635,10.141473896590083,0.4761189914092888,4.30908203125,29.428097402956993,0.28191967427911807,1.5117645263671875,2.8076171875,4.336944338812725,0.17636161881997825,5.409297356898449,1.3912775284084677,7.725668493689606,9.705300827610959,0.5264638978231059,2.734375,25.34322392595066,1.2101858135698125,6.9057464599609375,8.12225341796875,29.41859339348646,4.362893598294438,6.153144383130883,1.7023288322803116,11.27285810606373,16.22722273778981,2.3276097796453468,12.7685546875,170.0944734994238,1.3257235778357546,7.422637939453125,8.677291870117188,31.14293646939226,4.341836074542994,5.861659353280663,1.685143086358291,10.715950270493451,15.113960704125526,2.012734118017645,11.97509765625,287.72238045763004,-0.013300671544759501,-0.024159376731382937,0.9528210256805233,-0.05034490641381706,-0.0502152055978239,0.0019073486328125,0.0006304375215576168,1.692856803971754,0.1632968423256753,0.22196508792507985,0.21265343459668867,0.009311653328391178,0.3594060034439678,0.3431248887292928,0.023174944567292025,0.18212344491251506,0.23153481985978425,-0.11944974381201,0.2816201727712049,0.2398899912913071,0.08001796236269729,0.30362735223663856,0.24031302087427248,0.11639939472825664,0.23331548900718055,0.29947850254925057,-0.12418122829609658,0.36408876070587565,0.2558505078591932,0.17459492661477122,0.32015442436706804,0.40638215868073535,-0.11868326404860635,0.17642326730731647,0.31216225253742147,-0.2778203138214919,0.10823825284668243,0.135738985230105,0.17459492661477122,0.2778203138214919,1,1,0.14333961503730316,0.00031334516599334676,0.00028229437510083835,0.0521301705985945,0.00021259162491243661,0.00017559227123090858,0.09531152872085755,1.210642797625828,7.225632264468593e-05,7.095724760841698e-05,0.009070260111329716,1.018164365671638,2.0904884826061757e-05,2.80903709956539e-05,-0.14662684744945345,0.743936257257777,4.681392324630461e-06,5.166688203847539e-06,-0.04922823239424309,0.904321863764375,1.2551853362854916e-06,1.3161096360592654e-06,-0.02360222308046891,0.9465170165081253,4.6014515215692805e-05,4.111035418505117e-05,0.05628241672213674,0.00017115095361010146,0.0001443289485596318,0.08501700011951399,6.793994380189508e-05,6.359208955047779e-05,0.03305296520520039,2.361175694673679e-06,1.3422702083372684e-06,0.274382746631709,Normal
Train3.csv,17.802358370342162,64.08849013323179,6.666666666666667,600,0.1186823891356159,0.2373647782712318,0.4507153741808731,2.7858734130859375,5.1219940185546875,4.325851050678095,0.10758200673337129,5.897819934524817,1.3701922832957947,8.445620393870701,10.69291151425422,0.9045373172658663,10.1318359375,31.827701991999632,0.46724919529302283,2.9499053955078125,5.47332763671875,3.79665284400094,0.08983556859732031,6.0919898463075475,1.376497341187303,8.627560019198881,10.877579641952053,1.0701833424290534,8.63037109375,24.350627325111578,1.44318853393322,7.8731536865234375,9.180068969726562,17.105520193869875,3.297011927004413,5.797028676453291,1.6670038851492772,10.113093010581238,14.052987067406498,2.982812025310944,17.138671875,89.48693653114543,1.6177419476613566,8.534622192382812,9.865951538085938,13.765300757674815,3.156114971004107,5.481420370480215,1.669785777702961,9.42726639571029,13.387257318698968,2.8324956210658945,12.39013671875,61.63185618198585,-0.016533821112149738,-0.0180113933389735,0.9646145334762399,-0.16564602516318716,-0.08388326901382882,-0.164031982421875,-0.02859803134146846,0.5291982066771546,0.06515210246587946,0.3123052605119133,0.2888280130710639,0.02347724744084939,0.333963181564984,0.37768053126688206,-0.06143151172321487,0.3373988161026835,0.47410253847940603,-0.16845778496888023,0.5107623036144812,0.3931429249462845,0.13012357230662253,0.5003537960331723,0.5560804627061833,-0.05274977187128705,0.37124927674810687,0.3368616477995447,0.04856248826397426,0.48811860236641164,0.731346839316512,-0.19945479932574817,0.6628835703576125,0.41085774061041497,0.23471745459137644,0.6036660491486491,0.6283677413774267,-0.02004952479244485,0.2520258297471975,0.24322823695010037,0.23471745459137644,0.19945479932574817,1,2,0.13625206048601488,0.0007917351642357597,0.0008584927670521274,-0.040453564959519336,0.0003134641041534049,0.00031554841464565404,-0.003313570547885268,0.9933631606857928,0.0001486184307123722,0.00018067292865167568,-0.09734092200896968,0.8225372027198093,0.00016985795761669328,0.00021305453158330842,-0.11280761821239864,0.7972136720948257,0.00014523132278770906,0.00013326381631401256,0.04297050500502781,1.0897213481568118,1.2700786903946797e-05,1.374327030190587e-05,-0.039407316233081816,0.9234739538411294,0.0002637713007107167,0.0002931156316614938,-0.05269257064458816,6.683698086311296e-05,7.29711870369824e-05,-0.043872740331231654,9.878314538968146e-05,0.00011053178639770153,-0.056126333866208945,0.00028938180393872404,0.00032481331545977546,-0.05768677336286295,Normal
Train30.csv,13.767157139731273,49.561765703032584,5.155555555555556,464,0.2220344189946257,0.5934119456780724,0.34650772973740795,2.12860107421875,3.908538818359375,4.829857251501305,0.29286058101545875,5.6638808225447885,1.371386879091174,8.028450974780018,10.032462184906077,0.6960779113337632,5.5419921875,19.5731100868225,0.4223600804871279,2.2579193115234375,4.1286468505859375,3.9874511464852858,0.30953528737147806,5.50253420022188,1.3420542198520484,7.591291292718202,9.386692106951173,1.7391746925227611,8.349609375,23.0042593406571,1.335418715561512,6.9911956787109375,8.232879638671875,18.668621791174132,3.4328259373684915,5.3024059249354085,1.6750169284640326,9.415180568439975,14.47955986215019,2.963638467777644,16.3818359375,139.02462089914323,1.41688120694509,8.026504516601562,9.286880493164062,17.52948584757277,3.4642397371614,5.779379179614899,1.5798130965853074,9.431688534760134,12.704186787375326,2.5576995713990986,12.82958984375,52.160192133340175,-0.07585235074971997,-0.09865460454251872,0.820408313999943,-1.043096781188998,-0.428332065122856,-0.1293182373046875,-0.029480824352306974,0.842406105016019,0.0955400521380175,0.2594749669933748,0.2980913822809863,-0.038616415287611505,0.5517751336543779,1.593005987249424,-0.4854718453981716,0.5377861059917125,0.32152492480674966,0.2516681049320807,0.4383053774660897,0.3919078504293809,0.05588627706578506,0.4185124853506667,0.33215170526585025,0.11504582210512869,0.22492168109828464,0.2477916094908887,-0.04838012462120225,0.2420119449164022,0.21489334401013913,0.059352782666289586,0.2113792244834761,0.13592231928806156,0.21726624708696723,0.22089178748201668,0.18633414444707053,0.08486110406238288,0.21626118118496285,1.041230853595046,0.2516681049320807,0.4854718453981716,2,1,0.21442399694424805,0.0004638240746228901,0.00098114230321027,-0.3580140247713853,0.00023289744565841672,0.0008046836141705237,-0.5510708319001639,0.2894237527888013,9.842281750594198e-05,7.461964460417581e-05,0.137548883220278,1.318816644886379,8.71141926347384e-05,5.593289587046782e-05,0.21796401066232943,1.5571984839048323,4.011395137702647e-05,3.844950949462611e-05,0.02118325785749941,1.0430177582642215,3.435685324072549e-06,5.3006828413827215e-06,-0.21323107854940093,0.6469385249859909,0.00010175596722248002,7.133170065190843e-05,0.1757635844790788,2.9004687473973553e-05,2.681469606267839e-05,0.03922650175525288,0.0001271371951933451,0.00013924225081715256,-0.045441198234747064,0.00017360276546614725,0.0007085667863432292,-0.6064117217179369,Side II
Train31.csv,9.96932068739161,35.889554474609795,3.7333333333333334,336,0.0,0.0,0.41702128894701596,2.392578125,4.3697357177734375,5.115429136935604,0.2220439000999062,5.5795392317452865,1.3976948888899083,8.14510937898553,10.341101292074011,0.9247964941223764,6.25,32.37865409000262,0.45276491480808234,2.6134490966796875,4.75616455078125,4.771238611073638,0.24738688278341348,5.577878370735892,1.393673086731166,8.084240449831904,10.249789142981719,0.955630643826691,8.5205078125,28.240944032272235,1.2858163159637446,7.236480712890625,8.456039428710938,21.149353206233457,3.6910725286410204,5.911567246968344,1.6724595919759975,10.138465798456563,14.443599622308017,2.231723616125406,15.61279296875,94.60669226150053,1.4039534227304455,7.685089111328125,8.8714599609375,16.46371595676242,3.3436072095247225,5.695078669685376,1.5671897968215682,9.412139291088739,13.273590324536231,2.429112666902851,12.90283203125,62.10502907023164,-0.035743625861066386,-0.041094725687536075,0.9210547595394732,-0.03083414970431464,-0.01639741786218341,-0.2208709716796875,-0.044121008827508516,0.34419052586196575,0.034813602953647875,0.3243241515342017,0.3224928293579747,0.0018313221762270016,0.32826327067240013,0.2983015195015313,0.047819078190398843,0.2566912355845452,0.3593056238630915,-0.16658264573740517,0.42208488418018664,0.4344648383224516,-0.014453281196053398,0.6585033846862676,0.42662637724851094,0.21368596958161198,0.368309311078914,0.7139678915358171,-0.31938081706608984,0.47532703942979065,0.42958485070804503,0.05054877575903046,0.6112291633773641,0.585448467900015,0.02154355909067523,0.5020501232309857,0.5630064479149932,-0.05723294495623859,0.23187700743775663,0.34565858045690306,0.21368596958161198,0.31938081706608984,1,2,0.14913547679195677,0.000688695573076563,0.0006895309294639873,-0.000606109653155279,0.0004645767912296755,0.00048134557908751985,-0.01772725871747189,0.9651426334568491,0.00012502700187466372,0.00011332777036253373,0.049081210290957154,1.1031362402378275,6.933023697284268e-05,6.108663613303425e-05,0.06320477247903124,1.1347635706470036,1.7052390107052404e-05,1.7142409377550505e-05,-0.002631773080225848,0.9941687917833275,6.725400141318192e-06,1.0248006460572055e-05,-0.20741459012479851,0.6556244790026325,6.824681339674206e-05,6.754154673376695e-05,0.005193484385947756,4.040187090541437e-05,4.914283970796336e-05,-0.0976047908890597,0.0003167444876627314,0.0003203917155678461,-0.005724318667555119,0.00020469170603643346,0.0001977290322951121,0.017301545528525496,Normal
Train32.csv,2.1362830044410592,7.690618815987813,0.8,72,0.0839211221652137,-0.11868238913561457,0.23314669667641122,1.015472412109375,1.86614990234375,1.9553832529495732,0.2071722437875264,4.277356870681803,1.2868592216155008,5.577213263742268,6.720699679202039,0.5624406836282151,2.45361328125,13.3554307985222,0.21127065642379875,0.92010498046875,1.69219970703125,1.7817879574365771,0.22269586521773888,4.306472100987733,1.3088563369490671,5.753968649938856,7.076633260283693,0.4689494980033858,2.81982421875,14.442297937149394,1.233017545008618,6.0771942138671875,7.1826934814453125,14.537457334678175,3.1941435429297447,5.057711111300169,1.5536289261668683,8.30070513659974,11.279991609145451,3.0198753624737473,17.4560546875,63.10057571427248,1.4384289928366407,7.344818115234375,8.638381958007812,27.280431330316816,3.705665436468728,4.768435198206234,1.5912137354563969,8.18986404525476,11.674006094897123,2.73435253951521,13.04931640625,275.3706343016449,0.021876040252612472,0.049224089941057786,1.1035450430621079,0.09349118562482928,0.09064579669594446,0.095367431640625,0.04927079201978631,0.17359529551299602,0.04645098800023911,0.18908627515427523,0.14687597094271904,0.04221030421155619,0.24343017968665767,0.13542565138672324,0.2850808053900769,0.3466586361793231,0.21460265590340988,0.23528431371605135,0.27135452760439327,0.3144084412949886,-0.07350057146235395,0.28229331180872025,0.2158016352101897,0.13349196907449565,0.19633391328135275,0.2545146329149546,-0.1290471463953606,0.29852546374178984,0.2695238001802823,0.0510548378334625,0.199519444716094,0.22474339674583446,-0.059453595672643855,0.13992976148862268,0.14888285033750034,-0.030999645348837226,0.1320559802759132,0.05818071963360183,0.2850808053900769,0.1290471463953606,2,0,0.142477565601906,0.0002037372532381769,0.0001584247443715643,0.12511668580821253,0.00011245955473162384,8.806163548471327e-05,0.12166645607892519,1.2769100302576262,7.017265924339242e-05,5.3684595037374736e-05,0.13311075878572848,1.3068849703503294,1.8555334718803626e-05,1.3939045711258388e-05,0.14202051989509126,1.330222518650682,1.3188247523684703e-06,1.3994916257879623e-06,-0.02956653930069498,0.9356740602351536,4.7372495848508605e-07,4.973012727025626e-07,-0.02403229747377362,0.9338138577129831,0.00010546939553215041,7.570962465165286e-05,0.16424709869454782,2.4408573321569402e-05,2.441077561580376e-05,-4.510185538581453e-05,1.6482158091382208e-06,1.698696158147697e-06,-0.015037733935659325,2.916674016061578e-07,3.608370776448007e-07,-0.10440635226624818,Normal
Train33.csv,16.852899257257246,60.670437326126084,6.311111111111111,568,0.11868238913561413,0.23736477827122826,0.31606497496780517,1.4797210693359375,2.732086181640625,1.66693690875758,0.08028441082116922,4.714365197813521,1.2691332796996813,6.106414446874538,7.319544527723382,0.7342431274673012,3.30810546875,14.430755177192626,0.3535501761935682,1.712799072265625,3.168487548828125,1.5641668807771145,0.07317154840420323,4.90327564577475,1.301797838010013,6.494123334741172,7.916510250207482,0.8208905136375817,6.103515625,12.315473256990805,1.3934525229522976,7.0281982421875,8.127593994140625,14.321066741070487,3.311018599224714,5.032166310560375,1.6307555370672433,8.7823075190142,13.100872206118044,2.951313664219428,17.24853515625,58.139428131961466,1.549246269167121,8.0718994140625,9.395980834960938,16.916950877698895,3.4747187970747326,5.137883932872652,1.5946954018443646,8.414317525606535,11.369215976431793,2.877147385719588,12.3046875,76.12748534889909,-0.03748520122576304,-0.055980215801489784,0.8939748508427035,-0.08664738617028045,-0.05571700291400657,-0.2330780029296875,-0.07300752755241385,0.10277002798046553,0.031806476782103146,0.22682148655480977,0.228207858845811,-0.00138637229100122,0.24149528916870353,0.24934043902923886,-0.01598324907908717,0.35634839033540994,0.5693591949004914,-0.23010592725103343,0.44776154805924556,0.4833039085362544,-0.03817385753439199,0.5202362647640233,0.5172267260758984,0.00290086363146293,0.31254339512884144,0.27275675776568914,0.06797646726491982,0.23403676581660565,0.33814173391715674,-0.18194491112396313,0.24176419088061196,0.2256258726895645,0.034528585658172684,0.24860898852922164,0.2512021961568697,-0.0051883744406259385,0.0397866373631523,0.21301080456508142,0.06797646726491982,0.23010592725103343,0,2,0.09802431572327337,0.0003739455455922523,0.00045188434482543654,-0.09437633601971503,0.00017297212859545004,0.00020070432462956122,-0.07421247357182773,0.8617826800089519,4.044191992285003e-05,4.808598767977677e-05,-0.08633666599886931,0.840858497222522,8.502771736446899e-05,0.00011718038724669066,-0.1589999567251769,0.7255519788110444,7.007106417065031e-05,7.938404479870332e-05,-0.06230872671402226,0.8825733006588767,3.961906736884015e-06,4.585336244067267e-06,-0.07285401484695797,0.8621581809163519,0.00014801449354668998,0.00018477078677091833,-0.11044715895354472,8.80659244754473e-06,1.3710750813004934e-05,-0.21769803517170463,3.525458649066194e-05,4.129477593195717e-05,-0.07889550343891948,0.00014651656770948743,0.00017383076991656803,-0.08526167188642246,Normal
Train34.csv,5.51873109480607,19.867431941301852,2.066666666666667,186,0.05934119456780751,0.11868238913561502,0.26097221081864347,1.5735626220703125,2.814483642578125,6.7768537813668335,0.2271109207157898,5.854022317415085,1.3617739891277345,8.301068346729929,10.349323573001843,0.5749950740437352,3.9794921875,41.76483407322347,0.2770412719393222,1.46942138671875,2.6287078857421875,4.375597157039836,0.22749091961143728,5.309995783072676,1.3533600574166258,7.488713648514211,9.37363809421832,0.5088017291873738,4.16259765625,37.878238738468625,1.4221108620470022,7.627105712890625,9.178924560546875,15.186483819549686,3.560353426311279,5.51392249890275,1.693118302854392,9.663911324133016,13.89336324480902,2.9728993580846064,17.71240234375,46.77205216210135,1.5798226395629023,8.587265014648438,10.187530517578125,18.114884230345318,3.8307630516555404,5.480205402486349,1.699879590337136,9.81304498817053,14.036269838117146,2.769627638028646,12.6953125,61.1862417441465,-0.01606906112067874,-0.029867394288395056,0.9419975571575712,0.06619334485636141,0.06107541934822643,0.1041412353515625,0.03422339214026004,2.4012566243269973,0.2153120094798588,0.18351045333265553,0.175362261084162,0.00814819224849353,0.23433216816216587,0.16066485569167088,0.18650092572025384,0.13061071370225175,0.16720723365474677,-0.1228821803670699,0.2511218722748215,0.24374741742404316,0.014901823279936404,0.32741194403917245,0.32707189547024595,0.0005195675480478074,0.2689472173486209,0.4004912180259202,-0.19649902330258656,0.46812345832372215,0.3341519231092489,0.16698946103180626,0.34640745838111103,0.31895719460513117,0.04125596879879305,0.2231104551377723,0.3389982030702751,-0.20616609294060997,0.13397153521447325,0.13154400067729927,0.18650092572025384,0.20616609294060997,2,2,0.14104288525649572,0.00026884213895337863,0.00026780643420177,0.0019299496978429191,0.00015831779244921367,0.00012426964924586856,0.12048284301201305,1.2738834830150332,7.672191963420016e-05,8.424087285319033e-05,-0.04670946625703317,0.910636495931507,2.6852995334170007e-05,5.119876585043311e-05,-0.311878314642292,0.5243827865838498,4.787572253051335e-06,5.16084160622209e-06,-0.03748281186598412,0.925878728772205,1.0942337722308382e-06,1.1037486505026054e-06,-0.004309308884799875,0.9824782025433112,3.9992779910313115e-05,4.5852323874164006e-05,-0.0682492211361151,0.00014750229711244693,0.000124111226693045,0.08611577558412119,5.032434730881566e-05,4.145867801675052e-05,0.09658325630537723,1.2444703378557116e-06,2.803365405271185e-06,-0.38416909064293875,Normal
Train35.csv,5.489060497522166,19.7606177910798,2.0555555555555554,185,0.051390981986636435,0.0,0.2773777725088924,1.39923095703125,2.58636474609375,3.9928587792493255,0.06740561211531372,5.084390169161843,1.3706153735011108,7.306831686334419,9.311536551855816,0.5139123766990007,3.08837890625,25.61504143108518,0.30799871731032086,1.62506103515625,2.9964447021484375,4.221850437095291,0.06665730681324811,5.318718165865111,1.3773116999174888,7.574032933215086,9.559559792140583,0.6515907121400626,4.74853515625,24.81805509971294,1.1958817087015992,7.0102691650390625,8.233642578125,33.74803855915428,4.27296970902229,6.360314529518766,1.579382890425832,10.883668988460386,14.535320863409703,2.332825444000983,16.9921875,450.18075630932407,1.3422897945951182,7.405853271484375,8.629226684570312,29.830052730780267,4.0149729429614895,5.78775363871278,1.6028524169926055,9.663444629264148,13.16695352538607,2.06707656170531,12.04833984375,265.60469335728226,-0.030620944801428462,-0.05230982933357486,0.9005809047692049,-0.1376783354410619,-0.11812781585754753,-0.225830078125,-0.07467204818901578,-0.22899165784596587,-0.027875808082358945,0.2319441531475612,0.22945768958084586,0.0024864635667153356,0.3024928267570292,0.4031449507056949,-0.14263992906414852,0.250157187637011,0.20584450076255717,0.09717658296005986,0.26188913179746515,0.2837771287838748,-0.04011242432685217,0.3874008540246744,0.2336769676610091,0.2475114688064768,0.29664887424599695,0.4950963416592435,-0.2506456129070459,0.33155858111245273,0.34803924466555447,-0.024250612178943427,0.26866147779095345,0.2998396576606615,-0.05484277405446604,0.22359550364757638,0.32258464166401707,-0.18123898690527818,0.1537238863636653,0.19844746741324654,0.2475114688064768,0.2506456129070459,1,2,0.14861787085240755,0.00023580496372447546,0.0003533670741522346,-0.19953783083704346,0.00012285907759871452,0.00018946172632988933,-0.21324393205352749,0.6484296099398204,8.52556475619643e-05,0.00010714825231778467,-0.11377870709705674,0.7956050581072676,2.0783298049644878e-05,4.93149612421145e-05,-0.40696579091678114,0.42135457436304563,4.75428367101781e-06,4.612150981172306e-06,0.01515850055141219,1.028586839846584,1.1443354705823948e-06,1.2323230959333126e-06,-0.036866448592758436,0.921125490082511,4.2390815303425215e-05,5.526675842780318e-05,-0.13183437073814594,0.00012812301852043798,0.0001596244448939977,-0.10947214365797545,3.762241630303065e-05,8.414008367310431e-05,-0.3820047003977928,1.5990314948942971e-06,3.66512951489754e-06,-0.39173965606423317,Normal
Train36.csv,3.145083312093782,11.322299923537615,1.1777777777777778,106,0.13269094491965822,-0.3560471674068433,0.2280817143549983,0.9822845458984375,1.7810821533203125,2.021681602423004,0.19589823285170105,4.268950136129658,1.26961592971012,5.487890830413398,6.542955571688209,0.43291366785691743,2.4169921875,24.390021061122102,0.20881078474189763,0.9246826171875,1.739501953125,2.205514068448841,0.0934102174474255,4.354403014573898,1.3188446437021615,5.887744393138508,7.265159874463854,0.44157681503363455,2.03857421875,22.387396837293558,1.2424694170474049,6.4990997314453125,7.6488494873046875,32.25924560577888,4.117295421506783,5.451232082023604,1.6290342970379563,9.40050534946229,14.402593459700583,3.0722387304177716,17.7734375,392.6858812609845,1.3820017976818852,7.4840545654296875,8.73565673828125,17.226786175365312,3.396339891652382,5.372801740140989,1.63841011637254,9.268374465721802,13.803439944103514,2.5861303165384277,12.82958984375,55.41856269273177,0.019270929613100674,0.04410908681619598,1.092288905067962,-0.008663147176717123,-0.00990650812918714,0.0576019287109375,0.03020604104984332,-0.1838324660258368,-0.043488042642000894,0.18357128907148243,0.15109298959033093,0.032478299481151496,0.336038319296502,0.1701565579778513,0.327703351987323,0.26598122496152243,0.18896925967869913,0.16927548423422414,0.21503593345534483,0.2697036095313128,-0.11277741983120712,0.2662800607479002,0.18022082833060266,0.1927414538132135,0.23969747668047386,0.33523473309773594,-0.1661713383433568,0.25426184622465475,0.20313560934970343,0.11177638863991439,0.19650089164160311,0.2506874363556056,-0.12117164091685391,0.15450324972602167,0.14283010347166816,0.03925945655345885,0.1658817613186507,0.09553725641726207,0.327703351987323,0.1661713383433568,3,1,0.16506531118346007,0.0001884091942952306,0.00015240442626070704,0.10564357133318886,8.657600222384067e-05,6.681086359967495e-05,0.12884969010322334,1.2956432700798233,7.828263844052035e-05,6.239308918985104e-05,0.11294357656816817,1.254467358216168,2.0199772275769793e-05,1.935038928830017e-05,0.02147066528264803,1.0433556874797387,2.1537802324387846e-06,2.678339804030473e-06,-0.10833262447871554,0.801156248629636,4.419372053940185e-07,4.4603947976688553e-07,-0.004568352876702963,0.9690766370050337,7.766021000066874e-05,4.986515985911196e-05,0.21793993440499027,4.929579701551414e-05,4.340806629233488e-05,0.06350431869751261,4.547240726521965e-06,5.695433331668405e-06,-0.11198957448854074,2.8994259263163183e-07,2.5700804675715677e-07,0.05913368895781903,Normal
Train37.csv,11.126473981463851,40.05530633326987,4.166666666666667,375,0.1293311351550286,-0.35604716740684417,0.3381040793354505,1.71356201171875,3.1444549560546875,2.059977741201404,0.1153106182605077,4.760778104656659,1.2936316598564885,6.271012834971632,7.596653436495337,0.8724976247738749,5.35888671875,14.973182747603012,0.2634261522994495,1.2542724609375,2.3250579833984375,1.8752668639838022,0.09550008801188474,4.648892851397726,1.273216764987314,5.98237329778604,7.160752294974859,0.5588010790005181,3.2470703125,24.36770932922622,1.2697852493652566,6.9530487060546875,8.235549926757812,35.641056290943474,4.569739530625045,6.058837784271729,1.6392924539870706,10.295224376736563,14.381379169129449,2.954264183927822,16.41845703125,242.22214494127087,1.4125658323366903,7.3543548583984375,8.592987060546875,34.17629226998515,4.551595539322028,5.059397324753869,1.6396952201748585,9.011431004256394,13.54686103984017,2.575811917692547,12.51220703125,237.16887551762085,0.07467792703600101,0.12414658793053154,1.283487093248965,0.3136965457733568,0.21916916626448038,0.45928955078125,0.1547557835402532,0.18471087721760204,0.046937584643365025,0.2662687071233311,0.18648769806275756,0.07978100906057356,0.14869225124338,0.15113020773639813,-0.008131333523180842,0.2829532507512178,0.18734987527284727,0.20328032742158575,0.2678543252456155,0.25937721067658487,0.016078542026924755,0.26991449282497953,0.22701292645309484,0.08633366532857963,0.62542525367721,0.40513667821044896,0.21375578362933045,0.35866606280337754,0.40903441187723355,-0.06560937511301809,0.5855132760707864,0.26459807448110034,0.3774978390846936,0.29902743879415566,0.2682135548106813,0.054322384643654104,0.32091520158968606,0.05036834907385601,0.3774978390846936,0.06560937511301809,3,0,0.13615056426084904,0.0006009031321959942,0.0002944911909297502,0.3422089389584092,0.0003456906707794638,0.00011894850589367305,0.4879857240020363,2.9059769049928006,8.996251710860441e-05,5.4786985079747876e-05,0.24299290545423588,1.641742095439721,0.00010055864091356211,5.738593686511843e-05,0.2733235380422814,1.7520167176620338,6.11984104352214e-05,5.958191476770009e-05,0.01338265846048255,1.0269582824076675,2.1977756408236604e-06,2.7725896448368983e-06,-0.11541603297015969,0.7898310284096824,0.00010287980675480452,5.758914729540653e-05,0.28222180115423323,3.1759006754409334e-05,1.615345695328451e-05,0.3256416426399085,0.00035036612156115,0.00011884428828241899,0.4934180790556764,3.816674993516667e-05,2.6218976209799113e-05,0.18553674972887296,Normal
Train38.csv,0.0,0.0,0.0,0,0.0,0.0,0.07086170534687927,0.2109527587890625,0.3192901611328125,12.629076413283526,1.6111949220420223,3.4173992559279167,1.0868054533049651,3.9571000805206316,4.283721070607318,0.12705613871955193,0.390625,48.51573821547093,0.051946869327958924,0.1964569091796875,0.310516357421875,15.217747093920066,1.633469303486582,4.387750582755545,1.1758820124220448,5.655633824961882,6.907895317765064,0.13523412897273823,0.439453125,138.3330109945594,1.161947890592324,6.26678466796875,7.3657989501953125,21.799153976479204,3.985251846266216,5.325746670078344,1.5793310805964047,9.092371668666516,13.309813173849413,2.0202387487251374,12.85400390625,75.84397187583254,1.2310956213701825,6.47430419921875,7.4741363525390625,28.451566058625083,4.124079511649857,5.091352094632872,1.5740082157971673,8.675177628487852,12.048338682626557,1.939936494088933,12.02392578125,191.35975883670983,0.01891483601892035,0.15401884215994668,1.3641186200908122,-0.008177990253186301,-0.03117915892704356,0.014495849609375,0.03558052347123401,-2.5886706806365396,-0.09296107611833268,0.060985269056173894,0.04219564102436396,0.018789628031809932,0.0765001364142629,0.067574160244572,0.06195397622719391,0.062749335522952,0.059999048751999316,0.022405887972694452,0.08596790382775854,0.039207333046615396,0.37356084328774786,0.08953932311324085,0.048784694430281876,0.2946315937058427,0.059763454572374246,0.07194372602410505,-0.09247992760735722,0.05412142557670881,0.04624535956171719,0.0784728256404814,0.09273779334924158,0.07037162943606227,0.13712366925228187,0.08168535877827544,0.053507541129468005,0.20842674122508476,0.046760570781143145,0.012180271451730805,0.37356084328774786,0.09247992760735722,3,0,0.14174934557276447,2.7217857405519244e-06,3.0334351613089663e-06,-0.05415073132228049,1.6402817686640816e-07,2.1028789635991288e-07,-0.12036894295145105,0.7446082130559459,9.268950659354316e-07,9.376792912406052e-07,-0.005752892790777083,0.9780682921983396,9.792251048784594e-07,1.115360435867682e-06,-0.06468510229380287,0.8701435323905373,1.6953038533454414e-07,1.7796452771693943e-07,-0.023592342364828774,0.9019275466158394,2.1975158479945428e-07,2.7084123869090206e-07,-0.10205830266448475,0.782476198380951,3.93207454510544e-08,5.871358676199384e-08,-0.17950628206500083,1.899739480898042e-08,2.966002782150834e-08,-0.1817780689018159,2.3763726578517053e-08,3.09735955762976e-08,-0.11137113426685562,0.0,0.0,0.0,Normal
Train39.csv,6.3198372214714675,22.751413997297284,2.3666666666666667,213,0.3597368739064532,0.9494591130849148,0.13594185323241453,0.5123138427734375,0.8922576904296875,1.1594825889001208,0.17895346606128526,3.735499759815635,1.2239572128107106,4.623483718928606,5.456133065903252,0.21030490113314151,1.28173828125,16.432784799365912,0.13064221293985476,0.4764556884765625,0.88653564453125,0.7195198602304951,0.14327005808459695,3.675769250683447,1.2365200138482386,4.548496824875723,5.37734759219892,0.2271303099125461,0.84228515625,11.430878500915332,1.3261018793875525,6.6802978515625,7.8845977783203125,15.597797862914778,3.238135708342525,4.946646035535791,1.6661157548841012,8.901573375632385,13.654668055539371,2.7920902577882525,15.91796875,43.61702000881564,1.4520379237195815,7.886505126953125,9.286880493164062,17.099599804430284,3.3033001292491253,5.317916157647695,1.6356631698773967,9.0599907093385,12.835617021351414,2.214968420485996,12.40234375,87.53667691893048,0.005299640292559776,0.01987980815904059,1.0405659837478396,-0.016825408779404583,-0.03846377239396383,0.035858154296875,0.03626543173199208,0.4399627286696257,0.23414696799981272,0.10251237429063463,0.08997162533157654,0.012540748959058087,0.15530862949238233,0.1859365687627473,-0.08975346328516415,0.1321484993154464,0.12463452136266408,0.029261972385556265,0.1506947377917906,0.12714128488793908,0.08477465171338064,0.16985843833571745,0.14306606774404013,0.08561927626293282,0.14561858856838622,0.16613701141239082,-0.06581572933128539,0.13943430348814267,0.12330344864503842,0.0613952661853288,0.13391787877995143,0.1297334658501181,0.015871008649678622,0.0849517948887747,0.06256719791482858,0.15174043037524765,0.026792370591677328,0.030627939270364973,0.15174043037524765,0.08975346328516415,1,0,0.07540307004601615,8.940307071790458e-05,9.511054296090478e-05,-0.030932526490622208,1.2463182796516594e-05,2.053496913726361e-05,-0.2445391779867092,0.6066294241304744,6.521628222743926e-06,1.4896055901999334e-05,-0.3908228080320251,0.437515347159619,5.630083834688861e-06,6.256861834370001e-06,-0.052683942342549465,0.8983896539430959,6.391588115901479e-05,5.25318631287702e-05,0.09775234871553865,1.2164753465702007,5.127314198668881e-07,5.136631266855874e-07,-0.000898988538485322,0.9791245435058809,4.2059596358406136e-06,1.2829621696477614e-05,-0.5059177444588902,8.893839207860953e-06,1.2315307412441548e-05,-0.16124438300015942,6.6960449023560515e-06,1.0705439342390603e-05,-0.23027298440937075,3.985712257729305e-07,7.336089343500542e-07,-0.29333175297060704,Normal
Train4.csv,12.75835683207855,45.930084595482775,4.777777777777778,430,0.13269094491965724,0.23736477827122826,0.3838545943981956,2.478790283203125,4.468536376953125,6.439806711178456,0.26210582728345544,6.161904910701713,1.4169459936255344,9.06522519183359,11.528821874579355,0.8093109267512116,6.5185546875,40.21152919708413,0.4728718442769444,3.2848358154296875,5.8780670166015625,6.654765898498673,0.37571224740838327,6.289436542352897,1.4833348979599361,9.904690528182268,13.384816447389102,1.191041815630241,13.818359375,47.26581549931702,1.3430514604675532,7.3486328125,8.620071411132812,21.85227799535055,3.7325383868780855,6.082606294960532,1.6379917276407818,10.250948846145182,14.775568082539767,3.0488185870200404,16.95556640625,130.589385341071,1.4537966569258653,7.976531982421875,9.127426147460938,14.18457472356378,3.2159580769108818,5.412150504757763,1.584435210326753,8.81467222052477,11.966007610216533,2.549632954594369,16.9677734375,33.719527971441394,-0.08901724987874882,-0.10390393575032845,0.8117518328197759,-0.3817308888790293,-0.19083178625598532,-0.8060455322265625,-0.13985042003666062,-0.21495918732021746,-0.016415899438917133,0.28580780620757984,0.3252668375398456,-0.03945903133226575,0.1779368264098795,0.1944013226799404,-0.04421920200257831,0.4339738030781225,0.6403530520569183,-0.19210098497616399,0.41030720249018926,0.44666730849406167,-0.04242845628842285,0.5919264251872033,0.4596446340751567,0.12579443746473323,0.3973966588711278,0.5434652569500462,-0.15524977052443836,0.393001423078489,0.4256663079809484,-0.0399000513446246,0.4161403093062884,0.30907460063662295,0.1476330750036053,0.4096171014461946,0.9260413693719708,-0.3866439477922811,0.13228179111204658,0.5164242679257762,0.1476330750036053,0.3866439477922811,0,3,0.16216431670780135,0.000612107905764677,0.0008630804575355584,-0.1701291563942486,0.00033178014569926076,0.0004523511048689853,-0.1537617860077505,0.7334409217064591,0.00017413989852357517,0.00027047584396610756,-0.21666749411111258,0.6438041117796732,6.690273092938081e-05,9.302405729114027e-05,-0.16332281429675408,0.7191208561399809,3.396983281178379e-05,3.897328399071546e-05,-0.06858447449856266,0.8713948475935042,3.5080237633016378e-06,4.946438763691589e-06,-0.1699357751071419,0.7077710288684851,8.265275844669226e-05,0.00011192710240451406,-0.15044126055574145,1.6703082183623977e-05,3.807194602546011e-05,-0.39004933538197745,0.0002525924522508538,0.00035213349794286947,-0.16460249413008826,0.00022515652709072814,0.0002830171672725541,-0.11385772669137126,Normal
Train40.csv,10.7110856194892,38.55990823016112,4.011111111111111,361,0.15417294595990816,-0.3560471674068424,0.3310387043233086,1.6201019287109375,2.9247283935546875,1.4827577246851567,0.055892434374582724,4.8193215581714135,1.300342755578047,6.334572825089904,7.710518147466514,1.1767673286274818,5.33447265625,14.782339746774863,0.2768777579875422,1.436614990234375,2.5787353515625,1.1695312698924978,-0.0034988972805220595,5.036002339638042,1.2865027841373469,6.540638488511371,7.880446748101808,0.4634341818960172,3.35693359375,9.990663214231132,1.3587591466179063,6.91375732421875,8.205413818359375,23.37152424135157,3.3620804560805264,5.205127881916745,1.5592268106941511,8.400407011177073,11.439249921120219,2.835734015906955,16.30859375,288.4896966157962,1.4575123650082364,7.7297210693359375,9.074783325195312,17.310813951873836,3.115740086481093,5.435779225251195,1.6337648847143567,9.803162316256785,14.447921878768346,2.7647727094859866,12.9150390625,83.15904985020035,0.0541609463357664,0.0890927434979453,1.1956131643556276,0.7133331467314645,0.4349057952975143,0.1834869384765625,0.06002745518862053,0.31322645479265887,0.11809665321239624,0.24363309914856332,0.18996597403571108,0.05366712511285224,0.17483761013865096,0.1850918863187548,-0.0284896792181092,0.21751041523068218,0.24853877606407027,-0.06657743591703792,0.2972353830882417,0.2976672305687454,-0.0007259128861275204,0.28843167135852665,0.2650692188195741,0.04220851769425335,0.21977343589118523,0.2354774929618152,-0.03449538645696407,0.27212149829346255,0.27821038066097753,-0.01106401880342256,0.5300440283247592,0.3236360196384606,0.24178614313512695,0.8120258075457591,0.40682697130597795,0.33244280190843467,0.4051988362397812,0.031028360833388086,0.33244280190843467,0.06657743591703792,2,0,0.13652114273566826,0.00041453411163149006,0.0002526582639060794,0.24262244842798789,0.00023876700629724964,9.251037442348162e-05,0.4414796348583513,2.5806964983126,2.9328034581163953e-05,2.3435458576456703e-05,0.11165787315059214,1.2509047108429934,8.899859498675002e-05,7.577375639916994e-05,0.08025640171020217,1.1743756078542027,5.231504085166037e-05,5.727804141961195e-05,-0.04528157844747417,0.9131930426539399,3.1330079370996282e-06,2.552414388034291e-06,0.10194038579073865,1.222678092868132,7.995564496623834e-05,7.265554573149319e-05,0.04783149182214876,1.4987050604478528e-05,7.11887852231601e-06,0.35576945635215657,4.598430017599139e-05,3.575194898860335e-05,0.12517211850032864,0.00019886298605063107,6.588933770470106e-05,0.5022378050617635,Normal
Train41.csv,16.437510895282596,59.17503922301735,6.155555555555556,554,0.13269094491965905,0.35604716740684594,0.47013434153503686,3.1505584716796875,5.6232452392578125,5.873896228600661,0.3555179279266332,5.727163078556839,1.40654422438657,8.814343564721344,11.928331959820376,1.308024131578546,17.41943359375,51.681688563529306,0.4116960234271777,2.6004791259765625,4.7115325927734375,3.890869873126925,0.15160327846101015,6.032993710572259,1.3679028929300017,8.56827628688884,10.778909846455505,0.8320982194195173,9.94873046875,21.315936216031744,1.3520773607522596,7.6419830322265625,8.953094482421875,16.32575378774996,3.685289235851678,5.972222057887691,1.6706343016969778,10.466543672632454,15.022330640508686,2.9897675651291404,17.46826171875,39.6464853107412,1.5110982824619312,8.803176879882812,10.099029541015625,18.013196091766066,3.780572578331182,6.1743954752341015,1.6826778687546993,10.756179190223605,15.57140126521644,2.526195041024698,19.54345703125,63.43338332988141,0.058438318107859155,0.06626934132356596,1.1419452784652488,0.4759259121590286,0.2223825706568837,0.550079345703125,0.09564871302020606,1.9830263554737364,0.20307975969768502,0.3477126026252971,0.27244820901519845,0.07526439361009862,0.26880818973492326,0.3675959831059054,-0.15522807051645351,0.32563379298728556,0.3261062875922942,-0.0007249739763414952,0.45252340764679716,0.40806266887028536,0.051663325114226395,0.5205841294786279,0.4871010058432766,0.03322776344455798,0.7106701379597137,0.48358617277479693,0.1901467559704871,0.5273841559860107,0.5913724604922808,-0.05719591106038617,0.3548557161978443,0.3655718045376959,-0.014874623584846515,0.8958126452001466,0.3818758141263909,0.40223954697239234,0.5139368310737558,0.09878779337098215,0.40223954697239234,0.15522807051645351,2,1,0.15972081424394075,0.001070962851850445,0.0006439012727989034,0.24903522845512102,0.00041552871657653766,0.00022918607100527527,0.2890266500690673,1.812983594151462,0.00035447705564496706,0.00010756327097824548,0.5343872094436846,3.295214995522939,0.00021603376804265332,0.0002337538863314054,-0.03939575521666848,0.92415373235361,7.627416781012981e-05,6.51863353792118e-05,0.07837557781269965,1.1699149555950388,6.0749669223788596e-06,6.253816956068497e-06,-0.014494948242187966,0.96985064617722,0.0002634942865484726,0.0002724499632387717,-0.01670977829517019,5.5751922304698064e-05,4.3077345746142715e-05,0.12823422116031677,0.00031495829017043483,8.029838568230171e-05,0.593674900576642,0.00033678497506315296,0.00019969424296557527,0.2555330610395169,Normal
Train42.csv,9.197885158010116,33.11238656883642,3.4444444444444446,310,0.059341194567807065,0.11868238913561413,0.21999540163939246,1.13677978515625,2.07061767578125,2.782280170965042,0.017317719089332946,5.2283990235576265,1.3182554995089273,6.990661083518672,8.555671381459955,0.691650110548335,3.21044921875,12.493052729860235,0.19886418741571407,1.1737823486328125,2.109527587890625,4.40248015961431,0.22023540124043356,5.957447275127026,1.3404666383549122,8.127524833650847,10.043803158176239,0.8459509823319777,5.06591796875,24.18367142944717,1.353691524470457,7.3322296142578125,8.7493896484375,21.307522304415585,4.077266186657871,5.6681568004273295,1.693291810592103,10.016041533902161,14.392933448627389,2.583471395792306,16.259765625,74.78974408429819,1.4762308817133105,8.2977294921875,9.846878051757812,21.455795376784657,4.159681163008781,5.807687566871137,1.7689589062817255,11.095929242332812,16.30708994399589,2.7940901845728,12.56103515625,74.76890668320577,0.02113121422367839,0.050449397056549966,1.1062594700216692,-0.1543008717836427,-0.10035169166736319,-0.0370025634765625,-0.016014528575233406,-1.6201999886492677,-0.22550508463009092,0.1625151639331565,0.13471076139377677,0.027804402539379713,0.19645408791303262,0.20096400548856613,-0.01134804262043431,0.19304163672126337,0.18041712406451396,0.033804300887583266,0.545349910075893,0.29804467991611794,0.2932260061448314,0.23896644133426242,0.4833745700068765,-0.33835559860470366,0.16527583276270252,0.12770569097213325,0.12823382180998583,0.09745082229381827,0.17873186499627933,-0.2943017194776863,0.240526463719569,0.11755765629027155,0.3434075881160054,0.14584209779106355,0.1075674630992258,0.15103863108788543,0.247305230159775,0.24440812867261408,0.3434075881160054,0.33835559860470366,3,2,0.23287722704406078,0.000194952314460469,0.00016420408446088034,0.08561236857239495,0.00014320238711229007,0.00012203401755780699,0.07980643349647457,1.1733667079950172,1.7190643226974356e-05,1.385672451905312e-05,0.10734711116487569,1.2397046759928139,2.5992038175117528e-05,2.1186874278481683e-05,0.10182823987225295,1.226220330112715,5.839308427881099e-06,4.984350010091142e-06,0.07891687029686173,1.1691828598481702,1.1668860694640425e-06,1.104906570924973e-06,0.02716263408076504,1.0466222909565823,2.6089466397503335e-05,2.200890524331414e-05,0.08482018856624632,7.668480541437554e-06,4.953030991194124e-06,0.21497423671177118,7.612699144441467e-05,6.792298706651681e-05,0.056948532567463385,6.790086381753532e-05,5.603696470916503e-05,0.09571687741035835,Normal
Train43.csv,12.966051013065872,46.67778364703714,4.855555555555555,437,0.051390981986637586,0.0,0.5630671967099491,3.339385986328125,5.966949462890625,4.228311601343643,0.15918416749847009,5.96756602183706,1.3688634659584689,8.320154435387092,10.385909732734689,1.629381462687211,9.4482421875,16.24917783495235,0.5620336035826944,2.88238525390625,5.28411865234375,3.4170316135594163,0.22255656591456682,5.376999270846841,1.3566615699773599,7.481210524725059,9.35840363595955,1.5806611002973607,7.568359375,32.20325256323117,1.2559150989003516,6.66961669921875,7.80487060546875,18.115212808458242,3.293987715726835,5.3737997326760745,1.5054409491251466,8.380791693169204,11.323461992731271,2.3517463301730057,13.85498046875,179.91276782753596,1.4675832720266344,7.509613037109375,8.605575561523438,22.167145413738606,3.577527272957208,5.237562178264682,1.4719884018894636,8.058432807892068,10.567403733736953,2.867691429715141,13.8427734375,177.3747862741123,0.001033593127254706,0.000918667125469285,1.0018390058926654,0.048720362389850225,0.015177481694441188,0.457000732421875,0.07345186990033742,0.8112799877842267,0.10611426641274349,0.44833221029003856,0.3829653897437177,0.06536682054632087,0.11389318794216888,0.1364891030901581,-0.09024565656129127,0.4769780348537813,0.5507888117061474,-0.07181665411883437,0.5156768209252979,0.42967327267761307,0.09097534122005038,0.44064457761951037,0.45735731882806896,-0.018611030877064394,1.2004863519605753,1.182266585011169,0.007646519532191453,0.45328033185495714,0.481439489828497,-0.03012577354095985,1.1609963528564948,1.1160929843660174,0.019719633990316815,0.4676251943060668,0.661252139210621,-0.17152168569648674,0.0860035482476848,0.19362694490455418,0.09097534122005038,0.17152168569648674,0,1,0.07415249775439228,0.001680915260614543,0.0019656174842660502,-0.07807477501777647,0.0010041959675412021,0.0014285866209730019,-0.1744458838930411,0.7029247814244829,0.0004259501957748312,0.00031958137526236295,0.14267322526963644,1.3327962790771648,0.00015425044815790172,0.00012920685981306353,0.08834736013862783,1.1937331427265296,7.979664167148077e-05,7.071757671933407e-05,0.06031630689869582,1.1282253029555245,9.071355778916925e-06,9.344535653486235e-06,-0.01482587019311881,0.9697280672115698,0.00019211298021266167,0.00016202866099213384,0.0849475640383407,6.777473827289588e-05,6.261658265057357e-05,0.03955600745294258,0.0005778913477195174,0.0003739604262326552,0.214244260109461,0.0007536637743371426,0.001226357478437269,-0.23873042581413295,Side II
Train44.csv,12.84736862393026,46.25052704614894,4.811111111111111,433,0.05139098198663528,0.0,0.39120342431153404,2.2876739501953125,4.2110443115234375,4.373417017705019,0.2182377718127868,5.239894149117606,1.3535580834167835,7.359129619683863,9.174892022281135,1.3907173426111206,7.26318359375,22.418942347802304,0.3746489378108614,2.0843505859375,3.856658935546875,3.261592410016664,0.17634802625726934,5.367346477180047,1.3473978559577726,7.400773145933105,9.176800430101913,1.4815287355937805,8.43505859375,12.520179849054884,1.3117925189251638,7.3028564453125,8.425140380859375,20.304695756688965,3.5001165460983406,5.888003801177739,1.5614212542816395,9.43698037735436,12.42283699406278,2.674456734951682,16.44287109375,153.22162714360954,1.3693936361732102,7.9498291015625,9.1400146484375,19.59656843423001,3.406213156246472,5.785190601417056,1.5889062340964255,9.758048758906671,13.837037778457217,3.1921995407340473,30.67626953125,77.76449773790168,0.01655448650067265,0.021615767089413648,1.0441866355087965,-0.09081139298265994,-0.03161685670165377,0.2033233642578125,0.04650554042237895,1.1118246076883547,0.1456219035166154,0.29822050033481456,0.27358746614446705,0.024633034190347514,0.7080214873999281,0.6199467282039601,0.06632294169231069,0.3587149851438858,0.24987470944355744,0.17884015270043066,1.006747940317609,1.0992623250711504,-0.04392874328994608,0.32809918165811175,0.26854381192467397,0.09981742746636317,0.2662711698775068,0.33610924500163225,-0.11593682702776681,0.24312442625022207,0.23208093079214287,0.023239416521772287,0.20060282843175073,0.16845557170733202,0.08710614862374697,0.17946408729467694,0.17041763245542862,0.025855750872472043,0.10884027570032834,0.09251438475354146,0.17884015270043066,0.11593682702776681,1,0,0.0848584759125933,0.0007607608228747804,0.0007722768974062955,-0.007511931623837401,0.0003696476324841839,0.00040785795695607826,-0.04914412648549229,0.9062924070889684,0.0002066214951876989,0.00017288415506484423,0.08889578097874135,1.1950750741701197,0.00011963916927399904,0.00012544549653258945,-0.023690141274524307,0.9536383225976911,5.650370132892438e-05,5.716103608663611e-05,-0.005782593148279823,0.9883273978680313,5.134789917698752e-06,5.175950353155064e-06,-0.0039881282132978434,0.9901348003794163,0.0001376846543269979,0.0001446243002337168,-0.024580871367694514,4.2799009788799506e-05,4.3841194894295265e-05,-0.012027497330298705,0.00023205611455514238,0.00023084852463725372,0.002608666513540006,0.00028258448047289905,0.0002823795799416194,0.00036267245814670707,Normal
Train45.csv,17.446311202935316,62.80672033056714,6.533333333333333,588,0.08392112216521339,0.23736477827122826,0.37369258946384565,2.3162841796875,4.1461944580078125,3.7712728630293952,0.12190549201079731,5.871437538015091,1.3275662507070871,8.0070251460998,9.805558608755927,0.9872781766960104,7.5439453125,17.11424114454525,0.38986670990747985,2.3777008056640625,4.3354034423828125,3.4180168649234393,0.13208494599808962,6.028806260131933,1.3435123233748343,8.237729338496834,10.128234631858358,1.0003139256422806,8.251953125,22.297730737027276,1.3535064562879846,6.673431396484375,7.7289581298828125,15.200532588433507,3.1367629968404502,4.937255539982866,1.5521243257910788,8.140491532894803,11.335127220998935,3.0897326129935254,17.24853515625,56.315920242298155,1.5159738698689558,8.15582275390625,9.431076049804688,16.95916990660026,3.1776722661944103,5.273676293448196,1.5719648591533946,8.715178535896868,12.381527039627153,2.905261625378101,21.19140625,77.04527926130277,-0.0161741204436342,-0.02118253322973839,0.958513692968016,-0.013035748946270242,-0.006558563432280083,-0.0614166259765625,-0.013084112121658501,0.353255998105956,0.04913642529123418,0.2760922084758887,0.25717244543895496,0.018919763036933768,0.21358996325849697,0.2130477220653429,0.0012709640969312055,0.304915037535414,0.5164763798323504,-0.25756458522449777,0.7718412732659483,0.6672995377214427,0.07264176932510315,0.6697839116650663,0.8258847556121875,-0.10436859868676959,0.37030503128664516,0.293851793183364,0.11511322948937218,0.2773806050487677,0.32327416137954995,-0.07640587927008549,0.2910267424540038,0.24495648439204537,0.08595466218879379,0.16726294535415184,0.17555105183160508,-0.024176685618806256,0.10454173554450563,0.2115613422969364,0.11511322948937218,0.25756458522449777,0,1,0.11466048479995618,0.0007299973367782739,0.0008077256478833853,-0.050547668130364674,0.0005197833619522399,0.0005631189945113847,-0.04001767299124961,0.9230271696509695,6.136540517505211e-05,5.26842460525532e-05,0.07611069321241139,1.1645560905046626,4.642059547085843e-05,4.541256893911605e-05,0.010975520477960637,1.0219720406628723,9.320824739878197e-05,0.00013502352929999146,-0.1832060830668876,0.6902600256541459,6.9028411355026955e-06,8.788318119717386e-06,-0.12008520858661034,0.7845637133798503,0.00012445067554920971,0.00016734197609022934,-0.14698735703751425,1.9946211153932838e-05,1.8926054813840896e-05,0.02623705987036517,5.18494194348507e-05,4.193641525900015e-05,0.10568704045554415,0.00044092995650218416,0.0004896429781217442,-0.05234678157863077,Normal
Train46.csv,12.84736862393026,46.25052704614894,4.811111111111111,433,0.05139098198663528,0.0,0.42093201894570037,2.5775909423828125,4.7069549560546875,4.987359439607422,0.2130364221873115,5.568005848128907,1.3872478451629489,8.02140934598123,10.11994122921539,1.1083548650705617,7.6904296875,26.169133916122544,0.40494746422250555,2.4112701416015625,4.3735504150390625,3.380118230588572,0.06911339249850054,5.66691997763186,1.368527184767357,7.9220408060858585,9.907815399920743,1.3737906534672266,8.3984375,19.058304292621873,1.331633919866131,7.4909210205078125,8.72039794921875,14.189115630634044,3.106686925117165,5.440161972668625,1.5898425113958523,9.023659523531075,12.503573148811906,2.3992393097762066,14.4775390625,51.4411410499374,1.4124582009689535,7.9517364501953125,9.228897094726562,17.49202987145882,3.3153843376517096,5.534424701924747,1.5510349680158326,8.85420832847355,12.123041911371526,2.853611865499712,19.90966796875,55.33241613943391,0.01598455472319482,0.019354584846120237,1.0394731310619605,-0.26543578839666493,-0.10693804426246957,0.16632080078125,0.03333843088591933,1.60724120901885,0.1920819236629506,0.31610190271136795,0.28669695221971175,0.0294049504916562,0.7269450790394567,0.5091813857471282,0.17616619151363538,0.4231307317339914,0.40651306933071685,0.020029875690808302,0.9937809628935181,1.100965747438387,-0.051168374440937546,0.34256855093301614,0.28090397423634916,0.09890504106955711,0.29573415847861495,0.42575144007210214,-0.18020772701850443,0.2478104463326214,0.24790718620803456,-0.00019515116491993105,0.2414563201162643,0.23722546828928567,0.008838547530052854,0.1834086641785506,0.1730030172152442,0.029195582565245678,0.21776369329232848,0.1300172815934872,0.17616619151363538,0.18020772701850443,1,1,0.09743721835711394,0.0009370852981047925,0.00068668221204857,0.15421116908083246,0.0005941378404833647,0.0004007476586739447,0.19438240696960052,1.4825364596881068,0.0001450058682433254,0.0001315987707638246,0.04846850306846656,1.1017948682428034,0.00011552509624718644,7.889156478096597e-05,0.18841825124444245,1.464167365601543,7.380300240448443e-05,6.797468334800643e-05,0.04110596082830565,1.0855827926224888,5.3756935898379405e-06,4.827303769546989e-06,0.05369528660330307,1.1112995680941846,0.00014398812343496367,0.00010436801191624786,0.15952300204973396,4.186446226585688e-05,3.595056281528851e-05,0.07598968897732006,0.00023393372556103486,0.00020153267735317266,0.07440368293444702,0.00042110705044326447,0.0002573136429130202,0.24142983083494798,Normal
Train47.csv,19.493582415524667,70.1768966958888,7.3,657,0.05139098198663605,0.0,0.6939752215426158,3.569793701171875,6.548309326171875,1.2898176470388067,-0.06347678466583177,5.084793480076691,1.3059050763646611,6.677933197996038,8.090479053145174,1.1719955064484802,7.09228515625,6.14488398287175,0.678634825367151,3.7624359130859375,6.9438934326171875,2.431512922243538,0.05980819871270987,5.302054807958628,1.310951700294981,7.027470633944979,8.52020034966801,1.170371451631101,11.5478515625,13.617924710393904,1.380373013982073,7.4108123779296875,8.612060546875,15.392286414170933,3.2384197602107463,5.598243384719633,1.660346619256249,9.863374604121727,14.529634166962552,2.5698072464440633,16.650390625,69.75946669518527,1.6668563679884738,8.933258056640625,10.350418090820312,22.15053779231661,3.8156325151014068,5.5548392017443575,1.6560664828030012,10.055042438755313,14.828518544201458,3.3222185341235293,13.53759765625,128.99101808533334,0.015340396175464788,0.011176077355867167,1.0226047726641756,0.0016240548173791503,0.0006933391904474524,-0.1926422119140625,-0.0262733468243723,-1.1416952752047314,-0.3067975958816608,0.5027446997918358,0.40713455239983715,0.09561014739199863,0.5755019641533236,0.6626412413169519,-0.0703789966094761,0.5045254326062942,0.8171100799509362,-0.23651350316297676,0.7261935958773891,0.605068652951282,0.09098503478396548,0.6331354541612131,0.945346118392265,-0.1977917687997316,0.7521342567170922,0.5600465076476087,0.14638817518301458,0.7341233111324269,1.0571883944717082,-0.1803511251141038,1.0066539977417386,0.43260751287178256,0.39884793461667367,0.7894889533677045,0.44663533523066773,0.2773617657429716,0.574046484869956,0.3230650833392813,0.39884793461667367,0.23651350316297676,2,3,0.2212825413890631,0.0015805892947826621,0.0015555426594230663,0.00798647369604677,0.000529893778416107,0.00042936718401252223,0.10479478514504086,1.2340985924409373,0.000245925859003636,0.0002630060668717796,-0.03356022956600488,0.9350221905779046,0.0004878534022305884,0.0005464450632869514,-0.056648149956933146,0.8927603292686658,0.000284209476991496,0.00027727186121005406,0.012355695109497218,1.0249840207765843,2.9965800936571245e-05,3.5944693571163555e-05,-0.0906985404044682,0.8334322437559158,0.0006282200583558486,0.0006656448967416127,-0.028924617667512618,0.00020693354837325587,0.00021221768810806324,-0.012606460891196625,0.00011485844515696334,0.00011639744410569153,-0.006654673344326665,0.000565121772071934,0.00047801144165262005,0.08350754649333869,Normal
Train48.csv,0.059341194567807204,0.21362830044410594,0.022222222222222223,2,0.059341194567807204,0.0,0.1052729272353747,0.3589630126953125,0.6053924560546875,4.487815687300819,0.5560958531027647,3.5609258032572235,1.1833152836660545,4.36258706221324,5.013553705308717,0.2806993232722291,0.81787109375,15.848377073461002,0.11192141047328782,0.4100799560546875,0.7282257080078125,6.5144482567647835,0.5859466070185175,4.1813668671351305,1.2587558563873187,5.487101630504567,6.781366107997574,0.8644103955422895,1.7578125,40.41530584320347,1.2453516314654105,6.7539215087890625,7.9662322998046875,37.110883057337304,4.293937711502987,5.843262818740443,1.6833121706032275,10.413145650377505,16.29377410796644,3.063868927081221,17.7978515625,332.81307693715837,1.3636761812616602,7.1308135986328125,8.36334228515625,41.437825670400144,4.285364199076131,5.6886412457158935,1.595587002643017,9.517108475286634,13.335796977124634,2.5816567217139887,12.8662109375,463.7755528155342,-0.00664848323791313,-0.030610756256102902,0.9405967757575064,-0.5837110722700605,-0.5097424793293397,-0.051116943359375,-0.06646825310395567,-2.026632569463964,-0.18420141326595552,0.08453269239802792,0.08207330390489491,0.0024593884931330134,0.07876680913790672,0.07333683256629392,0.035699186119295796,0.1702046617273793,0.43895802052321814,-0.44118486278749164,0.1303566771119153,0.10451254245331514,0.11003627297811883,0.11005787887273374,0.07255817171900786,0.20534725714821234,0.056291226008582516,0.07311183774305453,-0.12998618384255517,0.13917002057366515,0.13019152214880433,0.033332516590114866,0.09552397795936353,0.07781893860556122,0.10213880488034208,0.11626734286324554,0.12204436980188914,-0.024241471942868822,0.037499707153725886,0.26875335879583884,0.20534725714821234,0.44118486278749164,1,1,0.18632638380048405,3.05586446042793e-05,9.054858428658794e-05,-0.4953456555129924,1.4108286781817138e-05,1.5307236618624916e-05,-0.04074523400966135,0.9210725885544027,3.698873398301169e-06,4.131451363311567e-06,-0.05517347535504607,0.8931345738039754,1.1838538662336352e-05,7.010718310244436e-05,-0.7109771372320233,0.168839336358389,1.740100552404273e-07,2.0141190431781086e-07,-0.07109571314719827,0.8230854161307861,3.204984036970984e-07,3.806643402003613e-07,-0.08460220535953446,0.8203932909072871,9.178985313597884e-06,9.461941209716901e-06,-0.015171144219849088,4.7013232140173215e-07,4.54318068546353e-07,0.016923587410839134,1.2656904213719646e-07,1.0236632798527872e-07,0.10129397811429822,0.0,0.0,0.0,Normal
Train49.csv,0.0,0.0,0.0,0,0.0,0.0,0.07061842743483808,0.2040863037109375,0.3162384033203125,12.860150349322868,1.6040255870862166,3.310195575280032,1.0743883130753853,3.70571965040482,3.924902140509704,0.1288820301769113,0.390625,46.3048473944792,0.05431912326341322,0.215911865234375,0.351715087890625,11.79705457432765,1.641276194564078,4.312964910801931,1.2114295834900797,5.7136497724974955,7.18233193806369,0.134751305303108,0.4150390625,33.14952028423986,1.3381007201945412,6.591796875,7.67364501953125,15.755040439152998,3.267097019507223,4.9233444128335675,1.6266267117797464,8.651800441254238,12.524140994095273,3.0633027377319877,16.8701171875,69.04641318570745,1.491923335509657,7.404327392578125,8.5479736328125,15.193209919108035,3.1815656795277163,4.813385280960663,1.6051422219581264,8.187822180447093,11.404117171881497,2.804276768354193,12.29248046875,65.54498599842773,0.01629930417142486,0.13045959982195326,1.3000654316847005,-0.005869275126196699,-0.022263022591129427,-0.0118255615234375,-0.028156220946322946,1.0630957749952188,0.04311501558493259,0.052775120617841044,0.03640878965189544,0.016366330965945607,0.0807706613444525,0.07291657867880462,0.05110432169525672,0.06816719834948887,0.06736099885218946,0.005948573466331664,0.08617370828319457,0.03939487198023663,0.3725361271064706,0.09177771835104573,0.04660700642331412,0.32641397912409714,0.059316877728128076,0.07449702746746419,-0.11344223593747844,0.046179781654712385,0.044691990313311517,0.01637242397122128,0.08831515041080856,0.06605295559120138,0.14421498037403865,0.08098859275302034,0.05689979321981913,0.17469780080657468,0.046778836302957934,0.01518014973933611,0.3725361271064706,0.11344223593747844,3,0,0.1552851914794733,2.52676286225651e-06,3.191055151244952e-06,-0.11617933404313523,1.6942997708912234e-07,2.0526333045924007e-07,-0.09314784704335641,0.7870823921922167,7.94918889302333e-07,1.0078056862326937e-06,-0.11744023322877227,0.7810124270818786,8.421677181862428e-07,1.0933214471920736e-06,-0.12909541388116233,0.7633022274057478,1.700243206532992e-07,2.0287658417018107e-07,-0.0857983439136216,0.7986990270257989,2.6848883733252084e-07,3.366506517905394e-07,-0.11080708630036044,0.7745228112098079,4.811122332239669e-08,5.271113945057173e-08,-0.04150711113783473,1.4507969892320303e-08,2.5392227191033703e-08,-0.21812052727030679,1.1811531063239623e-08,1.6973635778173546e-08,-0.13309481782148852,0.0,0.0,0.0,Normal
Train5.csv,0.0,0.0,0.0,0,0.0,0.0,0.07115181601479528,0.229644775390625,0.3482818603515625,14.58001715001889,1.8218463303376613,3.7038643600951615,1.0942361731357446,4.247994356479287,4.579882467312205,0.12616963340256127,0.37841796875,52.543253807196585,0.05509809552619185,0.2193450927734375,0.350189208984375,11.374846206573924,1.4938491441917328,4.451545473452166,1.2328154659928345,5.939532920670862,7.390356824213349,0.13511650735949152,0.3662109375,28.256003614776986,1.3331840227179033,7.4737548828125,8.658981323242188,20.981740708903278,3.9631205029956105,5.6650846397271355,1.76590106478656,11.093548184178633,16.55275153708394,2.2894807114539444,16.88232421875,86.2185957286133,1.449386149423659,7.88726806640625,9.268569946289062,20.36057349338943,3.8085063593563584,5.5912549627079144,1.7222679885416365,10.303659576675535,14.70984387403291,2.8152391049665697,11.87744140625,78.00656362557149,0.016053720488603436,0.12715826111140657,1.291365925112834,-0.008946873956930251,-0.0342416692612153,0.0102996826171875,0.022939676634367155,3.2051709434449656,0.1234901874910436,0.05336983812335438,0.03801477968307723,0.015355058440277146,0.07881328658604589,0.07018846592021936,0.057884017750889805,0.06495740879771976,0.06324576454343153,0.013351027717724508,0.08728923618207529,0.04450680915300209,0.3246108308803587,0.08719281703364255,0.037961021390273846,0.39337021005229206,0.06204240895560173,0.0761502308538949,-0.1020880771715521,0.05006694930851232,0.04973410298245819,0.003335098028152353,0.09042757497342636,0.07159387404665447,0.11624201535203836,0.0833322356072287,0.055457383992701,0.2008424670840236,0.04923179564336871,0.014107821898293169,0.39337021005229206,0.1020880771715521,3,0,0.15852054521544418,2.643311112753747e-06,3.888678592387614e-06,-0.1906566813253904,1.4064379380088941e-07,2.7101094461720265e-07,-0.30917985483907356,0.5004922281318135,7.906561574812243e-07,1.039245530435138e-06,-0.13511013908326494,0.7535473199998549,1.0184766546389018e-06,1.7159479417591987e-06,-0.25414117335768227,0.5900969722185271,1.3348663057832852e-07,1.6921502828756085e-07,-0.11425714157965318,0.7448406076980414,2.7600745921496303e-07,3.463881567857845e-07,-0.11129219714694907,0.7744574390581216,2.7647492561027208e-08,4.938209399979664e-08,-0.249738075264547,2.187701374820038e-08,3.6366892217103395e-08,-0.21232487009565199,2.1532791954979082e-08,2.0956029770221675e-08,0.01098828599691148,0.0,0.0,0.0,Normal
Train50.csv,1.8692476288859268,6.729291463989337,0.7,63,0.22790418216397798,-0.593411945678072,0.08626426254607589,0.316619873046875,0.528717041015625,3.6550788212986722,0.3659043572141121,3.754707660971113,1.1702829419264429,4.514941468252649,5.1960463324397645,0.13437368924588391,0.830078125,17.997565358553732,0.07481426241286197,0.3559112548828125,0.61492919921875,5.4492174728507425,0.4927191535736313,4.825713018148468,1.2587826284774981,6.229948111232506,7.619067774088451,0.14926094736752138,0.69580078125,24.374217927467733,1.2244350124031327,6.5052032470703125,7.678985595703125,17.208420022945358,3.423063787452825,5.471317897552823,1.700396657283101,10.478534595697045,15.870603796997843,2.983461087781825,16.9189453125,56.339632325533536,1.3958457164954858,7.295989990234375,8.518218994140625,15.868094949829931,3.2886532466656817,5.203425832327151,1.6079418704805366,9.028894533833581,13.621756037916354,2.5336282177844027,12.451171875,62.91439221679626,0.011450000133213914,0.07108333916826812,1.153045532141611,-0.014887258121637464,-0.05248744573129965,-0.0392913818359375,-0.0584231415022532,-1.7941386515520703,-0.19706505496030108,0.07045229919736343,0.05359780167160466,0.016854497525758766,0.07436722410249015,0.061302454246969694,0.09629837006677604,0.09271734449261801,0.10023935104946283,-0.03898287201635699,0.08507363748056265,0.05830975691874052,0.18665954176459912,0.09567435474412408,0.06222027528350308,0.21187596649745347,0.10028666817283156,0.09993611768872306,0.00175080206327205,0.09154180843007763,0.10624755197397596,-0.07435052507552221,0.09576250686336762,0.07480410583110585,0.12287515987112788,0.07934408332931978,0.05618586990614196,0.17087153918092715,0.033454079460621004,0.014705743543898336,0.21187596649745347,0.07435052507552221,3,0,0.10189573119604599,1.1881117547892622e-05,1.3558825955786236e-05,-0.06594780399771728,3.4017823418475306e-06,4.007982700410743e-06,-0.08170074862353188,0.8466393699255548,3.6258100717396786e-06,4.114353657491017e-06,-0.06303655030005836,0.879122008645927,1.6346322793345707e-06,1.9560366123711095e-06,-0.08926239615558923,0.8314353196928244,2.537533617983243e-06,2.6314802436205373e-06,-0.01813986757861308,0.9606483425767289,3.374119787760593e-07,4.1617493946104297e-07,-0.10314865119327109,0.7917217732294708,4.291901819231078e-06,4.4060514797479715e-06,-0.013108667053861801,2.1798487865855452e-07,4.4039198649549934e-07,-0.33275704087346336,3.396281801835764e-08,6.378251011406816e-08,-0.27676088246777847,0.0,0.0,0.0,Normal
Train51.csv,1.275835683207855,4.593008459548278,0.4777777777777778,43,0.227904182163978,0.593411945678072,0.07315745586764241,0.24261474609375,0.3871917724609375,10.734830102430688,1.3982444482916785,3.6430804313431793,1.1098867264338623,4.213254254530819,4.701886877462093,0.12799856646673813,0.4150390625,52.989893140256115,0.05794421657071863,0.2391815185546875,0.4001617431640625,10.223950627684646,1.4485402608928641,4.516063828494991,1.2415822927727156,5.927442558627117,7.440123480587359,0.1407219234873683,0.390625,33.64327342138898,1.3563078330231613,7.067108154296875,8.3831787109375,18.626919821984316,3.814537857614105,5.3153851046676115,1.6917331703316765,9.38509398486528,13.493056108629453,2.414758276437165,15.52734375,102.5761344542333,1.5147150703647139,7.924652099609375,9.372711181640625,18.729072708231694,3.865534277832174,5.407766040753739,1.738130212333049,9.783769896365314,13.953846267511382,2.721810514647534,11.58447265625,86.49568721113309,0.01521323929692378,0.11604152604278331,1.26254952731756,-0.012723357020630183,-0.04734792106595197,0.0034332275390625,0.007125890588439473,0.5108794747460426,0.024375438680371977,0.05393868084149472,0.03825420194322406,0.015684478898270654,0.0798530439204517,0.07022945480170638,0.0641219899686052,0.0685293536639214,0.06677658933049917,0.012954081432725393,0.08786608035371218,0.046702065949414714,0.3058971419031098,0.0937984659167102,0.05485352790374646,0.2619873060036367,0.06319349703643334,0.07982838462299055,-0.11631007948188549,0.05516149960571778,0.052429305799240475,0.025394303372399122,0.08869132782227611,0.06739417270597528,0.13644543330270273,0.08375017646514749,0.05621881282690502,0.196696152558731,0.04116401440429747,0.016634887586557207,0.3058971419031098,0.11631007948188549,3,0,0.13208994940919078,4.64024621404109e-06,5.651245840838265e-06,-0.09823644826289737,4.0848330448536887e-07,2.758892937551324e-07,0.19095513138943235,1.4288163754576961,8.170440664270806e-07,1.1865817305817973e-06,-0.18351853889816225,0.682815093649993,1.0131475466347851e-06,1.391432553689492e-06,-0.1566669943995245,0.7229370717609739,1.7248773847531596e-06,2.029612962149413e-06,-0.08095002226449864,0.8456885775698472,3.6114382519106456e-07,3.7657551103643165e-07,-0.020638339946142507,0.9342128895408215,2.6562538523836674e-07,1.0537434006740939e-07,0.4206067210215069,4.3202746860109665e-08,3.6904094273392756e-08,0.0699020463649904,2.9597156975788057e-08,4.139052569664442e-08,-0.14561928841150465,0.0,0.0,0.0,Normal
Train52.csv,1.3055062804917583,4.69982260977033,0.4888888888888889,44,0.11868238913561446,-0.23736477827122893,0.16849185081934548,0.70037841796875,1.256561279296875,2.2715560962937085,0.2599193914657325,4.1628630736221055,1.2633995427739555,5.371660334670699,6.454009613007205,0.34898839175831353,1.5380859375,21.056587187398623,0.1661273034627234,0.7465362548828125,1.3622283935546875,3.0404441875646424,0.21262593536057456,4.444537489814895,1.300962064605128,6.055572063102648,7.500477823942888,0.3371547557922512,2.197265625,40.04352276495938,1.3291684214994774,7.126617431640625,8.388137817382812,28.008642116568453,4.274715095185472,5.605861332387894,1.7488636374954667,11.138451043139149,16.78949995107442,2.2897145023005883,12.73193359375,143.82865634916232,1.4141208374958758,7.775115966796875,9.05303955078125,27.56365697165416,4.214400866843482,5.76960403243819,1.662376099959263,10.192437143182838,14.281209699255996,2.326355767528286,12.39013671875,131.95534527690037,0.0023645473566220876,0.007066383545889442,1.0142332847461153,0.01183363596606235,0.017246599103759596,-0.0461578369140625,-0.031900869803252796,-0.7688880912709339,-0.14474549110245907,0.1267648605145282,0.1174774445599197,0.00928741595460851,0.09696388858063003,0.07873303313871009,0.10376308375744472,0.22522444061059935,0.14921665240106663,0.20298996984624482,0.18509583111143224,0.22975240523445997,-0.10764556561676766,0.21426112329781719,0.16908043766229167,0.11786012542904484,0.13566002314447156,0.18435036203671137,-0.15215236637757468,0.26324782003639435,0.19368027539979735,0.15225052652470697,0.14897775212226574,0.17344888830169566,-0.07589675402840498,0.14345200427903237,0.21702245197355946,-0.20409336744249387,0.07600778820953272,0.07357044769452709,0.20298996984624482,0.20409336744249387,2,2,0.14621193615873646,9.150876639978559e-05,9.578255167932372e-05,-0.022818918267919652,4.615631513468323e-05,5.179422149469223e-05,-0.05755283253846894,0.8909759437155585,3.5706287214152384e-05,3.609270958252695e-05,-0.0053812528459169,0.9890195951229536,8.245074788119668e-06,6.4333340457519e-06,0.12334492883871005,1.279628640944925,4.0399173778918733e-07,4.5003847700179005e-07,-0.053292973352491106,0.8781694531773162,3.042254980670944e-07,3.70290507184712e-07,-0.09651346149797457,0.7999818357793721,3.8978230786184886e-05,4.3369626801794215e-05,-0.053320911255106455,1.0103100135069504e-06,8.070292459113605e-07,0.11124413080267284,2.5118296941625187e-07,1.953705126130787e-07,0.12224735764820557,0.0,0.0,0.0,Normal
Train53.csv,14.123204307138113,50.84353550569721,5.288888888888889,476,0.0,0.0,0.5955390390902451,3.583526611328125,6.5338134765625,5.382778589851,0.24682100094212062,5.999862560301693,1.407769285646731,8.76181888479206,11.099767297070098,1.0601971859432424,10.72998046875,29.80486207507802,0.7687620864073981,3.7197113037109375,6.95648193359375,2.4519551940755147,0.1284777746460405,5.226454169721713,1.3580676575665576,7.132491154483759,8.816062222737191,1.8925096560475014,7.4951171875,10.792513323210667,1.4974310527607806,8.089828491210938,9.453201293945312,12.313099946430572,3.0930266904333505,5.541479696986601,1.6819019197801697,9.621924586467866,14.207963511722923,2.852865305589555,17.0654296875,52.977177882423334,1.712601273099784,9.64508056640625,11.08245849609375,10.80439351011185,2.9000406239405336,5.686358389903441,1.5774900188262246,9.126883233720626,12.320231729352532,2.7231737545333927,15.1611328125,37.74442379683683,-0.173223047317153,-0.12696833771524207,0.774672739295207,-0.832312470104259,-0.2818811727087319,-0.1361846923828125,-0.018647166336441666,2.9308233957754855,0.3740807885581843,0.39770714919741473,0.4488856186163481,-0.05117846941893339,0.4315949972556042,0.4161551917491548,0.018212682845224242,0.5071010631173348,0.539124547455808,-0.030608583568169586,0.6643857786124243,0.6330476312257368,0.024153954189492476,0.6213079598942739,0.5105404829341657,0.09786422968844036,0.718858314210238,0.6691214670622121,0.035833985091691424,0.6487394686856602,0.6647376471148573,-0.012180020584253968,0.6356294710757864,1.1454959976094314,-0.28626086855487337,0.7596199783523608,1.6768592554953505,-0.3764609443971608,0.11076747696010825,0.9172392771429897,0.09786422968844036,0.3764609443971608,0,2,0.1587021137404694,0.0012014235164068431,0.0028108061474160814,-0.401119269298206,0.0005121664694872537,0.0009664646038133361,-0.30724030498625887,0.5299326722776184,0.00040872798133187693,0.0014554591651157918,-0.5614916779475386,0.2808221507731907,0.0002126394769656409,0.0003028085720598526,-0.17493003604208368,0.7022009103312604,5.485714151279552e-05,6.468147284885917e-05,-0.08217854626355933,0.8479810258913115,8.821670788878852e-06,1.248311958945261e-05,-0.17177972363715915,0.7061223360357969,0.00023447905072795724,0.00032307581515109737,-0.15889947492200537,8.405051146906462e-05,0.00016377310757490553,-0.32167789185895995,0.0004180564090709169,0.0017127475319701744,-0.6076040230273162,0.00039795894888464416,0.0005247877503041478,-0.13744554933169334,Side II
Train54.csv,10.384709049366261,37.38495257771854,3.888888888888889,350,0.213957719761514,-0.5934119456780724,0.31373492129359815,2.48565673828125,4.30908203125,7.1620577142358295,0.3790797042212033,7.149947117879268,1.3740791984080833,10.121548633683833,12.565210484390317,0.8137347302857322,9.619140625,21.665271505921076,0.32407010673882,2.2632598876953125,3.8906097412109375,5.691180951396689,0.4672240367506435,6.480550250838298,1.343691119074541,8.921241060272346,10.997518033789287,1.208225141263625,7.91015625,37.37586146211209,1.2781707760685017,6.9610595703125,8.127212524414062,29.51362443355197,4.2320251259686845,5.732079871748102,1.6089447183291568,9.5073457462927,13.297318595793381,2.3579670513506663,16.4794921875,136.08767856819912,1.35902490077288,7.466888427734375,8.629989624023438,23.109018484989228,3.6935076840836345,5.554822255366407,1.586881414180657,9.539225876798827,12.724922731853532,2.836904452860802,14.0380859375,126.81985425405486,-0.010335185445221828,-0.01620430198717953,0.9681081503310861,-0.3944904109778927,-0.1951029862549046,0.2223968505859375,0.046831070670122224,1.4708767628391408,0.11443627555346535,0.2454561821574789,0.23845781204593278,0.006998370111546137,0.5220566656096517,0.7630285958664474,-0.1875143506858545,0.48096148880960005,0.4319258563051359,0.053714877558251536,0.34193731420027673,0.3314893170684441,0.015514677459372335,0.277402576064241,0.2128503306341482,0.13167131338008192,0.3841051639328689,0.3779965176500772,0.008015526471413,0.2521212704278166,0.2564559852953306,-0.008523217925108047,0.20670678246097085,0.2070491441155122,-0.0008274483198335094,0.14614426866465519,0.13926708730920498,0.024095681445566765,0.0645522454300928,0.24097193025679575,0.13167131338008192,0.1875143506858545,0,1,0.08380021925227725,0.00039330123209721117,0.00046256624348196287,-0.08092959875345114,0.00019986182534484335,0.0002513322280809869,-0.11407344935256512,0.7951780600928084,8.809538612378226e-05,9.622285476585113e-05,-0.04409236806494129,0.9154398083495647,6.013350306315479e-05,6.0842600765689676e-05,-0.005860984692407549,0.9881829586001797,4.061775899591937e-05,4.700380873699995e-05,-0.07287385021507066,0.8639538060644961,2.6396149267997057e-06,2.4207388576884063e-06,0.043167810061087566,1.085931102162878,4.802699641576475e-05,5.627182475961522e-05,-0.07904248414415503,2.883971228076221e-05,4.727119884367204e-05,-0.24213433983705246,0.0002086345722669352,0.0002008255977200468,0.019070924133830495,4.337090582189301e-05,8.510067914793568e-05,-0.3247918628637876,Normal
Train55.csv,0.0,0.0,0.0,0,0.0,0.0,0.07048101182416613,0.2044677734375,0.313568115234375,13.65357347774567,1.544444676674401,3.230179622226879,1.0735556738019154,3.5886411971312704,3.786545818325581,0.1286403919979132,0.341796875,53.896759486262034,0.05437064677604039,0.206756591796875,0.345611572265625,13.720995848446211,1.6009966884321116,4.104112724878893,1.197262071605635,5.253160395883558,6.405060370391325,0.12760044274118798,0.32958984375,99.91816899614797,1.293605936243039,6.6532135009765625,7.9051971435546875,19.308364405396663,3.609705514401619,5.152678091852643,1.6250356627569116,9.012459281331761,12.713425912680526,3.0411405715313236,17.041015625,59.237485959296016,1.4683634156774077,7.5862884521484375,8.977127075195312,18.306369634241975,3.608056158971652,5.163576932601026,1.6321633619542382,8.902510740455451,12.440679844279924,2.5632598581906763,12.07275390625,63.50936964698356,0.01611036504812574,0.12903604115787598,1.2963060592496856,0.0010399492567252089,0.004058483563711563,-0.002288818359375,-0.005565862573371292,-0.06742237070054102,-0.0024629563984190973,0.05448414335823126,0.03702805846649122,0.01745608489174004,0.0798214077157054,0.07384797389525366,0.038871981972665885,0.06788396370256577,0.06852193305317165,-0.004676992116978438,0.08696256848489253,0.039889544928482706,0.37108581464586243,0.09302290453141027,0.05228664927582794,0.28034118462857266,0.05522932981896042,0.07091691588153673,-0.12436029888847888,0.047437511361162234,0.042229271448071565,0.05808437828451393,0.08822306175383653,0.06753197345407913,0.13284377576429127,0.08076784786413355,0.05571871299977767,0.1835282013886334,0.047073023556409826,0.01568758606257631,0.37108581464586243,0.12436029888847888,3,0,0.1493954829665566,2.5900826440007265e-06,3.534495128347849e-06,-0.15420042318851493,1.6180340020910277e-07,2.275717124382995e-07,-0.16467804363979446,0.681071826895743,8.427244891128426e-07,1.0760991105282368e-06,-0.1209932424400143,0.7759185887768326,8.636919487010982e-07,1.3744146216812842e-06,-0.22717903132737907,0.6238679765258466,1.483246056747779e-07,1.6821635630804597e-07,-0.06091655549883018,0.8322726866797772,2.772793983874351e-07,3.328529978375703e-07,-0.08961570108001776,0.808741356022206,2.695514246574784e-08,4.4261304188366965e-08,-0.21308691078695835,1.5145438893789075e-08,2.579146463589292e-08,-0.20900417976723273,2.3158193918477152e-08,3.992803794316851e-08,-0.22945284765039128,0.0,0.0,0.0,Normal
Train56.csv,13.856168931582982,49.882208153698734,5.188888888888889,467,0.05139098198663528,-0.11868238913561235,0.3294710748323331,2.06451416015625,3.7609100341796875,6.009086653645623,0.24165133819459947,6.162935873875497,1.3635770331968278,8.736514995303821,10.844723074299333,0.5374581886263904,4.58984375,40.92357449992774,0.2899128814918416,1.65557861328125,2.9876708984375,3.051116419375602,0.1256992454173575,5.601131870460371,1.302611998503304,7.4255679587122385,8.98308382507877,0.80254525140236,5.5908203125,17.454454355993118,1.2072220952707644,6.2541961669921875,7.4253082275390625,17.12265924687442,3.4485729674675802,5.287044824900756,1.5738100890472737,8.819013840525276,12.696033453838949,2.296628968043505,13.720703125,58.99019084321216,1.3303434795250653,6.8359375,7.8022003173828125,13.663766218150137,2.92073105506053,4.83437766668272,1.6015888382835015,8.43639960852641,12.562634990401644,2.753526171705872,12.5,43.931276978161364,0.03955819334049154,0.06386699606587407,1.13644851436903,-0.2650870627759696,-0.19782565691922813,0.408935546875,0.10992616869548313,2.9579702342700207,0.3264794626748756,0.27291670140387053,0.21792332865502348,0.05499337274884705,0.18404654203773912,0.14637846614893746,0.11399886151332751,0.3262352853230013,0.31329971744206214,0.0202265202416542,0.47511208366294105,0.38528107715324034,0.10440692645722155,0.4223993539565467,0.4733541160274994,-0.05688480503794437,0.3308140490582318,0.38576699189218916,-0.0766876862862502,0.3430445053011789,0.23968760754012142,0.17736605501874045,0.36268436967963796,0.2915300073232222,0.10876306570143447,0.24320253581053197,0.21263235507277745,0.0670641512497532,0.1033568977610575,0.05495294283395735,0.17736605501874045,0.0766876862862502,1,0,0.08288454073842946,0.00041293542601519774,0.000331673797882451,0.10913325476601489,0.0001914168200311501,0.00014770933921136174,0.12887885773493626,1.2958142180507901,6.858799920806126e-05,5.2820708636001955e-05,0.12985882366915874,1.2982600646269082,0.00011248604748727233,8.91822509143632e-05,0.11554935140567484,1.2611639053181243,3.582987946189116e-05,3.5948696043188285e-05,-0.0016550903881456128,0.9964176514870726,3.0836413748196127e-06,4.689591306581829e-06,-0.20633456527642324,0.6561509658299306,0.00013164760850048815,0.0001096001030777738,0.09138570236152775,2.1300227475664633e-05,2.1618712793672626e-05,-0.007418895412041563,7.245713823630138e-05,5.2319105336452504e-05,0.16138023169282953,0.00016541125485995244,0.0001234292549644017,0.14534161605281357,Normal
Train57.csv,5.607742886657781,20.187874391968013,2.1,189,0.051390981986636046,0.11868238913561413,0.2417859701926307,1.3278961181640625,2.347564697265625,4.088176091563607,0.31521589225041996,5.039898330849688,1.3276110984673921,6.9897429220657825,8.677046165861016,0.7091628866640322,6.6650390625,30.27520862002404,0.2656500827054018,1.2889862060546875,2.40020751953125,2.5883129351648915,0.04638235094352709,4.762430255146433,1.3295529932558816,6.450468735262858,7.915350989605715,0.520538443689311,3.4912109375,18.75990573972393,1.2819793378452684,6.8603515625,8.157730102539062,26.454807155245234,3.903579934558863,5.684886515378546,1.663199239864828,10.4826812899776,16.23504526966041,3.002617625327384,17.71240234375,165.60104400904527,1.4248869358467535,7.513427734375,8.904647827148438,27.435530090102105,4.019681551236108,5.442452698235565,1.572017371648741,8.742243680491693,12.239912109045745,2.6390069625955257,12.890625,200.2728484297435,-0.023864112512771096,-0.047028806696315754,0.910167083814137,0.18862444297472114,0.1533904508232232,0.038909912109375,0.014868804607904258,1.4998631563987157,0.22464848637475687,0.1886036390516126,0.18643590179537828,0.0021677372562343145,0.21871341671895167,0.347486974460058,-0.2274345928984839,0.1171596335021444,0.16316925707240865,-0.1641272928904741,0.4282255966450948,0.22848254559398945,0.30415801961658295,0.18892050131655758,0.17657560367402722,0.03377572875938328,0.17096541046105132,0.23042663092363525,-0.14813751357920493,0.3743760411513917,0.2463755583531804,0.2062024179049165,0.2656939150664606,0.38006120822500655,-0.17710628574581577,0.29123810450160714,0.41767677019816946,-0.17835521361652423,0.19974305105110535,0.12877355774110633,0.30415801961658295,0.2274345928984839,2,4,0.18859886216318525,0.00023456178540471847,0.0003148311058402996,-0.14610549520157995,0.00011430214014782777,0.00018594954964517739,-0.2386165532697229,0.6146613086874189,9.068494375329936e-05,9.347941179875416e-05,-0.015172948682668214,0.9700022923291922,2.2889726446706823e-05,2.8378560477621137e-05,-0.10704012088029106,0.8063010614698453,3.7605969268048534e-06,4.415320337686773e-06,-0.07998167947799069,0.8497908941820498,1.4391467690878636e-06,1.327329449072849e-06,0.040273105630664614,1.0761348073846748,3.320228058942972e-05,4.741791028176094e-05,-0.17630653653097697,0.00011129992888205625,0.0001849850833607001,-0.24868847410186284,6.139167817572056e-05,4.8518590423155223e-05,0.1171129575705658,2.182293229373446e-06,1.985049851116403e-06,0.04721742372041747,Normal
Train58.csv,9.405579338997441,33.86008562039079,3.522222222222222,317,0.05139098198663605,0.0,0.21808049681318525,1.1737823486328125,2.140045166015625,3.4582294563000486,0.16048451800718244,5.032363845000603,1.3180920503494364,6.822820845171035,8.410826688083816,0.4340991605762414,4.45556640625,26.802680569453226,0.23692594409474232,1.200103759765625,2.19879150390625,2.0972016867481473,0.05859991844889727,4.7452557682995575,1.330422212007884,6.430507491741938,8.011783418228104,0.8950450704190892,4.57763671875,11.923350533375187,1.2771461115087996,6.5410614013671875,7.9631805419921875,15.389712394004512,3.521952379800638,5.197661813213553,1.5912284288693157,8.836475832238214,12.57226142874923,2.9797261464133706,16.2353515625,41.63268290608446,1.4588241234894879,7.5733184814453125,9.026718139648438,18.251260278206992,3.6299231491104607,5.174333429316052,1.642217849534886,8.946325803996945,12.480431255164913,2.71910557942822,13.70849609375,104.29072660335659,-0.01884544728155707,-0.04141797823734707,0.9204584514450405,-0.4609459098428478,-0.3467990121957479,-0.0263214111328125,-0.011087899680112062,1.3610277695519013,0.24499048445684046,0.1707561046777862,0.1624088460395967,0.008347258638189498,0.17858761560779823,0.15873159046511337,0.05886419805503455,0.18002828127494633,0.15590028966741584,0.07182476566848091,0.28875528583601373,0.25097717106964307,0.06999414910679097,0.3147458319406962,0.5634156331353661,-0.28317092955271267,0.2864989389192695,0.18853688633550866,0.2062203423689507,0.20641183861466142,0.5149793230750693,-0.42773947973003795,0.16353850472991635,0.11382156622847683,0.17925051914337145,0.21466760350223094,0.11833150680345686,0.289298351930597,0.09796205258376081,0.30856748446040794,0.289298351930597,0.42773947973003795,3,2,0.2322812597080535,0.00016999892321458248,0.0003157357839727605,-0.30003386334501475,0.00010271889410766276,0.0002523767491187634,-0.4214460059021767,0.4069900439160031,1.6231027635822773e-05,2.5478539726568064e-05,-0.22165886837747256,0.6367970786064415,4.021422168421167e-05,2.721410475908862e-05,0.1927704557741818,1.477154971304846,8.659659739204761e-06,7.676252992380111e-06,0.0601622413488378,1.1266425588371412,1.211736838017748e-06,1.3466998595480856e-06,-0.05254675797859649,0.8931502642164167,3.527133976543081e-05,2.5692920667680084e-05,0.15708954942156791,8.949020940113086e-06,1.456266614949095e-05,-0.23865827259724692,7.167743826876056e-05,0.00013721689457503558,-0.31372952113578606,3.304131090586243e-05,0.00011919010712383368,-0.5658696387153141,Normal
Train59.csv,5.162683927399227,18.58566213863722,1.9333333333333333,174,0.05934119456780662,0.11868238913561324,0.2372278547964442,1.5155792236328125,2.693939208984375,9.429334600697388,0.44287180383564695,5.9523690196880885,1.4323096090781715,9.059648765604509,11.836728217994136,0.5887225022343462,4.69970703125,66.08439757649795,0.22681982130209705,1.5583038330078125,2.7740478515625,11.311260143078524,0.42058614674277606,6.6839389586869675,1.5211108753554603,10.83643675306608,14.417330761728968,0.44821863382658855,4.94384765625,75.78093276396375,1.3233448237280492,7.147979736328125,8.412551879882812,26.09629190739539,4.153216089528937,5.486798649390103,1.6837891473501938,9.969533670485395,15.101620124749896,2.3087607418537415,12.78076171875,128.27042261959608,1.4092867788283172,7.825469970703125,9.146881103515625,30.40850375307773,4.289065707418754,6.011485267577218,1.660043709513595,10.031488043982762,14.113313680069597,2.2565328575261363,11.9384765625,165.00597775656337,0.010408033494347158,0.022428801621342413,1.045886743829224,0.14050386840775764,0.13549840214316378,-0.042724609375,-0.013899230533090098,-1.8819255423811363,-0.09073633445533301,0.1792638235705654,0.16094653203318207,0.018317291537383318,0.4124575721349814,0.3153870320487541,0.1333671201168262,0.2111035329329286,0.2376513833143945,-0.05915890573830611,0.34987662665625113,0.2938419299646906,0.08704843948451303,0.26729913771845604,0.32056715774424804,-0.09061247350086725,0.337772354198354,0.2387402132285282,0.17177793659217402,0.13677606743556575,0.1345885813898416,0.008061057232701641,0.19678405485233622,0.19458183948289218,0.005626998532702298,0.16055519147434372,0.1900142147682218,-0.08403192614353684,0.0990321409698258,0.05326802002579201,0.17177793659217402,0.09061247350086725,1,0,0.09356743459024953,0.00023164899764031654,0.00021884705646776966,0.028417432418787292,0.00013998202943211986,0.00013629181565468607,0.013356603518654347,1.0270004750836,5.096069684032723e-05,4.95315943065976e-05,0.014219601537644734,1.0286446682548656,3.5002905000438326e-05,2.7432850362076464e-05,0.12122608805699625,1.275483579096768,3.3277766457660685e-06,3.4039199651559735e-06,-0.011294385343082232,0.9747670360555833,7.216921657081903e-07,7.890696810390043e-07,-0.044305106335308084,0.9031654971188464,3.669185327801497e-05,2.9845916387865435e-05,0.10287252186694248,7.692394468243455e-05,4.336829610165419e-05,0.2789278766719236,7.131141565227281e-05,0.00010677969212844198,-0.199146860556528,6.715544827520893e-06,6.666983204768179e-06,0.0036260236032833347,Normal
Train6.csv,5.459389900238262,19.653803640857745,2.0444444444444443,184,0.0839211221652137,0.11868238913561413,0.29870172905306847,1.6231536865234375,2.8614044189453125,5.012201367288486,0.34268109691439835,5.481540727888126,1.3426622227380478,7.552012856113288,9.305737645383324,0.515921088661813,4.0771484375,36.01866722167199,0.33417407130196725,1.8207550048828125,3.2978057861328125,4.524077607859726,0.2268804943036106,5.287024242507577,1.3801587463252774,7.614915245507405,9.6729204235761,0.811859694682419,5.31005859375,34.9000075738037,1.2720498169812338,6.4723968505859375,7.6847076416015625,18.391736031677034,3.7423588095577824,5.14269026706078,1.5754191559018742,8.628531148119194,12.942403740566977,3.4058629984135806,18.1884765625,50.070290237924674,1.4387560091802043,7.892608642578125,9.403228759765625,26.393653416366156,4.362745020075402,5.7411777843223035,1.6314764061842058,9.559927677968352,13.736320946088782,2.6160276575881225,12.85400390625,95.89091301633881,-0.03547234224889878,-0.05604945183321073,0.8938506777345034,-0.29593860602060607,-0.22288212595336357,-0.197601318359375,-0.057377049013723425,0.48812375942875974,0.051185977275723896,0.23481920496929964,0.23226597619544828,0.0025532287738513626,0.1877718683014151,0.3736341756585435,-0.3310657340549176,0.21028261604381254,0.16177911322930594,0.13036412426944485,0.33167697855519634,0.3493996849108587,-0.026021602333655122,0.41228715849405617,0.32467559432817383,0.11888194164705168,0.439036884273337,0.6148873879580093,-0.16685307156256557,0.38452189611988125,0.29311214116853895,0.13489545768416167,0.27944286239075916,0.34896573965079647,-0.11063323437623397,0.20761989186231103,0.2961348668640959,-0.1757104458297605,0.09140975495134229,0.18586230735712841,0.13489545768416167,0.3310657340549176,0,3,0.16119099100512738,0.00029501519563895505,0.0005281605210189926,-0.2832266801146612,0.0001360434853056077,0.00032267505787061295,-0.40684534533817024,0.42159834174954913,0.00011178665407336645,0.00013802414152880348,-0.10502523375683756,0.8098478596329012,3.581148909608634e-05,5.593116656330135e-05,-0.2192816907872951,0.6401634305491847,6.580734895957925e-06,6.957926058376046e-06,-0.027839737350388458,0.9444323663634915,2.885918433254758e-06,2.3145936571498495e-06,0.10964848870747824,1.241472213596737,5.9425968124542116e-05,8.265887420328017e-05,-0.16350281050411516,0.00014160568675933603,0.0002801013812360188,-0.3284090329448281,4.744412781682534e-05,9.737468675804413e-05,-0.34475569718487964,1.768396761223779e-06,4.892679667280034e-06,-0.46833265059098844,Normal
Train60.csv,9.55393232541696,34.39415637150106,3.577777777777778,322,0.21395771976151426,-0.5934119456780724,0.2773423969304507,1.7242431640625,3.0673980712890625,4.8257909697477555,0.29957166436695737,5.683790469984127,1.3421554769533524,7.909357508809389,9.799781412505991,0.7156405984436232,4.6875,23.30004382449045,0.3676100157249593,2.443695068359375,4.338836669921875,5.5271399550112035,0.4278817663958729,6.0515021616065265,1.36508281025325,8.513208307370277,10.688321266543856,1.532731293404381,10.90087890625,24.003988371149454,1.3126004866916392,7.379150390625,8.597946166992188,26.807430931130074,3.958572071632843,5.628384496525419,1.6211276267318042,9.456944240413195,13.406667391762177,2.7028053789312927,16.29638671875,316.13603036466253,1.5020355747913883,8.231735229492188,9.5306396484375,25.70971050244993,3.851449418699536,5.454093977600355,1.6052261226104272,9.151100780276979,12.82005686952689,2.3932599151152503,20.05615234375,184.88165649433643,-0.09026761879450862,-0.13996012050448173,0.754447315150089,-0.8170906949607579,-0.3634143863340254,-0.719451904296875,-0.17261577846192394,-0.701348985263448,-0.06774400309276062,0.2112923144776205,0.24474121615169006,-0.03344890167406955,0.3845086861554428,0.7372960450126947,-0.3144819645617594,0.6023542872050235,1.1065629575023335,-0.29504568984157925,0.23294203118271525,0.23636920824071292,-0.0073025674586068845,0.25352752757528274,0.19289061049209855,0.13582986566673316,0.2628078645009341,0.29925310545220646,-0.0648421474735906,0.2227416962083022,0.25672795741819976,-0.07088302720309796,0.16626422444777084,0.17723683524843487,-0.03194345452946702,0.13386177259078885,0.12390706467330594,0.03861873932067481,0.060636917083184194,0.50420867029731,0.13582986566673316,0.3144819645617594,0,2,0.14563416543380817,0.00030631933433235113,0.0008833022259292278,-0.4850138152086006,0.00013124005698191655,0.0005440419573262503,-0.6112939167024611,0.24122706519961318,5.8098734652452254e-05,0.00020242264286471592,-0.5539597939705101,0.28700279673411744,7.524444927101546e-05,8.539495078434233e-05,-0.06318418562303459,0.8810314692530724,3.589786232862044e-05,3.841655932513912e-05,-0.033887878848920396,0.9341940303548234,2.3665947941583404e-06,3.0560932951272783e-06,-0.12691663678037604,0.7718600076257952,3.0167236011414707e-05,5.695900133354504e-05,-0.3074698442172298,3.660980335264014e-05,0.00014668810976843175,-0.6005103900947619,0.00012633150341656783,0.0004759506597855138,-0.5804809986405908,1.3190575318441332e-05,7.904113252996552e-05,-0.713891348583281,Normal
Train61.csv,7.684684696531033,27.664864907511717,2.8777777777777778,259,0.35973687390645337,0.9494591130849157,0.20183549499640618,1.2134552001953125,2.0656585693359375,4.030296495716044,0.29494138415772253,4.813372874971159,1.313084909426769,6.8550381869696615,8.700012904498273,0.5699347329209016,6.55517578125,31.22053568097001,0.1941011518783991,1.1188507080078125,2.03704833984375,3.047339505172141,0.15973881349981373,4.884599029040203,1.3355887697959234,6.870156383145192,8.733616508685746,0.8594463058712972,7.28759765625,23.638831773640963,1.2141212121556286,6.133270263671875,7.1544647216796875,17.783102270773842,3.5742285236772897,5.231076139903559,1.5684114427989222,8.850530514764968,12.447185919157839,2.9306772442133227,17.1142578125,59.97906673789034,1.3156237449578454,6.8340301513671875,7.8319549560546875,17.634310096091852,3.4219583232464235,5.025501439228245,1.6180342931719711,9.07751128459215,14.45087604179124,2.4809322855210247,13.4033203125,54.02534889612794,0.007734343118007081,0.0195342941445623,1.0398469181902812,-0.28951157295039565,-0.20254331285211016,0.0946044921875,0.04056264294024774,0.9829569905439031,0.13888210541369023,0.16623998601890388,0.1475354569624797,0.018704529056424196,0.4535121127377845,0.5831023224308276,-0.12501293060021404,0.19411697704196154,0.18281650375807346,0.029980019180314864,0.2505430492588401,0.1734106429673256,0.18193591867813624,0.21743001502504689,0.18446485342362545,0.08202433862473704,0.15047295286225063,0.15213062588563026,-0.005478034911082126,0.14940117175773857,0.1475838281752233,0.006119310812776322,0.17321096652893014,0.15303247001353262,0.061851040164177376,0.09175254887878474,0.07247284228477273,0.11739783527647298,0.07713240629151447,0.12959020969304308,0.18193591867813624,0.12501293060021404,1,0,0.08574800065553641,0.00018872986920278,0.00022985523115255071,-0.09824850888113311,7.591701959603096e-05,0.0001398499764362531,-0.296291810599943,0.5428073243715528,2.797042920465202e-05,1.9402388750948423e-05,0.18082589477333716,1.440854578151052,1.5600197414375482e-05,1.3887754504560519e-05,0.05805294260838744,1.1224976962469952,6.786826735807587e-05,5.506639803960578e-05,0.10412708251358982,1.2322568245888443,7.733338721908621e-07,8.302291908920572e-07,-0.03526067248495968,0.9203844386432546,1.9790889876201933e-05,1.4576293536668578e-05,0.15168771324008634,2.1892732469782625e-05,1.974203175481943e-05,0.05164396425355785,6.682449710927751e-05,0.00013000416153781226,-0.32097182973497596,1.9114100536057242e-06,1.8904203426541894e-06,0.005506465075709948,Normal
Train62.csv,13.262756985904911,47.74592514925768,4.966666666666667,447,0.12933113515502737,-0.3560471674068406,0.464615832550171,2.5714874267578125,4.61883544921875,2.4477545184674607,0.1543739895948623,5.020735672271497,1.3405241204561826,6.883794844281647,8.581356668415777,1.7899372552618258,10.15625,13.123760451946843,0.4222054357305497,2.645111083984375,4.8213958740234375,4.411065863166538,0.17700208344093699,5.755613645577423,1.3859800062656493,8.312094250927107,10.56213708396602,1.2613243218745893,10.04638671875,21.714790603346053,1.3348398560197379,7.639312744140625,8.983230590820312,27.109135461511396,4.165265247252037,5.880308326090047,1.719517040018323,10.796583747366599,15.802215236595833,2.5289577418786835,16.41845703125,182.03903869992558,1.4860804308518585,8.528900146484375,9.872055053710938,24.421839082106235,4.120842857696921,5.973429596341514,1.6658422624703757,10.39259549590927,14.333691601112504,2.8311919974813033,15.6005859375,165.48951770215712,0.04241039681962133,0.04782293553199615,1.100449644239519,0.5286129333872365,0.17324405603759968,-0.0736236572265625,-0.014113345493969077,-1.9633113446990773,-0.2862462103678664,0.3480685918795453,0.28410671732448817,0.06396187455505714,0.13567295641733365,0.13443141074779535,0.0045965403543951995,0.36302476463031774,0.41536529734280087,-0.06724203532016616,0.26666208076383296,0.2750295002784894,-0.015446832945211195,0.4170977170822291,0.5809209557517295,-0.1641484688486096,1.0664097083737814,0.7930205920143183,0.14702842845581096,0.3325052356307763,0.4089683269059272,-0.10312315112399499,1.1301497949289034,0.6666408188597307,0.2579649347745582,0.3246417560791781,0.42284848342021136,-0.13138195101113953,0.46350897606917274,0.16382323866950044,0.2579649347745582,0.1641484688486096,1,1,0.13561953139688643,0.0010641286900921333,0.0008864548965895277,0.09108750566535054,0.0006932690234322461,0.0004882664925117903,0.1735037103134042,1.419828793858033,0.00018347089561028337,0.0002137650363668797,-0.07626041783692297,0.8582428459767,0.00012974524168860862,0.00012288494205002975,0.027154427839064563,1.0557411031268493,4.838708929490209e-05,5.377615784557267e-05,-0.05274441893053784,0.8996197392241321,5.775323984897679e-06,4.759837953525934e-06,0.09629876120456703,1.2108008785976627,0.00014952548413000018,0.0001488606919695425,0.002227884315233056,4.9596390904119754e-05,5.93975584425718e-05,-0.08991571036824575,0.00041816705131029477,0.00023482549086153057,0.2807669934009557,0.000406107781801887,0.000398507163487305,0.009446162909913583,Side I
Train63.csv,10.740756216773104,38.66672238038318,4.022222222222222,362,0.13269094491965785,-0.3560471674068424,0.3028968558880309,1.554107666015625,2.8133392333984375,2.3771384619414673,0.13137604726495083,4.814869951416924,1.2946801935118089,6.3313599640818214,7.660611246251478,0.7773026594487018,5.38330078125,22.321619516907653,0.26816845971427433,1.264190673828125,2.3342132568359375,2.132905546176664,0.07589331428451164,4.693636324491798,1.2824111813306287,6.117848262774534,7.366743035292236,0.5407791860475477,2.77099609375,24.092644070089328,1.2081754228784318,6.4815521240234375,7.72552490234375,19.841652097420756,3.7090273812485064,5.294794672536737,1.597539593986447,9.26657234938531,13.748853859574446,2.3021807049459024,13.6962890625,86.9345321788769,1.3985988416167894,7.5286865234375,8.69140625,18.605679430409317,3.5733063255055235,5.307952739937045,1.6486779958716014,9.568544101850723,14.193757571111743,3.0026070447821387,13.96484375,79.72200747408426,0.03472839617375656,0.06081335114704847,1.129502123089857,0.2365234734011541,0.17944520851635917,0.2899169921875,0.10286951777251453,0.24423291576480333,0.05415311131857033,0.25070602136511805,0.19174079787372186,0.058965223491396185,0.1477396144371571,0.169054404080748,-0.06728280120465148,0.2714496837378736,0.2333097967910413,0.07556051478470907,0.263652497038672,0.24443892756215682,0.03781518082785612,0.22789715761139995,0.22576638638103144,0.004696809368124939,0.570372444425288,0.40955456697525416,0.16411209604179292,0.33064160977702717,0.4093733536345012,-0.10639209568221897,0.43251212848625215,0.2800282924803703,0.21400025792083738,0.28378430944716865,0.24575279473687972,0.07182030058250177,0.16081787745003384,0.07873174385747406,0.21400025792083738,0.10639209568221897,2,0,0.10090694612146175,0.0003730543323716291,0.00024611180762199085,0.20502174868759176,0.00016264714622949393,9.190173497393622e-05,0.27791374208241304,1.7696015234139193,8.41889785402615e-05,4.402716451970411e-05,0.3132108091387847,1.9117711019425818,5.932582890141401e-05,5.24046671464248e-05,0.06193960112747389,1.1318554925796303,6.252936068633647e-05,5.4161627536574305e-05,0.07170233326369901,1.154282481989661,3.444726025058574e-06,2.539525903924088e-06,0.15101135752365946,1.351124152045933,6.77338500445722e-05,5.485547729024663e-05,0.10504439978822017,3.321365613390434e-05,1.8092544658003637e-05,0.2946654515056216,0.00014971315649051406,8.36060554306742e-05,0.2833211517560386,4.715747454789993e-05,2.15594537881185e-05,0.3724598404082321,Normal
Train64.csv,2.7000243528352277,9.72008767020682,1.011111111111111,91,0.25695490993318093,-0.7120943348136866,0.09615029617571362,0.482940673828125,0.8007049560546875,7.221743204510231,0.6385922467912025,4.823225145592721,1.2267250668930805,6.281296126006303,7.5052261048850735,0.16526494566294603,2.0751953125,39.92985251532671,0.08606032664686883,0.4425048828125,0.7720947265625,5.442871803995858,0.2013768166843246,5.2082534829302425,1.2925738081365785,6.86981797670935,8.406059185503775,0.15736496798390304,0.9033203125,26.205639435235753,1.2791189612890002,6.792449951171875,7.884979248046875,23.790675862796583,3.801805921520318,5.2959352386503316,1.6521283855463746,9.262170180879103,14.471489525180672,2.2130804190930053,13.31787109375,199.7521772134956,1.4140834603091403,7.3276519775390625,8.511734008789062,30.335741755876263,4.15538474502141,5.055848519512917,1.6196702536584913,8.873655135347189,12.575689408701042,2.2625862526654608,12.53662109375,205.14001354238593,0.010089969528844792,0.05537530588936236,1.1172428545131876,0.007899977679042991,0.024486190213683687,0.040435791015625,0.043693321869169736,1.7788714005143733,0.14045996644311798,0.07516915809545109,0.06085943896088024,0.014309719134570853,0.08485732941119035,0.07011576786569913,0.09512335271920802,0.1369410614732728,0.12751424469099668,0.035646161018826186,0.0894842418538444,0.05040240187125339,0.27938219223825167,0.09946932952069666,0.07450312793648961,0.14350662463502226,0.1007819996295817,0.11156470275221618,-0.050778761779213484,0.0991632907290124,0.10142851207516025,-0.011292690935293934,0.09435431102057429,0.08471950119935032,0.0538035638139853,0.0857351478345774,0.08033608546693659,0.032510519342824694,0.039081839982591016,0.010782703122634477,0.27938219223825167,0.050778761779213484,1,0,0.09609841078745243,1.895524784434248e-05,2.036428754449709e-05,-0.03583561418567913,6.838265747507803e-06,7.338419936101666e-06,-0.035255182200287595,0.9305763425294254,5.194870183760018e-06,5.2232277122423005e-06,-0.0027193385375825353,0.9926703880298289,2.250456384751569e-06,2.9247501466816537e-06,-0.1300418330190805,0.7668306575591038,3.928279929636754e-06,4.1029463067630685e-06,-0.02172136089588683,0.9551011942891984,3.862894367018423e-07,4.041555301655952e-07,-0.022320202141656656,0.9327158725790503,8.952990672029838e-06,8.10867205693014e-06,0.04945731581654402,8.432813288839109e-07,1.6790361321910412e-06,-0.33003555681851904,1.1296545906935873e-07,2.0960908463534292e-07,-0.2905923721323531,5.418937970482068e-08,6.320679293585168e-08,-0.07078245008556955,Normal
Train65.csv,12.877039221214162,46.35734119637098,4.822222222222222,434,0.059341194567806184,0.0,0.304472669303938,1.7917633056640625,3.1757354736328125,2.9586307101223444,0.18747909459966886,5.156175843446415,1.3347224856436246,7.131369113341923,8.917878004010309,0.6550003824524091,6.3720703125,15.404739422588218,0.30717124124762757,1.8474578857421875,3.3710479736328125,3.215201576380703,0.08817743923615329,5.051918348429016,1.3390969503234955,7.021959389678151,8.801714929643758,0.8598911296054249,8.72802734375,21.33097107035583,1.3681673212640972,7.4619293212890625,8.800506591796875,18.99488071740773,3.7814948944829996,5.708968848764914,1.6909992623018306,10.196613275055274,15.069418736371587,2.946654489606316,16.4306640625,96.08001362211263,1.5418502669706007,8.366012573242188,9.650421142578125,21.408049397545877,3.9030495248853434,5.65292715565173,1.6845840009017956,9.697401661800097,13.961843319643343,2.5556811870370013,12.4755859375,144.51651251670935,-0.002698571943689554,-0.004411998309827141,0.9912147314153625,-0.2048907471530158,-0.13525110159352632,-0.055694580078125,-0.015303983186458623,-0.2565708662583588,-0.04155779650893407,0.2225405199688734,0.19922248342501325,0.023318036543860138,0.5653330633062107,0.7256110842879384,-0.12415565773226608,0.42039015187377055,0.2455148245235725,0.26261303177244955,0.4479935856318977,0.40947949116973065,0.04491580558618401,0.2590334691829196,0.3369876228413375,-0.1307909290353369,0.23796767567062077,0.289743079776343,-0.09811322318177301,0.23402380857786845,0.2224106772886498,0.025443149881061673,0.18852178001552544,0.13957944913223458,0.14916838171784455,0.16619231974845736,0.15629298095825114,0.03069702234967654,0.17487532735019803,0.16027802098172772,0.26261303177244955,0.1307909290353369,1,0,0.12931545286594964,0.0003849544798008205,0.0004117826756161438,-0.03367258026429433,0.0002193087338039602,0.00018825305052744485,0.07619684303578617,1.1649058760576576,5.836790379490117e-05,8.980819451816688e-05,-0.21216761275975302,0.6498449908508851,6.302635401043605e-05,9.449254542457058e-05,-0.19974869072907395,0.6669275809162412,4.0431509494906123e-05,3.4883815475127696e-05,0.07364978540730398,1.1587013040670686,2.395072554156765e-06,2.985223407625793e-06,-0.10948394256145198,0.7996306880010843,7.735488933815144e-05,0.00011023021242628051,-0.17524616996349657,1.2793939302278364e-05,1.765548473854769e-05,-0.15960726735191028,0.00010781063945603126,0.00017189548349047198,-0.22910672205583654,0.0001476541529613766,8.339045914633612e-05,0.2781320538413755,Normal
Train66.csv,12.936380415781969,46.57096949681509,4.844444444444444,436,0.0,0.0,0.3407702632483024,2.215576171875,3.9379119873046875,5.547390041375259,0.2585173047987828,6.196002793161008,1.3794990791253348,8.79189533357747,10.999722742589425,0.5733145646994098,4.638671875,30.46560549787435,0.4450454152543547,3.0696868896484375,5.44281005859375,7.047992472039015,0.40170249818244963,6.092832001130672,1.4749888051644744,9.631765049182908,13.037779110075068,1.1735037674459405,12.85400390625,32.48542669011883,1.3543448147330865,6.9427490234375,8.187103271484375,16.998131811990667,3.5428651946299174,5.418944748507766,1.6233807483727654,9.139018131123596,12.86806411825166,2.9883572188550582,16.9921875,60.68308743889552,1.5452468444144603,8.37554931640625,9.737014770507812,20.1851214752271,3.5206653257730993,5.705754998594632,1.583791267464802,9.203325875678047,12.357290383031415,2.833323169554451,17.02880859375,141.91551951387197,-0.10427515200605231,-0.13269670424211658,0.7656977106405343,-0.6001892027465308,-0.34358993620905653,-0.8541107177734375,-0.16160230932975045,-1.500602430663756,-0.1191390914785002,0.2516126299780864,0.28800926789331377,-0.03639663791522735,0.1765144210947263,0.2131973908695713,-0.09412845006843445,0.25975694856996506,0.3400359322865611,-0.13384450689629665,0.42137875775964795,0.4223377815443,-0.0011366658452335056,0.3959641872962305,0.5038221754863561,-0.11987066202900483,0.42460807547418666,0.5886022088607832,-0.1618559684041067,0.3948621919851567,0.5274598241146066,-0.1437650065565141,0.3981599401954643,0.3446932984639955,0.0719747027127549,0.3141008144939517,0.8432716695952727,-0.4572174108196199,0.05346664173146881,0.529170855101321,0.0719747027127549,0.4572174108196199,0,2,0.14451608918628936,0.0003709319907261516,0.0007704418066808471,-0.3500253964672326,0.0001598536153360445,0.0004807121558099464,-0.500890846839064,0.3325280796902622,0.00012738957386047425,0.000195529298558602,-0.21100536532298794,0.6514781161613727,4.8862663188027214e-05,5.231525813542299e-05,-0.03412062331391764,0.9338255544113278,3.036227222248341e-05,3.477851877772922e-05,-0.06778500287481386,0.8727670303088791,3.2616339068868534e-06,4.104121021142213e-06,-0.1142238486061639,0.792789976309768,6.371203542881817e-05,6.877771012579509e-05,-0.03823158056472624,1.9001968753893663e-05,3.377638338069496e-05,-0.2798802013961831,0.00016407372940662534,0.00033099685550524175,-0.3371635470785662,9.610016542598237e-05,0.00029158890905394607,-0.5042280379188379,Normal
Train67.csv,9.375908741713538,33.753271470168734,3.511111111111111,316,0.0,0.0,0.2316675729442937,1.244354248046875,2.25830078125,2.9677377194313,0.08268748065800333,5.128780264245664,1.3358563073271195,6.975167774078283,8.69110005112787,0.7968221908723283,4.94384765625,18.954465408104966,0.21878639589935076,1.17340087890625,2.1759033203125,2.542988024897366,0.03890754026185156,5.604432177801337,1.3168491412526704,7.418842321284104,9.032969894405044,0.7445473848337828,3.47900390625,9.016373794270004,1.353904074153831,6.937408447265625,8.134841918945312,29.506638957190674,3.5303749619749674,5.083076463349203,1.558328192129463,8.36717497654641,11.56489770942228,2.875692714291045,16.1865234375,364.3066469477555,1.4404248856726087,7.2521209716796875,8.490753173828125,11.035203902741774,2.6955806374369065,4.698843174699152,1.5402797132929302,7.708398554652774,10.813493172073539,2.7583240191344656,15.10009765625,45.43680755564452,0.012881177044942932,0.028595989046450568,1.0588755365855258,0.05227480603854551,0.03391451766228934,0.070953369140625,0.029346796975495634,0.42474969453393374,0.07707690664887352,0.17111077191932864,0.15189017945790786,0.01922059246142077,0.18939726291074024,0.17828568689574043,0.030220535705130523,0.20834701711697276,0.16722407609373824,0.10949442241876324,0.24046056070443556,0.22487820832464367,0.03348603873570171,0.30300808500213977,0.5776584779151092,-0.3118664899511028,0.5130148954257617,0.20710343775806248,0.4248072008764389,0.14571038808438333,0.20004464969828975,-0.15714669087943042,0.1742955470494081,0.11847425368638032,0.19066615243811463,0.20996629575057796,0.1303058703997986,0.23410796102110623,0.3059114576676992,0.2746503929129694,0.4248072008764389,0.3118664899511028,3,2,0.21484533969680544,0.0001715692726659554,0.00018052180095697636,-0.025426740300177494,0.00010704965543049206,0.00011979872757048523,-0.05619837350219606,0.8935046519671381,1.5164994005702976e-05,1.939461401853296e-05,-0.12235082358656474,0.7815148495723333,3.772229950441699e-05,2.9111014869357623e-05,0.1288279121963756,1.2953634917480161,9.411788483223153e-06,9.547002996774482e-06,-0.007128261897649684,0.9848054339210379,1.1465762758112744e-06,1.369602240041775e-06,-0.08828590807454813,0.8310919209413254,3.6623257260127106e-05,2.837562556106347e-05,0.1268693037188328,8.29539457354475e-06,9.21902981981692e-06,-0.052705596802485946,6.963941051486421e-05,5.994455860538176e-05,0.07480943731638405,3.868581187742364e-05,6.113591642159776e-05,-0.22487945392401057,Normal
Train68.csv,9.909979492823803,35.67592617416569,3.7111111111111112,334,0.059341194567807065,-0.11868238913561413,0.4854041551958076,3.0261993408203125,5.5454254150390625,6.88087018273596,0.3894423203986491,6.222552423543496,1.441435596999827,9.339332930671471,12.078747055330123,0.9711113882879763,8.447265625,29.28008894398682,0.4614814151235245,3.057861328125,5.5049896240234375,7.198535369468157,0.3964475155227558,6.563880864938194,1.4281305500310335,9.612569632169066,12.139616528632038,0.9028230525344499,7.6171875,39.17572727093701,1.4759975312708544,8.292007446289062,9.755325317382812,15.133639283094208,3.3901156206594942,5.906605578067526,1.7112823442529743,10.389730086033707,15.484638220965689,3.3042018479418087,12.92724609375,56.868912202137786,1.5216827239652704,8.576202392578125,10.06317138671875,15.130930917692103,3.4637227020827526,5.855629760280486,1.618341562731853,9.89050106439612,13.422515106731678,2.6249888425544494,15.576171875,43.98838368593259,0.023922740072283122,0.02526465770469892,1.0518389880283474,0.06828833575352633,0.036441154984666706,-0.0316619873046875,-0.0052040880220438875,-0.3176651867321967,-0.02256240047413383,0.3288651516166266,0.3032704550185538,0.025594696598072786,0.3540088942603868,0.32489007365405115,0.04289124236979703,0.525800233302694,0.3230533278626859,0.23884791479602246,0.5149184971558098,0.6841600606391677,-0.14114301433523357,0.5291056445905297,0.4581432467635052,0.07187893319475754,0.6030558096773228,0.4672471432585766,0.12688805985009666,0.634079853232136,0.4663142858028026,0.15245952332304405,0.668429098945888,0.6018609446075769,0.052403901102819526,0.33497814212133653,0.5319608602579071,-0.22721635008207502,0.20274690544000806,0.1969827181365706,0.23884791479602246,0.22721635008207502,2,1,0.14367145985468277,0.000902520497877333,0.000778242734946605,0.07394126698138342,0.0006751205524352596,0.0005230057641757474,0.12695950047635404,1.290822569180536,0.00011587930707592455,0.0001389741336359172,-0.09061647482859081,0.8337592503866805,6.930775220691989e-05,6.988603339651559e-05,-0.004154205915370105,0.991583482480924,2.444924846443218e-05,2.2683319569788095e-05,0.03745932748852836,1.077376467080725,1.2285999805408133e-05,1.4149174450225864e-05,-0.07045423965851885,0.8677059420799883,8.27232312525669e-05,8.170909441610095e-05,0.006167127789893425,4.337155901102139e-05,7.298445154950988e-05,-0.2544806030201101,0.0005401914185992229,0.0003830684945216056,0.17018092092540066,0.0001764292505969904,0.00016902144623230297,0.02144326238173465,Normal
Train69.csv,0.0890117918517108,0.3204424506661589,0.03333333333333333,3,0.09840623849644628,0.23736477827122882,0.07069907541392711,0.2071380615234375,0.3116607666015625,12.946995584128995,1.6399794668042322,3.4073608977965417,1.0880612615089285,3.933231967934498,4.2706667989602165,0.12616963340256127,0.341796875,52.687358499717405,0.053427187650852276,0.197601318359375,0.3215789794921875,10.25774669581271,1.4469673359660782,4.062906993300696,1.1906234899454606,5.21631728363527,6.313507822214266,0.13558676624621802,0.3662109375,26.992334393002842,1.1810583613259689,6.4533233642578125,7.68585205078125,22.07086829011435,3.9930892517917247,5.568076658514261,1.6191700024334885,9.483762723795907,13.321155001908926,2.03870135795996,12.6220703125,94.48187931867218,1.3131843136338108,6.9549560546875,8.267974853515625,19.89688980083278,3.73634296161603,5.159664068763595,1.6092627551305654,8.780902586601062,11.96866545459869,2.1270033495028784,11.92626953125,87.3210636590223,0.01727188776307484,0.13914771898501244,1.3232787516939757,-0.00941713284365675,-0.035976703899218795,0.0095367431640625,0.0235626761379063,2.6892488883162855,0.11589221094181096,0.05986078006843437,0.04068521584464997,0.0191755642237844,0.07689320317740339,0.06870953929838279,0.056205420157709914,0.06255052431711657,0.060714090846854925,0.014898300853296263,0.08629488326576197,0.03879632864485577,0.3797113330209986,0.08852019002780478,0.0477828486133353,0.29887329608982655,0.06090602183996518,0.07368940510928099,-0.0949763495632933,0.05395335199002867,0.051366151864522924,0.02456524940932332,0.09268553735734791,0.07271897674380937,0.12071350963367543,0.08068976927860078,0.053224616058383904,0.20509485295515129,0.0474985546209062,0.012783383269315808,0.3797113330209986,0.0949763495632933,3,0,0.14869092300146888,2.495084890043832e-06,3.3269061157093826e-06,-0.1428757318318692,1.724074829701905e-07,2.3307798272555961e-07,-0.14602315788296827,0.7092681987773543,7.277689153746913e-07,9.047988816912322e-07,-0.10777635275254085,0.795550726985182,9.044953967963975e-07,1.3119016697756667e-06,-0.18298904498942045,0.6842380318272047,1.5896058881931904e-07,2.1840500798633165e-07,-0.15345817919095459,0.6959592971307864,2.518663650249421e-07,3.3160193132316366e-07,-0.13435522468322678,0.737309546375692,4.163572841063368e-08,3.893856100524634e-08,0.029778510245915945,1.828450894924491e-08,2.510081561171331e-08,-0.12768128167292822,1.57372064523139e-08,2.211841973410785e-08,-0.1333430108496734,0.0,0.0,0.0,Normal
Train7.csv,18.1287349404651,65.26344578567436,6.788888888888889,611,0.05139098198663605,0.11868238913561413,0.4521344143392017,3.4748077392578125,6.43310546875,9.197528113681454,0.20595875022869253,6.904069296420376,1.44927479042612,10.610749693679722,13.751301814386746,1.2973584916927667,13.85498046875,49.006813823565814,0.46283550366804954,3.5617828369140625,6.42852783203125,8.20733645345776,0.32178162354767015,6.805914747386079,1.474785094223402,10.825490942252632,14.311171254863156,1.2483790676397881,12.79296875,65.30137360129491,1.2984913227381043,7.5199127197265625,8.702850341796875,17.774069345311453,3.776675253453109,5.913187730389298,1.6777740918581503,10.696568778586755,16.258152141691173,2.8438955049703187,22.57080078125,42.4094405480287,1.4390367181063786,8.599472045898438,9.844970703125,18.58451691589283,3.880050995065126,5.897388060521012,1.6479150235239628,10.113357859031304,14.293350391656162,2.456320179113849,27.490234375,69.31050571967243,-0.010701089328847835,-0.011695563975697163,0.9768792605302912,0.048979424052978615,0.01923977736079847,-0.08697509765625,-0.012360403321911495,0.9901916602236938,0.056891661284413655,0.3481997938221077,0.3216286941314504,0.026571099690657296,0.2732312923546982,0.29222785089701103,-0.03359492623485167,0.2769045777807962,0.26320579449326587,0.025362932720999435,0.3687129646631095,0.4694726856668267,-0.12021169744666715,0.4741756160356083,0.35102568544276475,0.1492362274269981,0.8701156633323053,0.4890482828858642,0.28036895674216444,0.48837520839768733,0.9530957522360454,-0.3223932727788801,0.593684754425834,0.40197817387952123,0.19254164554181605,0.5285272034520793,0.6605691352220079,-0.11104393005424935,0.38106738044644106,0.46472054383835804,0.28036895674216444,0.3223932727788801,2,1,0.18370744991466673,0.0008599917039600425,0.0008991130561854898,-0.022239353284571155,0.0003758490242439056,0.00039412310341974425,-0.02373312122358936,0.9536093796303975,0.00010998138335448611,0.0001235931857632007,-0.058273551459884956,0.8897940831815512,0.0001868780352226009,0.00014501401972629965,0.12613364356164236,1.2886005750998444,0.00017491392124200644,0.00022469608056129156,-0.1245737427922565,0.7784120518905867,9.190438532469363e-06,8.004489614748359e-06,0.06893076841548963,1.1467278609428864,0.00031960380793947927,0.0003335268853269772,-0.0213171182427273,4.2878119453158714e-05,3.633205710336578e-05,0.082631251713031,8.043084473066603e-05,8.692950225889861e-05,-0.038828010129164404,0.00030376059486825755,0.00033107329271394556,-0.04302269956431047,Normal
Train70.csv,4.895648551844094,17.62433478663874,1.8333333333333333,165,0.051390981986636046,0.11868238913561413,0.2169958628814151,1.319122314453125,2.3685455322265625,5.824748659614399,0.2767749083583984,5.702752839253213,1.3742412141759903,8.311705696747856,10.735698703595801,0.6612429956667318,5.4931640625,40.16268626763476,0.210219320523922,1.4171600341796875,2.4410247802734375,8.546658711404147,0.14685518640922682,6.595682970075122,1.4105136885780714,9.970658034880216,12.844682792472435,0.34708900465726195,4.38232421875,77.7659649921574,1.1739115499006816,6.589508056640625,7.6770782470703125,62.486744991112985,5.27340337661561,6.393938621678874,1.599833768612175,11.140761771129846,15.230546478028787,2.9912454949953595,17.7734375,425.4058810458383,1.2823573869239042,7.3528289794921875,8.5235595703125,55.67548550844762,5.129053810939,6.245699298461561,1.6031943742568375,11.111465403907431,15.872354287107983,2.559700174832367,12.70751953125,404.49935925598186,0.006776542357493087,0.01586212864640228,1.0322355339092946,0.3141539910094699,0.3115580858218783,-0.0980377197265625,-0.035828802322705904,-2.721910051789748,-0.18939759897035482,0.18484856124917448,0.1639319280476662,0.020916633201508272,0.36972164668680785,0.15915561564221892,0.39813779502627394,0.2467198959043731,0.19625235446805334,0.11392934942221769,0.28001919289995736,0.2521794286072042,0.052310852836867004,0.2211718266391735,0.2722072993105636,-0.10344067868445356,0.2012909564553394,0.18441277294843342,0.04375945001984309,0.2358940488707442,0.26485320471032275,-0.05783188036311716,0.2651720251809317,0.2753220804281711,-0.018779215081372185,0.1058646999582323,0.16674579043558163,-0.2233262856324328,0.21056603104458893,0.060881090477349326,0.39813779502627394,0.2233262856324328,1,1,0.17145549845250768,0.00022349227675889395,0.0001663373711116948,0.14661508163733303,0.00011600847746940935,7.138448118216344e-05,0.23811788569577846,1.6248941871769198,7.876313743467363e-05,6.005084001983629e-05,0.13479153787370066,1.3113892081539407,2.1879607482918195e-05,2.663484038346331e-05,-0.09799664106718488,0.8211573861218332,4.207709132129803e-06,4.8024134223021355e-06,-0.06593084368683343,0.8743448999269356,7.895748580293821e-07,7.700468380262126e-07,0.012441227113668673,1.012214676784382,5.45803578058498e-05,4.3247297456271014e-05,0.11583536338044821,8.688168960673396e-05,3.824815251664874e-05,0.38863351802965007,4.9395192214143714e-05,4.175873825683243e-05,0.08376617723544182,3.914375277355508e-06,8.181132972247554e-06,-0.3524641516007353,Normal
Train71.csv,5.400048705670455,19.44017534041364,2.022222222222222,182,0.059341194567807065,0.0,0.26256764382049025,1.3286590576171875,2.38189697265625,3.799039480978729,0.20848916884346957,4.891825621321587,1.3366812091101055,6.832712912946688,8.537168905635603,0.45235617954919755,4.00390625,25.998539558414404,0.2917365854683229,1.5689849853515625,2.8430938720703125,4.14718787718905,0.048171557574015984,5.1726403112385455,1.3673876616206058,7.401567496818176,9.369729061740362,0.5640790683289046,6.38427734375,35.556892195914486,1.4784811775231783,7.6690673828125,9.197616577148438,13.953106284172357,3.378418011664584,5.419788065842802,1.6737478175490852,9.239980674998979,13.26407186779875,3.4652000897710695,17.85888671875,49.85510311202033,1.6214664463957775,8.6517333984375,10.248565673828125,14.063054690418584,3.4612301379929864,5.330509329574035,1.690231833698014,9.334949413526743,13.470549634436269,2.789750743545213,12.744140625,49.86465115341496,-0.029168941647832625,-0.05262262054004338,0.9000161374989384,-0.1117228887797071,-0.10991638465290789,-0.240325927734375,-0.08293838833936544,-0.3481483962103211,-0.04381304235076228,0.17759282027819104,0.17992144352884104,-0.0023286232506500026,0.2743190791053151,0.3781730893191268,-0.1591651419708748,0.20056904588872285,0.17327132684209964,0.0730197172579894,0.22088219964934042,0.3283634965262644,-0.195688916032345,0.34423440701083385,0.21961225291306685,0.2210213534019569,0.28856835786964213,0.41386006463021074,-0.17836935545827984,0.3023537303943142,0.2313879239683753,0.1329590908191046,0.22503739086047403,0.28656868398602015,-0.12027083912422268,0.3341236214618238,0.36693146585464853,-0.04679781163906799,0.124622154097767,0.1252917067605686,0.2210213534019569,0.195688916032345,1,3,0.14774251704705277,0.0002117526861976202,0.00027098447725484447,-0.12269987799076264,0.0001000330118149214,0.0001334154616640534,-0.14299095402993978,0.7497295536199118,7.624035785158792e-05,9.301064141386905e-05,-0.09907943138147139,0.8196068817928056,2.3038141112295282e-05,3.2933357071036345e-05,-0.17675868420554958,0.699325847776161,6.018589973168315e-06,6.369035706707881e-06,-0.02826716522893643,0.9434952632165801,4.62584771063405e-06,3.418759570393837e-06,0.14986306571189786,1.3491315490816733,4.1352184782177074e-05,4.868496021378721e-05,-0.08143262545346412,9.901409978861271e-05,0.00011552189141430174,-0.07694290409778014,3.6477626165347766e-05,6.110324102443315e-05,-0.2523352396407849,1.1863440892049141e-06,4.338698181487418e-06,-0.5695266518512427,Normal
Train72.csv,18.158405537749005,65.37025993589641,6.8,612,0.11868238913561413,0.23736477827122826,0.6904976607405457,3.5968780517578125,6.752777099609375,2.2443447646134365,0.043498946386979126,5.274193616540046,1.3257863514777486,7.040151767175411,8.582763061012518,1.3219181432514753,7.2021484375,12.55076047268018,0.8729958348972832,4.1522979736328125,7.7426910400390625,1.9563880811526766,0.054199772968475154,4.894405283855523,1.3290965013135914,6.561601641026288,8.043875176542443,1.660029844071798,7.14111328125,11.178038159155125,1.3451979518865331,7.302093505859375,8.647918701171875,22.25045122296383,3.7021986040696655,6.089352215139391,1.5830187360509251,9.877747115555373,14.037532691429643,3.37288549641294,17.46826171875,108.1052667214147,1.7815118121969105,9.96551513671875,11.314010620117188,18.193933389333477,3.3577882188361388,6.2051496893534175,1.4806263513323605,9.194537483053836,11.982885589431206,6.04295321131498,33.53271484375,98.61693832737345,-0.1824981741567374,-0.11672461286130326,0.790951829583782,-0.3381117008203227,-0.1133861828321039,-0.555419921875,-0.0716747070060594,0.28795668346075987,0.0685491540042823,0.5133056102554435,0.4900308962422316,0.023274714013211906,0.4773131696329968,1.1078814069465177,-0.3977860148224087,0.5866612891341111,1.3922515569157765,-0.4070872880121189,0.8183053642967877,0.5849017302747186,0.16633584113254826,0.7441682685263105,1.2273706534585818,-0.24508893894669184,0.8527356081790718,0.7853446160393243,0.04114022667021734,0.5532566238574346,0.5836445384159006,-0.026728721281641984,1.1252826726287322,0.8869209542140076,0.11845804969755815,0.51287415427892,0.6575992372179915,-0.12364662260072158,0.23836171841472453,0.8055902677816654,0.16633584113254826,0.4070872880121189,1,3,0.2085200935033582,0.00182963862504547,0.0031521757510812732,-0.26547298357271354,0.0005525891034825765,0.0019373842096551967,-0.5561463399638447,0.28522285280336535,0.000463286899155984,0.00046637976799221784,-0.003326822050639643,0.993347047793112,0.0005457102125157402,0.0005251111715311547,0.019236493524066686,1.039208171562673,0.00024201472878313576,0.00018027049671108012,0.14621105886242453,1.3424343353734582,2.182356042434991e-05,3.662180878171856e-05,-0.25315464701285967,0.5957543771423364,0.0006651950966477402,0.0005940932113251669,0.056461511043420745,0.0002603760091957916,0.00021987190610759752,0.0843382311827318,0.00021520312754028489,0.00022464799795515804,-0.021472391778734272,0.0006131271801513334,0.0020087209657126746,-0.5322918738997746,Side II
Train73.csv,9.286896949861827,33.43282901950258,3.477777777777778,313,0.05139098198663605,0.0,0.22947933085085492,1.25579833984375,2.2731781005859375,3.615727730465978,0.15798699617734108,5.465207452383071,1.3242960424118173,7.340636523259935,8.982672409358626,0.5812756542984231,3.1494140625,18.641431553872838,0.2322672682579767,1.263427734375,2.3555755615234375,2.7844319767242425,0.14573732658549127,5.349288513086665,1.3261735858543497,7.164105696982624,8.786887689485695,1.025736447101808,5.16357421875,18.129915653090766,1.1635629112742314,6.2831878662109375,7.4794769287109375,48.14507023014194,4.802878309244128,5.873257624821235,1.561529495091194,9.985985460350632,13.84868006392767,2.333899077448946,12.4755859375,724.2630951728542,1.3134697689000692,6.7653656005859375,7.894134521484375,19.151253156903294,3.5876240985806884,4.840021738249549,1.5101763765669745,7.820549826834512,10.927352875375036,2.1449077810679977,14.51416015625,74.25448651510943,-0.002787937407121771,-0.006037808079419304,0.9879968137223994,-0.4444607928033849,-0.27657588244068354,-0.00762939453125,-0.003028467583375309,0.8312957537417356,0.12988672009371177,0.19722124747628553,0.17683487811381762,0.020386369362467904,0.19651837974231753,0.19833001882991838,-0.004588188905589612,0.19781373614185624,0.17162696323883342,0.07088220717993127,0.39058113805563466,0.2624707307846407,0.1961718684562998,0.34567367298941676,0.7544395853063872,-0.37156711413016014,0.20239330517094137,0.1451504690992204,0.16470683310285722,0.1266349620364832,0.16669359337332823,-0.13656573569941557,0.2465994875932546,0.10974698162924731,0.3840433789681331,0.20763639861803349,0.12246673302572512,0.2580092548292738,0.13685250596400728,0.40876591231697046,0.3840433789681331,0.37156711413016014,4,1,0.22418585896130383,0.00017011049944976142,0.00029729578471181315,-0.27210863347760617,0.0001083891701219714,0.00023982859915018233,-0.3774524625159512,0.45192546364941105,1.7814251627113784e-05,2.0642575465058326e-05,-0.07352630959573211,0.8625680442254455,3.518467531313976e-05,2.7644792713203102e-05,0.11998641676558867,1.2722812887453572,6.528782798723217e-06,6.08466723915852e-06,0.035181789307356486,1.0712287549967427,1.1962974987102618e-06,1.2881163474229116e-06,-0.03680978954433999,0.9215641580088058,3.249036763260662e-05,2.7058609100520436e-05,0.09119966174746258,9.7478567182944e-06,1.2203081713621616e-05,-0.11179963929770033,7.0743994738377e-05,0.00010594135874224673,-0.19919801687218358,3.87187643802273e-05,0.0001322835109227927,-0.547122985041724,Normal
Train74.csv,12.402309664671707,44.64831479281815,4.644444444444445,418,0.05934119456780795,-0.1186823891356159,0.48051858756643795,3.632354736328125,6.4403533935546875,8.288684529813647,0.395847025731123,6.768157834079361,1.470576200270389,10.530352526611358,13.805911628746596,1.403186194395933,14.68505859375,38.74258668041225,0.5152976363087556,4.163360595703125,7.3795318603515625,11.126802729248427,0.5132096585517311,7.534131085482531,1.5185745693796453,12.030222375347279,15.771720759617335,1.376579298854344,13.87939453125,51.878830501227235,1.4104814932846614,8.053970336914062,9.363555908203125,23.726347296072205,4.027805911678905,6.418003958625731,1.6794869570429,11.177175583806598,15.376896252478717,3.0161268478812224,17.29736328125,88.4554707484138,1.5845509624555645,9.619522094726562,11.042404174804688,20.414212592798734,3.8173558089188635,6.3300382797243335,1.6642763765670565,10.77918267886017,14.628581766723098,2.684909020708161,22.88818359375,91.17555376360646,-0.03477904874231763,-0.03492516747490232,0.9325068550352377,0.026606895541589015,0.009571633114548173,-0.531005859375,-0.06811509092847934,-2.8381181994347795,-0.14617805672882725,0.34067698615503245,0.32520104765718166,0.015475938497850783,0.21980169918943362,0.24628034208682423,-0.056811119039844954,0.431260139753857,0.45528687449509353,-0.02710147807623748,0.6904827351134687,0.7250392466437434,-0.02441255715665476,0.5621589679856946,0.5795863439876878,-0.015263803290099631,0.5374073727771184,0.38231130312641376,0.16863424874132915,0.8946534514768663,0.5374660036236559,0.2494117680525618,0.57611083984375,1.0506925900007933,-0.2917265470021345,0.1739046057137543,0.2910999777491655,-0.2520305684781511,0.3571874478532103,0.4745817501570433,0.2494117680525618,0.2917265470021345,2,2,0.17186101245170987,0.0010452711567838944,0.001173444463810922,-0.05776914618407272,0.0006827575612225765,0.0007381484832868555,-0.03898254388661124,0.9249471172943904,0.00017352342482329639,0.00022282183989044682,-0.12437936229446801,0.7787191673712677,9.754852671525356e-05,0.00010952152817139453,-0.057818226205777166,0.890597696789275,8.075669637257196e-05,9.279551794576826e-05,-0.06936314808196223,0.8701712803301509,5.685700120408445e-06,6.195960508397882e-06,-0.042909094357551976,0.9161676283170958,0.00010693155481092344,0.00012143858667010173,-0.06352142425826282,6.630174372423096e-05,6.140804355964816e-05,0.038315912268987055,0.00028869239561197385,0.00040152403085790326,-0.16347046551520814,0.0004697154132455,0.0004624531613219138,0.007790623086307564,Normal
Train75.csv,0.0,0.0,0.0,0,0.0,0.0,0.07152493710646399,0.215911865234375,0.3192901611328125,10.46555187019975,1.4759655501181816,3.483930228980376,1.0956362628116705,4.063529793205983,4.421779043080898,0.12855394945654353,0.47607421875,17.813372926221593,0.05582100474266967,0.22735595703125,0.3742218017578125,13.224126210533734,1.828107475107931,4.55008698575394,1.24736671127861,6.147177550807828,7.71342499871138,0.1347985158395706,0.3662109375,30.89877655199966,1.3445874906218462,6.7325592041015625,8.038330078125,15.853954497826667,3.219835286549131,5.077856101667501,1.5948867063535666,8.450320769178811,11.679257040679921,3.0136513477548497,17.81005859375,93.99044480534207,1.5167626339750153,7.7220916748046875,9.130096435546875,19.339494172083995,3.328410629065761,4.929748460171425,1.6264356306049623,8.536606142522547,11.944744986767004,2.7877358291921945,12.744140625,131.51955039044168,0.015703932363794318,0.12331709124447643,1.2813263505901518,-0.0062445663830270615,-0.02371181959085692,-0.011444091796875,-0.025817555355600926,-2.7585743403339844,-0.11644625687898373,0.0531947062377012,0.03680272913128864,0.01639197710641256,0.08085971961201381,0.07460833244194486,0.04021010545496652,0.06481904857737032,0.06252911008979416,0.017981715100757505,0.08759744276278028,0.044460414295539964,0.3266524700735161,0.09111522660217887,0.04687225810614853,0.3206302758778932,0.06026633704756096,0.07544365040975821,-0.1118363690705287,0.053826987001213,0.051254669941993146,0.02447921825041208,0.0873165882030027,0.06576296631524998,0.1408001254483758,0.08107343709629068,0.054442538268051364,0.1965148152569655,0.04424296849603034,0.015177313362197256,0.3266524700735161,0.1118363690705287,3,0,0.14529658664819622,2.4262224843421983e-06,3.01556751833095e-06,-0.1082998487077322,1.7903177848697107e-07,2.2465886625338098e-07,-0.11029277153474716,0.7629448711886955,6.336069819978094e-07,6.649083967912286e-07,-0.023921319764989638,0.938804414065995,8.407176045163624e-07,1.2168405315437732e-06,-0.18191649389077744,0.68527048373472,2.0092198112223603e-07,2.47073718610724e-07,-0.10076893192533748,0.7815734031781125,2.7458159670162135e-07,3.1610125267970764e-07,-0.06912076151474826,0.8420133147152052,3.0843139788012136e-08,5.1570896391577944e-08,-0.22429229866429745,1.810627578204056e-08,2.7599896843428e-08,-0.17042314368312944,2.173365641480818e-08,3.058458579893519e-08,-0.1420279049875875,0.0,0.0,0.0,Normal
Train76.csv,5.6374134839416845,20.294688542190066,2.111111111111111,190,0.059341194567807065,0.11868238913561413,0.24895478081683164,1.3378143310546875,2.362823486328125,3.6713241691095577,0.3101299926327576,5.098976267858095,1.3233427252502186,6.9066015788887185,8.459060874810255,0.4815805334270642,3.96728515625,26.621766534511522,0.28954408176568824,1.4881134033203125,2.7339935302734375,3.4719869667291454,0.11957036881178892,4.99447382964882,1.3628149088032684,7.056031709433882,8.87480450970676,0.5862731099606469,5.28564453125,30.62952197114477,1.3832481678639632,7.105255126953125,8.483123779296875,17.42656387524401,3.3978414019504246,5.4530181510385605,1.6750905681951307,9.796044557711635,13.958299248192933,2.986734109430436,17.73681640625,135.44408902270598,1.544184955000119,8.381271362304688,9.918975830078125,17.50970216633477,3.501554283233621,5.6547273707827435,1.6477724281786454,9.473085663662761,13.006871268414528,2.7543297489353877,12.7197265625,88.32111486991505,-0.0405893009488566,-0.07537490422997435,0.8598164766501151,-0.10469257653358266,-0.0980401913702789,-0.150299072265625,-0.05318574495218245,0.1993372023804123,0.027905434652182988,0.1799783905743307,0.1875060878899737,-0.007527697315642984,0.2993170970018889,0.41271359321484574,-0.15925787494617877,0.25897735367545105,0.2067886856901761,0.11204910288406776,0.27676688901545515,0.2382820473329305,0.07472074635891596,0.24837964931843937,0.3610468517139527,-0.18487414045157094,0.11162786121161568,0.14627903851746615,-0.13435536621430494,0.32750942753552187,0.21278671038362967,0.21233302808788299,0.27566131517993475,0.3682792291193314,-0.14382991305802,0.31212767235853556,0.4750088827344134,-0.20692878161065226,0.1147227171518922,0.16288121037587783,0.21233302808788299,0.20692878161065226,1,3,0.15049711678300587,0.00024557707462533605,0.00033283771144748474,-0.15086169808107713,0.0001205477349360251,0.00016779634391190216,-0.16385621859295812,0.7183741217752311,9.183901474942687e-05,0.00010784368973939306,-0.0801465182763461,0.851514815778093,2.626851190128705e-05,4.939456045992371e-05,-0.30560472618646894,0.5317021679121242,4.85772864264241e-06,4.408898852924804e-06,0.048382862191251784,1.0993074981626136,9.228754327073616e-07,1.1580080759030103e-06,-0.1124561182999243,0.7901276127683178,4.302903428339526e-05,5.5252612557070794e-05,-0.12436029577889995,0.00013024317120083947,0.00018522800459630116,-0.17428879316342413,4.075308918587084e-05,4.139922215843165e-05,-0.007864104137153367,1.759683308969449e-06,2.0775455386346714e-06,-0.08262108708796272,Normal
Train77.csv,4.420918995301636,15.91530838308589,1.6555555555555554,149,0.256954909933181,-0.7120943348136866,0.1360159757468703,0.839996337890625,1.462554931640625,8.133656206899053,0.5085042680400935,5.629361625897818,1.3040363708690454,7.792634441205948,9.545708218664034,0.2858478572388148,3.02734375,56.09373320780758,0.1184535456954075,0.6946563720703125,1.2340545654296875,4.096348508476304,0.2706446979428052,5.347354952822283,1.3018142591470792,7.109316510538611,8.677084480519643,0.27477523005978033,2.83203125,19.577210299435126,1.1937415922080108,5.942535400390625,6.99462890625,27.74830859645295,3.5559195753928217,4.941516263518268,1.5497972789723793,8.280449934909086,11.954227500981766,2.922021370041809,16.41845703125,284.240955861144,1.3940502106612036,6.7371368408203125,7.7922821044921875,31.287842278812036,3.5195857819772156,4.61718000253742,1.6204144991785419,8.175189590204774,12.421412632071522,2.5067951331330356,12.41455078125,554.6105664348687,0.017562430051462796,0.06901584622694423,1.1482641863163903,0.011072627179034455,0.01975057259037087,0.1453399658203125,0.0947054430816191,4.037307698422749,0.3301149745303012,0.11394088594657972,0.08497078795283611,0.028970097993743615,0.10846196280708328,0.0822354001621519,0.1375297532240387,0.20573688243126872,0.1790708971135093,0.06929689585885178,0.11214384087496852,0.07421450853776544,0.20352900968182355,0.16457754987099915,0.11569231174690504,0.1744220234657974,0.1675324428866682,0.19532163598627758,-0.07658503500931982,0.14239458786318115,0.15064921997560288,-0.028168593261240372,0.11591059879054844,0.09249049759719508,0.11237992733963116,0.10206992594911803,0.08087254937511079,0.11586907511636317,0.04888523812409411,0.027789193099609394,0.20352900968182355,0.07658503500931982,2,0,0.09053375089903248,6.614869648676905e-05,5.227228825762808e-05,0.11717862555434885,3.324429715961391e-05,1.673226754721931e-05,0.33032935368205824,1.9856508125827548,7.3679224889226785e-06,1.0529145258930745e-05,-0.17653491987190434,0.6991005729500871,9.689471308586288e-06,9.427577929271566e-06,0.013692304341244714,1.0266904688048668,1.4681586969550905e-05,1.4631153466791137e-05,0.0017199450668417481,1.002761633695834,7.900415816509832e-07,5.288918514280834e-07,0.19651076850239976,1.4660484836750522,4.697460672218067e-06,5.120084477224612e-06,-0.04300400543369795,3.321117591028915e-05,2.0108050985836614e-05,0.2457025103696833,2.0636693659719813e-06,1.6044293368365894e-06,0.12485799491588395,3.140754901174756e-07,1.5366496894392352e-07,0.3357691778684714,Normal
Train78.csv,0.0,0.0,0.0,0,0.0,0.0,0.06975853620863981,0.1964569091796875,0.287628173828125,12.520431225267618,1.4927639195783615,3.2047999839557546,1.066780950361403,3.5642914027198893,3.7879997253351134,0.12767679392351902,0.341796875,72.94839448358259,0.05284514433070081,0.2017974853515625,0.3253936767578125,14.386374059510311,1.6674293516454943,4.251891518552337,1.196500748359656,5.463562522088566,6.650094434362179,0.12727116581497727,0.3173828125,69.172187840757,1.1812785178987022,6.333160400390625,7.361602783203125,32.146702558401714,4.320472019767551,6.137812133307101,1.5886775845020245,10.866581765539074,14.57747230933357,2.7397153285299183,17.54150390625,209.60730116445419,1.2966924647256914,7.016754150390625,8.117294311523438,33.30555286090083,4.221553248394236,5.531959882328332,1.580728233657493,9.545048450805666,12.90689841883203,2.3750949075206993,11.9873046875,281.1797379131527,0.016913391877939,0.1379517354129882,1.3200554921667251,0.00040562810854175013,0.0015910230976061846,-0.005340576171875,-0.013409961349105277,-1.8659428342426931,-0.06934836052813877,0.059053419292001044,0.040753798885028565,0.01829962040697248,0.07534739979685433,0.06943974313451957,0.04080235395701758,0.06832001779273514,0.06775699602935094,0.004137522614547499,0.0856336075570376,0.03764850101437884,0.3892300610883916,0.09232192341481363,0.05175320586810978,0.2815802764350496,0.05485468241961883,0.06738452632770124,-0.10250265042991462,0.04666619684488082,0.04448947955189167,0.023879116915587383,0.0909007136998837,0.06799020538193577,0.14419015893695458,0.08151482193390212,0.05376580643560897,0.20512185507654354,0.04798510654265876,0.012529843908082414,0.3892300610883916,0.10250265042991462,3,0,0.15197843776913755,2.3873724084428005e-06,3.1304471507025197e-06,-0.13466818446937712,1.4879437560159222e-07,1.8501553840083233e-07,-0.10535229300858578,0.7629872820480706,7.19312261224785e-07,1.1561729926980728e-06,-0.23169671073500814,0.6168143712199808,8.822578321262077e-07,1.065820242177144e-06,-0.09374621597570588,0.8200792265637029,1.638425134968398e-07,1.8732647756051042e-07,-0.06502209393702237,0.8303118543561762,2.314838054430121e-07,2.494406067680675e-07,-0.03657752777903141,0.8922419983775014,2.6668295838920406e-08,2.7875828345588638e-08,-0.018708635711227866,1.95878427224176e-08,1.831864280996391e-08,0.026493279528839585,1.4698274347776586e-08,1.885072878396733e-08,-0.09535130858515385,0.0,0.0,0.0,Normal
Train79.csv,9.346238144429634,33.646457319946684,3.5,315,0.17553362074379275,0.4747295565424583,0.2420210589298869,1.384735107421875,2.536773681640625,3.933372681812147,0.16927416194151979,5.891733977974059,1.347313547608611,8.022174149541897,9.924537199271281,0.9859583850951881,4.98046875,12.026766052010835,0.22825155309992196,1.345062255859375,2.466583251953125,5.501460604703153,0.12924112836654103,6.2212336341673815,1.3503017494087062,8.555742012591057,10.568249768334045,0.6612111528375635,3.5400390625,40.21214001192475,1.1432035633130182,5.939483642578125,7.1872711181640625,20.563751803837985,3.692893039103424,5.24296022270128,1.588465638469626,9.07926621270363,12.303996340149514,2.3307530559970666,12.31689453125,90.93522404556036,1.298639668435406,6.5731048583984375,7.842254638671875,18.828942103261973,3.395997693541081,4.962588431484875,1.6106826594702808,8.718718410121634,12.098250629487318,1.9475104198189304,11.2060546875,77.00597992478153,0.013769505829964945,0.029279837236819088,1.0603259651016588,0.3247472322576246,0.19715470861223264,0.0396728515625,0.014533258750561674,-1.568087922891006,-0.1662019744927735,0.21170425336277324,0.1757620353745222,0.035942217988251035,0.23922070585282262,0.41057853758114315,-0.2637088775075583,0.2407294885621394,0.38636002616196474,-0.23223245144127913,0.7019277047939558,0.3310088291870629,0.3590916380761807,0.18467406732342534,0.24646967981607362,-0.1433294845845442,0.18057632377791002,0.11988824254699809,0.20198081908093793,0.10884149749926618,0.19676819962300146,-0.2877091272776809,0.21321121190698422,0.11628911249981704,0.2941487133287917,0.16957644725881021,0.12646887931129022,0.14561137306519462,0.3709188756068929,0.17135783172832053,0.3590916380761807,0.2877091272776809,3,3,0.25089379827782704,0.00024572368993046773,0.00020608758684042823,0.08772712220314531,0.00018498366233156305,0.00014917295684411744,0.10716422117739699,1.239978521975899,1.6755643277716598e-05,1.9038836844823967e-05,-0.06376837645158248,0.8796150344617768,3.3763982455477644e-05,2.862090664692882e-05,0.08242783796133818,1.1792844310468051,7.998320493454868e-06,6.844888907979855e-06,0.07765537765619861,1.166805268593621,1.1149378468803188e-06,1.2924218104134705e-06,-0.07342058638135927,0.8560497359349101,3.219547721644648e-05,2.7737187601084605e-05,0.07437589951886797,9.318269392872154e-06,1.047364160517778e-05,-0.05834650061902639,8.167124473617769e-05,8.97591971433554e-05,-0.0471764556746821,0.00010326010860310268,6.0718214546417054e-05,0.2594202638312069,Normal
Train8.csv,12.936380415781969,46.57096949681509,4.844444444444444,436,0.0,0.0,0.35372314250038644,2.252197265625,4.154205322265625,6.485335458193366,0.19822593826426532,6.171357461563385,1.3912024813113648,8.91264065476583,11.197485710709753,0.6322991207841863,6.1767578125,35.459652611077225,0.36591821052168017,2.385711669921875,4.4429779052734375,6.267299137236812,0.164676029627281,6.390296946575524,1.4162960710323131,9.327859760421463,11.785782872333936,0.7161849629664907,7.33642578125,27.943588281800817,1.2373228412246837,6.903076171875,8.062744140625,23.399212655990304,4.162994921575617,5.818778441851473,1.6757595398347185,10.117683032306552,14.084387982334597,2.183325626514995,12.890625,91.07634500452276,1.3801221588546988,7.8533172607421875,9.019851684570312,22.420085404486347,4.141420633470055,5.964552613320314,1.6965469555634738,10.782536477518212,14.68846395436153,2.271549699521337,15.3076171875,117.1571175364753,-0.01219506802129372,-0.016946035411418918,0.9666726679969434,-0.08388584218230444,-0.0622075132892255,-0.133514404296875,-0.028787629482262673,0.21803632095655434,0.017097354993901626,0.2858778063868105,0.2651346516847412,0.020743154702069277,0.19000977411038283,0.2621431041908845,-0.15953305164433576,0.2720421953864171,0.262188916140018,0.018443851077499518,0.5029329244268748,0.39261970964023396,0.12317892813722117,0.38270809735121464,0.4868569505465212,-0.11977120314274964,0.4110800059060664,0.41747876440224563,-0.007722757453367634,0.2972328263183123,0.4630585136643591,-0.21810808100056148,0.5133380240129556,0.4002403861299402,0.12379631062796496,0.3490432385685926,0.3080386589632204,0.06240406125226773,0.11309763788301541,0.16582568734604675,0.12379631062796496,0.21810808100056148,0,2,0.12156777349058845,0.0005414386319662509,0.0005851078849702011,-0.038763825858434214,0.00021743249182370634,0.0002991887764282816,-0.15824881231288246,0.726715845630556,0.00020660667158224966,0.00018675256482755792,0.05047193556846411,1.1062531282594787,5.953740884937274e-05,4.304833155137218e-05,0.16071892686375935,1.3827151843619312,5.271386114151144e-05,5.0639203686848666e-05,0.020071555135365363,1.0407638680250144,3.7280257827357555e-06,3.3334954174460375e-06,0.055791442056282815,1.1150084917967213,9.170596105209667e-05,7.527477432701197e-05,0.0983957983524176,1.4589488795397992e-05,1.9269040053386895e-05,-0.13816812885147778,0.0003000304238153167,0.00028734130422232305,0.021602850390641543,0.00010373381250338981,0.00016973363947017254,-0.2413355342112924,Normal
Train80.csv,9.96932068739161,35.889554474609795,3.7333333333333334,336,0.32502510854090955,0.8307767239492989,0.16822006291262093,0.6954193115234375,1.227569580078125,1.0101303344716783,0.10921236649280727,3.885183535284664,1.240544043064262,4.858593279587822,5.754709517986959,0.32023119476071893,2.89306640625,16.318067553446383,0.16438393261852613,0.659942626953125,1.1997222900390625,0.37862328510477367,0.05922944822806744,4.004907949158123,1.253433191269513,5.029138882969111,5.9912588592176474,0.3183713571364765,1.904296875,2.665385822426077,1.2609382573652919,6.967926025390625,8.12835693359375,28.37063025505731,4.333334335084812,5.818228565307374,1.7841317383671038,12.742364534140355,19.856036265093543,2.3431306688276266,16.05224609375,133.39779242095193,1.386745140898689,7.520294189453125,8.822250366210938,28.088914067108917,4.322386133238986,5.307830097202828,1.6103439754806153,8.91900373896987,12.255569278450151,1.9822627487585722,11.962890625,127.42209142632677,0.0038361302940947972,0.011533626265170035,1.0233363443715242,0.0018598376242424108,0.002912355407277264,0.0354766845703125,0.026175063133643803,0.6315070493669046,0.45472936013820126,0.13340864280700576,0.11853939601807591,0.014869246788929855,0.17532476917723797,0.1580832109341058,0.0517130925307886,0.14057355840545216,0.13905262054753756,0.005439182444282063,0.2270420688065064,0.19580783022704049,0.0738660170244661,0.2535424413737109,0.24166423660048592,0.02398635774047525,0.17933818823204464,0.22165799980112905,-0.1055366903144138,0.13086038560619412,0.14475485541875613,-0.05041255794406023,0.16237230694088817,0.14467362530963065,0.05764180272676314,0.0965937222616797,0.08883200986716071,0.04185887194198677,0.031234238579465917,0.0423198115690844,0.0738660170244661,0.1055366903144138,0,0,0.057309861213009884,9.070686535623907e-05,0.00010065998894419892,-0.052010697590993825,2.851841510281001e-05,3.546084620346347e-05,-0.10849369033070601,0.803995905235139,9.846942434261285e-06,9.787878616427151e-06,0.0030065846709285233,1.005007596006739,3.0149956839502903e-05,3.63840079707478e-05,-0.09368319349502574,0.8284318908688583,2.107657878119407e-05,1.7758223608245996e-05,0.08542597641969642,1.1861950437978903,6.369976497813992e-07,8.269647434246466e-07,-0.12888191348630418,0.7610806247046524,1.4016023737010849e-05,1.6799623723045756e-05,-0.0903014280443534,2.8533951285191907e-06,2.9322212220480257e-06,-0.013600985427739753,2.415289515074681e-05,3.0011074571173666e-05,-0.10813642512257053,9.276818186973973e-06,1.0198146665622782e-05,-0.047284071878940216,Normal
Train81.csv,4.628613176288962,16.663007434640264,1.7333333333333334,156,0.0,0.0,0.2390637733707883,1.6757965087890625,2.8472900390625,12.224717801423031,0.693848489895907,6.383622961314196,1.4545290791722456,10.232032699601401,13.497286585532398,0.4302651424015291,6.28662109375,83.96940562932858,0.2251909496887117,1.4896392822265625,2.60772705078125,8.510949389598167,0.2071685913642136,6.316437550180991,1.4361574734858407,9.517088903486929,12.174998897140522,0.4129832615866393,4.7119140625,43.35919581072386,1.2774899671557258,6.835174560546875,7.956695556640625,19.85797809854082,3.503594403907549,5.658107164406702,1.5681242909165005,9.180800468696141,12.292877460890612,3.1004537911677352,17.76123046875,134.40186925694042,1.4855312629310242,7.917022705078125,9.186935424804688,35.32092187824575,4.0275873573548235,5.3572319029612165,1.5947143589388277,8.737093386330196,12.074099766740177,2.798061185909635,13.09814453125,348.4039836361459,0.013872823682076596,0.029881921915265907,1.0616046652194804,0.017281880814889794,0.02049441247467591,0.1861572265625,0.058809351465214287,3.713768411824864,0.17910050232875874,0.1871355373785813,0.1515895045712496,0.03554603280733171,0.35237621339674985,0.22678336526053242,0.21685361098378877,0.33944778284537763,0.2960379054669277,0.06830976290062223,0.27683696651361694,0.25832686986579656,0.034587718832369205,0.23704714201910324,0.27742466619275036,-0.07848345185162332,0.23267997707816043,0.21796277287536087,0.03265825063808299,0.23931473035512776,0.2113693637767588,0.062006550313545405,0.20105132407544807,0.23598235032438625,-0.0799275376151107,0.14687193147010555,0.18661827153138436,-0.11918292804922954,0.12559284813621743,0.04037752417364712,0.21685361098378877,0.11918292804922954,1,0,0.10137307235662181,0.00019262125520954878,0.00017143848620652653,0.058184870759475045,7.918474018692173e-05,7.863019836484267e-05,0.003513651436633876,1.006924471623949,8.198669749174428e-05,6.467114860969782e-05,0.11805961117115091,1.267551663104693,2.4409229560129145e-05,2.0403445659498818e-05,0.08936958539405039,1.1957427456040965,5.062218261402269e-06,5.315830627178089e-06,-0.024413859474094052,0.9505030512178537,8.249235815823485e-07,7.919746655029106e-07,0.020252597935039286,1.028615512517527,7.101081131177366e-05,5.670981336825753e-05,0.11196217022613442,6.036050347225316e-05,4.937763509265274e-05,0.10007339097696917,2.657435603382704e-05,3.072173282542875e-05,-0.07237235822859417,1.9764801777530284e-06,4.2647250708353495e-06,-0.36604859416494817,Normal
Train82.csv,17.14960523009628,61.73857882834661,6.4222222222222225,578,0.13269094491965785,0.3560471674068424,0.3316443262082903,1.7116546630859375,3.1070709228515625,1.6512739865395947,-0.023977461401152117,5.203093093254786,1.280754092695931,6.752590343929041,8.10441754058165,0.9100986757200485,4.26025390625,7.961286599289501,0.37208934794848963,2.173614501953125,3.885650634765625,2.632475259442811,0.12237753067145778,5.736339944155254,1.3343813224084546,7.826101024799431,9.673728052260392,0.9500292861339468,9.19189453125,21.484144184647644,1.2360924682113876,6.731414794921875,7.9128265380859375,18.307818584685847,3.5985380731041303,5.787603778850958,1.618945716607559,9.907577927754074,14.23134015034326,2.0084959269694327,12.85400390625,93.28525941411618,1.3747030856458762,8.152008056640625,9.487152099609375,23.83984476683082,3.97075199946004,6.656400207311374,1.6140013923719914,10.674054396159615,14.301588379176565,2.183264736576376,20.8740234375,118.20297187587843,-0.040445021740199316,-0.057472056050096434,0.8913029064760344,-0.039930610413898227,-0.021466593168909375,-0.4619598388671875,-0.1189003433365831,-0.9812012729032165,-0.2290519856018497,0.26830057787276246,0.2706688805219218,-0.002368302649159326,0.23438850204994502,0.23262919467841975,0.003767110638801861,0.4013176676327315,0.721848871947227,-0.28538172226938885,0.5009443335920762,0.5464869314410694,-0.04348027305901477,0.5838219885731416,0.5409608186580334,0.03810617415068411,0.3107460151211245,0.25611202491318874,0.09638037283695383,0.30025177960023264,0.35079002815426824,-0.07762673176409214,0.2446737267404458,0.22939524124704708,0.03222840177870024,0.1653952394940018,0.19912706397041158,-0.092537063522458,0.054633990207935745,0.3205312043144955,0.09638037283695383,0.28538172226938885,0,1,0.10967211018883248,0.00048616433448353736,0.0006762959672035147,-0.1635596780759254,0.0002474555174372018,0.0003940200854183705,-0.22847678471463223,0.6280117346229038,3.6294361166224994e-05,4.707156012288363e-05,-0.1292603282821711,0.7708827207827464,4.558589036703137e-05,3.767340856272872e-05,0.09502279839028115,1.2097071922553921,0.00014977741686836364,0.00018615691806276005,-0.10829026541511717,0.8045329343523382,5.262293987850965e-06,8.844196573909811e-06,-0.2537388857653916,0.5943276664262329,0.0001824303892448292,0.00021186379251619887,-0.0746464395581989,1.4674044105693651e-05,1.412645718988688e-05,0.019006504266927463,3.0646532128815944e-05,3.9960425692500364e-05,-0.1318931578340089,0.00022396466591115716,0.0003382841983041653,-0.20332188546738209,Normal
Train83.csv,13.678145347879559,49.24132325236641,5.122222222222222,461,0.09840623849644765,-0.2373647782712318,0.43825411004794257,2.8656005859375,5.14678955078125,5.1350812317445715,0.2944066550170029,6.070326352008422,1.3707543441187005,8.574589165581681,10.740850087469266,1.5434365492912618,11.8408203125,24.875483500360954,0.3574067335821497,2.0008087158203125,3.6746978759765625,3.3250432044937703,0.1772855702059773,5.547259976297587,1.3419103671421595,7.589370172824625,9.348565566869773,1.1881567117912828,5.89599609375,15.570048716607097,1.3992959154300006,8.092117309570312,9.552001953125,21.74899848680488,4.022739249084791,5.888954830777019,1.7228839007412098,10.725861277212381,16.27532874882089,3.0369636255354133,23.2666015625,128.85637491310987,1.4948026310039548,8.147048950195312,9.45587158203125,21.395152556504687,3.844863247372224,5.647920612548355,1.6567670321094248,9.661134303939992,13.919483622902519,2.539725003008425,12.73193359375,180.39503786319352,0.08084737646579288,0.10161034829970324,1.2262054869348322,0.35527983749997905,0.13006322766316517,0.8647918701171875,0.1777063569288653,1.8100380272508012,0.2139493383050181,0.3131961596424059,0.2390996134058905,0.07409654623651538,0.1745910511173536,0.1389276268368668,0.1137521482792577,0.31733166209103536,0.36719399811696585,-0.07284217115010344,0.41504940244472893,0.3722403130426972,0.054375267472883355,0.36952996283986483,0.3820010411228976,-0.016594229714185442,0.9928353908884885,0.746763874609426,0.14145298848128748,0.3194865533584044,0.3432708945207834,-0.03588694609109109,0.9682342363805879,0.5170078158493384,0.3038066534782775,0.29508978125042323,0.2093063708177119,0.1700714971362599,0.4512264205312495,0.04986233602593049,0.3038066534782775,0.07284217115010344,2,0,0.11718278724441357,0.0009695390383784542,0.0005056022427355172,0.31450329645211295,0.0005108585651402746,0.00024066281114302807,0.35952691068402126,2.1226268256644887,0.00021139886726423,0.00011072091932640703,0.3125384616038772,1.9091222989044196,0.0001915810256001681,0.00011016084114011713,0.26982495697409725,1.7389449296889015,4.482883102247242e-05,3.75178180738349e-05,0.08877258884207483,1.1945493589388274,7.723614240102836e-06,4.427959932353676e-06,0.2709891220507577,1.740352404670452,0.00021239084506116345,0.00013003418373964523,0.2405030280048375,5.169474974775316e-05,3.2067061510623e-05,0.23429943727243494,0.00023166526739757894,9.435113964513843e-05,0.4211748643245607,0.0004354622629133862,0.00021943502550426125,0.32985926592919523,Side I
Train84.csv,10.414379646650165,37.49176672794059,3.9,351,0.1293311351550277,-0.3560471674068424,0.3098821073082406,1.47705078125,2.6782989501953125,1.6025769908319814,0.11809256869989211,4.555194234156289,1.287977675598423,5.950727814019824,7.195931384771377,0.8967153546670676,4.79736328125,14.555860213279402,0.307872829661388,1.5331268310546875,2.8118133544921875,2.7162955966367326,0.17979598572180788,4.900927152166309,1.3114672191796202,6.595582581160983,8.084114876964279,0.9152081800449543,5.16357421875,17.011711746682145,1.2983454030206534,7.3238372802734375,8.58612060546875,36.34515178098433,4.232990753321731,6.4576462351726365,1.71361994037436,12.677430065074489,18.606851265582343,3.01202999045505,16.17431640625,314.1428075356931,1.4605739333544556,7.80487060546875,9.067153930664062,32.904424780953434,4.087149465980692,5.199346143940645,1.6559922300958771,9.091037710620673,14.045619836351596,2.5359366322326116,12.451171875,289.44452525310425,0.002009277646852603,0.0032525480479096624,1.0065262906889172,-0.018492825377886657,-0.010206184158187434,-0.0560760498046875,-0.018628817578463658,-1.1137186058047512,-0.25787253054361925,0.23867462710657814,0.21078893750103872,0.027885689605539415,0.17243179170051312,0.24076357758690212,-0.16537403202386244,0.27404134695918864,0.27309718753132317,0.0017256313549334275,0.30854324337949013,0.2878546093134861,0.03468931624366746,0.20133428591567068,0.20700540921151148,-0.013888248496614991,0.3006133006965931,0.31217551073759786,-0.018868180418083014,0.38715737446544624,0.6512262143195543,-0.25430759900588923,0.4485465286045715,0.30992394474762563,0.18276595714612168,0.537442048824467,0.314218872199279,0.26210334241452254,0.22322317662518798,0.26406883985410806,0.26210334241452254,0.25430759900588923,2,2,0.15643436639106334,0.00038370173360219913,0.0003752144004287714,0.011183492869426073,0.0001729089314871938,0.0001808628506187665,-0.02248255714080398,0.9559695161306513,6.744012365879218e-05,6.758192648858147e-05,-0.0010501420191319202,0.9977541277830729,5.232042909530253e-05,5.9373351551572516e-05,-0.06313951430673706,0.8810622460381666,8.699547327745568e-05,6.355243883774235e-05,0.15570775464643863,1.36866166352634,3.0669106353024005e-06,2.810318085824097e-06,0.04358460688940342,1.087434304207658,4.5527726217935545e-05,5.218687620215917e-05,-0.06814200129049933,2.70007623108093e-05,3.566531545643332e-05,-0.13824338494506927,0.00018077015306389356,0.00017166491781187105,0.025834480333056114,2.4871766164972075e-05,3.311380446375814e-05,-0.142114961701973,Normal
Train85.csv,5.459389900238262,19.653803640857745,2.0444444444444443,184,0.0839211221652137,-0.11868238913561413,0.29170310090816925,1.604461669921875,2.8591156005859375,4.254620439886259,0.2683968176521382,5.3265836794723,1.340322684737293,7.388711190522658,9.171992135247349,0.5087835124879111,4.638671875,30.31616151371746,0.305815247664615,1.633453369140625,2.9766082763671875,3.7575994328143616,0.14080708166218536,5.391989319524507,1.3601273679476793,7.520170449603388,9.364557911754074,0.6623572614137136,3.80859375,27.409269713789985,1.3152735856582325,6.786346435546875,8.067703247070312,20.472351375687605,3.82277048366433,5.449763172592984,1.6106998709546367,9.30609105829587,12.749367682344797,3.0881709744262817,17.4072265625,119.43247261578217,1.4703529359605565,7.7121734619140625,9.152603149414062,22.630969006659292,3.9096640280509227,5.292138892851657,1.575478888244544,8.611502344612314,11.987827130864147,2.775850957161098,12.90283203125,102.92376995104962,-0.014112146756445731,-0.023617929983195184,0.9538539807849534,-0.15357374892580256,-0.1311317572035837,-0.02899169921875,-0.00895381712597562,0.49702100707189745,0.06203287158219753,0.22178130988951056,0.20798764575863865,0.013793664130871908,0.14124099601472198,0.1940919888093587,-0.1576074934778277,0.18137451901427942,0.19179138051415753,-0.02791482617756191,0.3250891767171172,0.29916998064885125,0.04151992861815827,0.41667010087346396,0.3248553231431429,0.12381878424990718,0.36731261800082876,0.46139184332477495,-0.11352566394803704,0.44696040337778636,0.39029093285738653,0.06768513514516598,0.3401898780920451,0.34389563748191626,-0.005417099545794307,0.22467883321470414,0.32823816686707996,-0.18729634242407905,0.09181477773032104,0.10355933365237582,0.12381878424990718,0.18729634242407905,0,2,0.10421422186933711,0.00036786142458123175,0.00040912656396485935,-0.053109108495799785,0.00020886017694645315,0.00023733752621946086,-0.06382083740589063,0.8799762115630092,0.00011529966440517123,0.00011697419386525779,-0.007208979016256221,0.9856003669861008,3.3995792382966224e-05,4.458239605190869e-05,-0.13470985754704676,0.7623674750150838,7.18631045881091e-06,7.432030266321131e-06,-0.01679751737584735,0.9656384348949131,1.04851477011435e-06,1.2384993191807088e-06,-0.08270935296033119,0.839820057573125,6.153673033288233e-05,5.7536510371688216e-05,0.03359179627230774,0.0001730363183053058,0.00020806660404366334,-0.09191576481440261,8.901285335101966e-05,9.154424266662322e-05,-0.01401910631246032,2.78600210069321e-06,1.6642507730701624e-06,0.2514994910314494,Normal
Train86.csv,0.0,0.0,0.0,0,0.0,0.0,0.07059423696313433,0.200653076171875,0.3093719482421875,11.705476261152,1.5661041879589308,3.185039570846133,1.073239779426666,3.5253700425663825,3.7169209510641226,0.12788611681990605,0.37841796875,32.236296845449154,0.05431960542666273,0.218963623046875,0.363922119140625,15.755957251389413,1.7510702497112458,4.313238876975267,1.1993712171864437,5.620318972379355,7.041512575610019,0.13522735224867916,0.5126953125,102.6698612278507,1.3303728157385666,6.4178466796875,7.453155517578125,13.329226976146824,3.236668354081921,4.680334416108956,1.6168186259051591,8.196741253745024,11.809449340294044,2.9919168210418747,16.9189453125,33.89884449499245,1.4953212887914382,7.611846923828125,8.704757690429688,16.460973782773166,3.2494604443748205,5.1285217259684,1.6291110947178313,8.799222390132057,12.254025789737133,2.806588792952769,12.2802734375,134.25832273319492,0.016274631536471594,0.13028684349343553,1.2996085559266166,-0.007341235428773102,-0.0279014038154217,-0.018310546875,-0.04363636259645358,-4.050480990237412,-0.1474970702790377,0.05306349889095442,0.036326377127487854,0.01673712176346657,0.08083787899574399,0.07413251786279475,0.04326865540896515,0.06832607002927875,0.06826988902606385,0.00041129327317221854,0.08576056298710989,0.039869320835727896,0.36528918997653087,0.09241168113463344,0.04881248223552307,0.3087233428857425,0.05828195903847901,0.07490023394899539,-0.12477849545767991,0.0456948737496626,0.0418026216068145,0.0444841498850798,0.08926808404565247,0.06563723086866954,0.15255029606021048,0.08130883965694455,0.056993732130782224,0.17581094446582554,0.045891242151381996,0.01661827491051638,0.36528918997653087,0.12477849545767991,4,0,0.15238185478401348,2.7298348464203554e-06,3.5191364892792304e-06,-0.12630905159537126,1.988542221546177e-07,2.664272625365879e-07,-0.14217477970107117,0.7193726853489979,7.457960991349851e-07,1.0672352820742723e-06,-0.17632125604226812,0.6923242410877187,1.047351938337677e-06,1.2743475718716531e-06,-0.0973520097851706,0.8154739116385705,1.4512822121135201e-07,2.102235572458909e-07,-0.17817166871176734,0.6590040730715693,2.887681454302042e-07,3.3441368200546633e-07,-0.07208914500929768,0.8384340126929714,4.138869943754864e-08,5.0179749452880015e-08,-0.08655296119383588,2.335744613268863e-08,2.4886840814075393e-08,-0.026258278048534596,1.499018100371e-08,1.5842486003369067e-08,-0.020873116113412454,0.0,0.0,0.0,Normal
Train87.csv,3.916518841475275,14.09946782931099,1.4666666666666666,132,0.3460156509075387,0.9494591130849144,0.09296187900758637,0.341033935546875,0.5611419677734375,3.445119328211247,0.5510292340284959,3.7447302293243894,1.1937954286170323,4.658295608326877,5.517871305990764,0.15427060446849936,1.25732421875,22.004309524685848,0.07500235127872021,0.2826690673828125,0.50201416015625,2.855349248575934,0.5049781406680384,3.832133487709452,1.206987141241112,4.693221767580868,5.516228329910089,0.15644595256774493,0.48828125,15.836736556193621,1.3934759423155605,7.4260711669921875,8.642196655273438,20.38593464652075,3.780408338110487,5.483075945514488,1.756328989917167,10.791999197661754,15.894366950668687,2.3218376432625085,15.087890625,117.17942693704391,1.5012504045133397,7.9319000244140625,9.189605712890625,19.80656691174213,3.678278945952676,5.490180312579796,1.7283065948415928,10.304439862055276,14.87788278105491,2.718593436698867,12.78076171875,109.2198042583217,0.017959527728866165,0.10692471027316837,1.2394526975240934,-0.0021753480992455776,-0.007001068916263576,0.0583648681640625,0.09357798015101491,0.5897700796353131,0.09360733594833405,0.06671222338147292,0.04995992044607277,0.016752302935400157,0.11213301100441236,0.08087501374646973,0.1619517928271107,0.07516929870072803,0.07259510297495637,0.017420945250481133,0.09922221620767804,0.060073385510556215,0.24576214168642121,0.12235781572926938,0.08653851069954348,0.1714692830045505,0.10445656570325691,0.11085689934405234,-0.029725652978240803,0.07456747746061601,0.0660500510024972,0.06057157984139444,0.09900250411117836,0.08661806946370205,0.06671908044336233,0.0822445276709614,0.05339798352956173,0.21266593901447192,0.03914883069712183,0.006400333640795425,0.24576214168642121,0.029725652978240803,4,0,0.092039153686505,2.4686156162346875e-05,2.041025612874827e-05,0.09481685607267114,3.56899763274122e-06,1.4188889543431125e-06,0.43020357523807645,2.4977431744386016,1.3201684049952294e-06,1.1178727876408816e-06,0.08263570807667288,1.1704940658747194,1.4318906890152504e-06,2.271692081997622e-06,-0.22614317352439608,0.6275564964759092,1.765757726266845e-05,1.4774829061397343e-05,0.08885741003535494,1.1943037818930047,3.6062865354863897e-07,4.1111790577474436e-07,-0.06458519276350229,0.8563602938829653,1.1696763569430359e-06,1.040377733172738e-06,0.0582412042778449,3.168096655212595e-06,1.189713069684338e-06,0.4529463759035294,3.4833272726883983e-07,1.8359796092704361e-07,0.30397755641077856,5.256825025978473e-08,4.557792373173122e-08,0.06463776081992416,Normal
Train88.csv,5.51873109480607,19.867431941301852,2.066666666666667,186,0.05934119456780751,-0.11868238913561502,0.22840174096209281,1.5323638916015625,2.6477813720703125,6.941240213120315,0.31814561787023976,5.9205924618097585,1.3907639888804837,8.685946387048519,11.207476646403228,0.7031160777903424,7.275390625,30.411216650997517,0.20940024339578645,1.407623291015625,2.4593353271484375,6.682116546193699,0.07920776154650869,6.423737033687342,1.4128189618210167,9.37252787086727,11.909643873286074,0.40946706362725455,3.57666015625,23.111329540310262,1.2760791640187645,7.23876953125,8.521270751953125,20.72301499586566,4.051711793392151,5.816577762243442,1.7616988765448036,11.215074105732903,16.636615343996766,2.3519556819418463,16.95556640625,67.95007498281748,1.3732943472666124,7.764434814453125,9.017181396484375,21.89135894488238,4.216427642934157,5.943078630235409,1.7373861080377084,10.898266101508534,15.54780450483117,2.0828940337663893,11.70654296875,66.06520551410453,0.01900149756630637,0.04340203519213227,1.090742428713263,0.2936490141630878,0.26393444282248496,0.1247406005859375,0.042428960540774656,0.2591236669266159,0.019020544739038185,0.17898712369294903,0.15248023287052168,0.026506890822427354,0.1296978113372492,0.10357766721344916,0.11197123318047743,0.5066465343639536,0.2994429614807736,0.2570478481369692,0.13156271986591878,0.1264610584532061,0.019772058405727,0.22462537957267129,0.23771884867512028,-0.028319741048511992,0.3526833838510445,0.2631889937206014,0.14531320438527043,0.23288543537990278,0.22691468292429945,0.012985538907142494,0.17365280697058968,0.20747976483068786,-0.08875378142752316,0.21528592124186888,0.2904701048299744,-0.14865701687330032,0.20720357288317998,0.0751841835881055,0.2570478481369692,0.14865701687330032,1,0,0.12306979943191641,0.00023645073388043255,0.00015258569950886408,0.21557115779859967,0.00014734362596722443,7.88283186924196e-05,0.30292120521779875,1.8689341478992207,4.322688253498033e-05,3.813713393024425e-05,0.06254758983060887,1.1331619988548784,3.993165568342991e-05,3.0073061364304275e-05,0.14080745784353174,1.327380056167146,3.5482102656629456e-06,3.7318886882642305e-06,-0.025195600740417563,0.9482404639109863,8.279381354744689e-07,9.414261960640248e-07,-0.06378011438019028,0.87020742008112,2.6398359894762145e-05,2.2442515887098658e-05,0.08097795473161941,7.211449305501833e-05,3.754352712148699e-05,0.31523288081512785,8.994016581853929e-05,5.46393755299726e-05,0.24414483896507638,4.0827012331560705e-06,4.228516227935157e-06,-0.017523276547079324,Normal
Train89.csv,19.315558831821246,69.53601179455649,7.233333333333333,651,0.05139098198663605,0.11868238913561413,0.7846500339083924,3.830718994140625,7.0522308349609375,1.2081959607447406,-0.050268238624852885,4.812106797980816,1.3002229184942125,6.2796160909721195,7.581793321940614,1.413614808127386,11.328125,6.352466380513455,0.779209367464055,3.7128448486328125,6.9660186767578125,1.52966670796101,0.006021648162621102,4.6989489512634925,1.308600164906461,6.193106665117015,7.526674622598632,1.3785049729923404,8.36181640625,12.757174564860728,1.405165479556148,7.360076904296875,8.564376831054688,16.962050354769772,3.2676279129221735,5.458028256294812,1.5575208236517872,8.637886114806628,11.753295613750655,2.4295248363541964,13.56201171875,110.34609155047053,1.540371007331994,8.217239379882812,9.454345703125,17.454048887338864,3.4045270297305077,5.537367594263662,1.5133641581240211,8.68447713908765,11.649744011582836,3.025485353113509,12.98828125,94.08005107396136,0.005440666444337383,0.003478999713639629,1.0069822779367004,0.03510983513504562,0.012574616335127043,0.1178741455078125,0.015625790118350406,-0.32147074721626945,-0.11741668043345253,0.5584040027600174,0.5058582372016371,0.05254576555838031,0.476323548586376,0.7129737857755295,-0.19898323855765745,0.5391223362870794,1.0206548082994338,-0.3087187619054502,1.0579427709334916,0.7906026162307369,0.1446219038563345,0.6007958456282949,0.9081879870886163,-0.20370804031066675,1.1160929993860977,0.7275713458995224,0.21073339752581247,0.7361243520014173,1.0747133520859908,-0.186979207165016,0.7790229741469884,0.4225919336117591,0.2966266773718527,1.139862169622843,0.7014774650108491,0.23807921905640841,0.43838470461199397,0.4815324720123544,0.2966266773718527,0.3087187619054502,3,4,0.22949517516965573,0.002542671115532971,0.0023260966555799737,0.044482396806428674,0.0009542655223568299,0.000975856595173568,-0.01118631860515528,0.9778647276958014,0.0005757996117653703,0.0004354728755266698,0.1387611651561971,1.322209538248783,0.0006357547104069498,0.0006051045701350573,0.02470053917242972,1.050635271044711,0.00033175866925521996,0.00026938569826703574,0.10375533200442906,1.2314920816826391,4.044874453896508e-05,3.690519844804311e-05,0.045803586969669345,1.0957206310537735,0.0007813024457837337,0.0006884997955772011,0.0631391191303485,0.0002848391937431544,0.0003068969503759875,-0.03727570826112899,0.00016639671275353433,0.00016156777811331024,0.014723506780850845,0.0012257211126835332,0.0010837473515546824,0.06147438191231673,Normal
Train9.csv,5.429719302954359,19.546989490635692,2.033333333333333,183,0.05139098198663605,0.11868238913561413,0.2649049121010775,1.36260986328125,2.51617431640625,4.259748485318148,0.11538913449050867,5.066897321737969,1.381741026918767,7.310773861536569,9.30179366219255,0.4380907259988502,3.0517578125,17.590976041551432,0.3102120341454949,1.7299652099609375,3.16925048828125,4.878737352867484,0.1473579278384058,5.360909106992405,1.4158767037181637,7.949459065699321,10.288774098981966,0.6093494581102588,6.40869140625,29.307123255927472,1.2106595382654795,7.054901123046875,8.273696899414062,23.991551978156053,4.3797312614481045,6.202014598734042,1.6378716164065192,10.766857927876359,14.808800281224142,3.047155763454766,17.66357421875,65.25560946221279,1.3358340714120458,7.7678680419921875,9.174346923828125,28.325073670813907,4.610331808440281,6.397190404711171,1.6844761650518922,11.661873283063358,16.916201355986075,2.56942891815724,12.97607421875,109.0012353982203,-0.04530712204441739,-0.07877897104635648,0.8539478627620031,-0.17125873211140857,-0.16350215799869242,-0.3673553466796875,-0.11878623373456151,-0.6189888675493354,-0.06773429185451223,0.21881040997909668,0.23222347629997936,-0.013413066320882683,0.3440313380037968,0.3759085160146779,-0.04427755650722386,0.2771522102341119,0.41722164942957035,-0.20172049282802162,0.19316043638214342,0.16928653766457422,0.06586866429682299,0.29743979085195144,0.2610513590055797,0.06515489315113653,0.2885497739607719,0.4327487056760753,-0.19991575441659853,0.3460626510701083,0.28725088615463396,0.09286358261748028,0.22588743563989877,0.27862259360874836,-0.10452746995359419,0.24618043583808885,0.3480464267406724,-0.17142609263111336,0.05881176491547435,0.1441989317153034,0.09286358261748028,0.20172049282802162,0,3,0.11680128055021881,0.0002571182908688795,0.0003962835176147349,-0.2129856773259073,0.00016469788477031016,0.00023505784876694016,-0.17600298898573266,0.7006397754275666,6.538633599084775e-05,0.00011208721062843222,-0.26312790975358713,0.5833002946664154,2.04381639669936e-05,4.152438195704595e-05,-0.3402509558974383,0.49207820133522995,4.007906601749689e-06,4.070299538586101e-06,-0.007714063632139461,0.9822579356854039,1.3066083322520934e-06,1.1972758007205483e-06,0.04349147603802268,1.0822782428607114,3.0240027111944232e-05,4.914525599659524e-05,-0.23811526509460393,0.00013940482030403586,0.00018257460807181723,-0.13407206561263238,5.968626213456345e-05,0.00011406511997311662,-0.3129513426916376,2.059416530461505e-06,4.140745561773115e-06,-0.335148906002658,Normal
Train90.csv,0.0,0.0,0.0,0,0.0,0.0,0.0705297388405157,0.2094268798828125,0.30517578125,14.374891560755568,1.6638665712515643,3.4046416810943785,1.0901612631755588,3.9330976769417636,4.250198654788683,0.1261723497694785,0.35400390625,95.35300071847057,0.053683543637810555,0.2010345458984375,0.3246307373046875,11.46765144992398,1.3859361518088709,4.106402136575377,1.202278315034826,5.309693997892006,6.400948529759532,0.1274173757763315,0.3173828125,68.78778597247856,1.236896647873149,6.6349029541015625,7.80487060546875,29.043794320334804,3.982490052469995,5.124356977981799,1.5910424558058716,8.69297099303391,12.983187576645978,2.434457894922854,16.46728515625,213.60754287106164,1.3549579001640313,7.2483062744140625,8.525848388671875,26.100762258758692,3.7450842138354874,5.479664982838072,1.6129222413925408,9.232706921390777,12.89291675050069,2.2366071035626063,12.36572265625,233.18688662292251,0.01684619520270514,0.1356231274977644,1.3138053288417177,-0.0012450260068530006,-0.004909607260614425,0.008392333984375,0.020446096156150426,2.9072401108315873,0.11249822080223199,0.05702152915651983,0.039620082096359456,0.017401447060160377,0.07623105317931926,0.06966844268201294,0.04498034766165447,0.06408002543892695,0.06400399793304591,0.0005935752012137526,0.08593697981243487,0.041578562293034235,0.34786672517177697,0.09183487207207644,0.05242827551209,0.2731577293876694,0.05698624755778372,0.0678223633954282,-0.086821853770075,0.05107552287841922,0.047218968086067244,0.039234695272987216,0.09143343464176723,0.07057350775458252,0.12875945494086538,0.08131021414174622,0.054264407433388895,0.19949017300754093,0.04435841751940063,0.010836115837644482,0.34786672517177697,0.086821853770075,3,0,0.1373589369950411,2.2449780223193346e-06,3.06122865828225e-06,-0.15382940867097436,1.2500142313727005e-07,1.9142240117380182e-07,-0.20348079119750345,0.6205934514175996,6.190707077306582e-07,6.913950984134056e-07,-0.054771876974190094,0.8826276504227507,8.634701208188744e-07,1.3123477465419767e-06,-0.20535911634077528,0.6529826387021899,1.2940525490456092e-07,1.7996623289279423e-07,-0.15831400084253863,0.6812013531772756,2.401255594086168e-07,3.343604986983466e-07,-0.16122700957990072,0.6973086643685062,3.3820369487351725e-08,5.5765844283033824e-08,-0.2203665945798628,2.2198653042100288e-08,2.473370303240746e-08,-0.04452740348545449,1.539412359568134e-08,2.039399389844664e-08,-0.10919580398575021,0.0,0.0,0.0,Normal
Train91.csv,2.6406831582674206,9.506459369762714,0.9888888888888889,89,0.2118904469351156,-0.5934119456780724,0.23508108408801232,1.036834716796875,1.9054412841796875,3.05737695368055,0.09126616760531764,4.43624892868632,1.292445979910939,5.927307953033456,7.203392022103585,0.517880261602796,2.587890625,35.7655102689198,0.21146631673454522,0.9613037109375,1.7673492431640625,2.0971342250695115,0.14810984409344435,4.488649623942302,1.3158015394189178,6.083029531471192,7.5785880024049534,0.4247516292015385,2.1240234375,25.939640589525805,1.372454627376917,7.79266357421875,9.255599975585938,19.63068127545369,3.925403167734986,5.84754418624768,1.6974513254163779,10.232262315297367,14.468238249636524,2.2932258637267537,17.7001953125,69.88962311495929,1.4957234442010934,8.664703369140625,10.201263427734375,22.6473074255682,4.170116232657329,6.140335901992183,1.7150242712740162,10.939867677936393,14.908874888745705,2.7650185744522244,12.85400390625,105.13447631935095,0.023614767353467098,0.052883001403966914,1.1116714784718933,0.09312863240125746,0.09879639371613894,0.075531005859375,0.037800687096043846,0.9602427286110387,0.1862917148587841,0.17128513954917116,0.14138062496819984,0.02990451458097132,0.2939528594204658,0.13381183736709243,0.37436707496512694,0.3195669755806913,0.2686821721669673,0.08650212710640555,0.21276249660812205,0.2829630919743381,-0.14161180210777177,0.332284129838564,0.2288481501904163,0.18433439223895956,0.22165047877462435,0.29587639200908916,-0.14342426643049203,0.26079088820650936,0.2014522543009383,0.12837103931921415,0.18026997654858679,0.23234565671229482,-0.12620869085853467,0.18838390978490951,0.15037692614500578,0.11219414550572597,0.16014102205337336,0.07422591323446481,0.37436707496512694,0.14342426643049203,2,0,0.17287479887102772,0.00022220887383705862,0.0001681264219553471,0.13855383426682097,8.88871791811058e-05,6.6322880567222e-05,0.14536973281977425,1.3400168727939863,9.972224349838636e-05,7.562095099305943e-05,0.13744427397074113,1.318537479550373,3.028893656334199e-05,2.2629761828517222e-05,0.1447074076547252,1.3378646291759928,2.1841714357319432e-06,2.32870092245132e-06,-0.03195524332184138,0.933925075568275,4.830496966375799e-07,5.217305026996174e-07,-0.038117422952578056,0.9084483477722587,0.00010727080857993315,6.90385506691348e-05,0.21683528158012205,3.635323324721948e-05,3.195294883914454e-05,0.06441057262995446,1.7563451573056068e-06,1.4994049685646968e-06,0.07867723458249487,1.9505016348749456e-07,2.1570333058715836e-07,-0.04908614519075002,Normal
Train92.csv,0.0,0.0,0.0,0,0.0,0.0,0.07122913935948375,0.215911865234375,0.308990478515625,11.332594791885235,1.4880872241817453,3.4844104420258266,1.0937340027813114,4.035961930037979,4.38158008462326,0.12623292137052247,0.341796875,57.281872625542256,0.05380894394493021,0.2147674560546875,0.3429412841796875,13.035274506138805,1.5585195181103946,4.474913278354707,1.204129996809256,5.93202997662017,7.468845783660816,0.13582350675849317,0.4638671875,64.21153246872439,1.2188188854891595,6.313323974609375,7.40814208984375,25.659653416534674,3.726477648165065,5.349034305038828,1.6116705918862175,8.990502632166827,12.571651988870096,2.218599176653435,12.7197265625,223.9433665609471,1.345973794410301,7.1964263916015625,8.410263061523438,26.823491472910597,3.6359114916797806,5.410833611917392,1.6381209563488848,9.579042013698524,13.649248570164822,2.5012578362928846,11.90185546875,250.69349745008287,0.017420195414553537,0.13931910631540786,1.3237413875835964,-0.009590585387970696,-0.03659740419446997,0.0011444091796875,0.0026572187159810503,-1.70267971425357,-0.06987396775363114,0.05844111838362723,0.03997770518907315,0.01846341319455408,0.07763045663590228,0.06785168816308314,0.06721627464434102,0.06271112070404966,0.06000612649832382,0.022042492371427642,0.08772902998094155,0.04261390512555072,0.346126327117521,0.08616782880121752,0.04270926063585366,0.3372093906146922,0.06198146412435374,0.07508991335474823,-0.09563227943828181,0.05400638816055622,0.050676531290443375,0.03180897676035609,0.09154386350252636,0.07318194136778826,0.11146960875072359,0.08258424286930113,0.05301777312460182,0.21803855457166035,0.04511512485539083,0.013108449230394482,0.346126327117521,0.09563227943828181,3,0,0.14743139736580735,2.7844342596870215e-06,3.0776413403855093e-06,-0.05001762186329702,1.849064654600361e-07,1.7991723609047076e-07,0.013310869480576477,0.97361603015301,7.667635485819172e-07,8.488608734247067e-07,-0.05050202477977725,0.8927680516222009,1.1334778068817554e-06,1.2462435098505191e-06,-0.04718780477840845,0.902275552465643,1.3058546511817096e-07,1.7951405288405e-07,-0.1528543000353395,0.6890542581455255,2.9499046886309796e-07,3.1788013845574016e-07,-0.036748675123989785,0.8996899606437067,4.7827537149970516e-08,4.9354616516228204e-08,-0.014247515225468662,2.0437194743560797e-08,3.0475604381491735e-08,-0.1647996772783717,1.1000219700313551e-08,1.800194570553099e-08,-0.17952146842001282,0.0,0.0,0.0,Normal
Train93.csv,16.25948731157917,58.534154321685016,6.088888888888889,548,0.1453556474183457,0.35604716740684594,0.4983796902907274,2.7500152587890625,4.970550537109375,2.525174142314602,0.06502355476540277,5.557929966382611,1.3149015633146277,7.427028834047869,9.030698432247435,1.207658524463598,6.7626953125,15.781989556435889,0.6847350547676497,3.6060333251953125,6.607818603515625,5.428818846228071,0.2931366257022958,5.697889676204021,1.3803447579082686,8.238170827485522,10.372237951224989,2.1310506607198025,9.130859375,26.891464988141657,1.4106746332916398,7.3627471923828125,8.59222412109375,19.182323557475538,3.394670260474322,5.4674574442318615,1.5848642916514746,9.006021305975231,12.348041691526578,4.56764546687826,25.40283203125,144.07700130190938,1.6035474830969598,8.797073364257812,10.281753540039062,15.70953873256049,3.497256053786379,5.747742653628971,1.6484689736219675,9.910933779352181,13.895500857817293,3.6303284325110083,14.6728515625,63.744940263526544,-0.18635536447692236,-0.15751250136993453,0.7278430971836412,-0.9233921362562045,-0.27657159766664885,-0.85601806640625,-0.13467770954684338,-2.903644703913469,-0.365054973576853,0.35329173361181165,0.42701264397552,-0.07372091036370837,0.4932795889726476,1.2771568161554965,-0.4427593222127167,0.5639757130553887,1.3221143610656885,-0.40196311639249954,1.0427330836668711,0.6383472428355369,0.24055116941804466,0.7978726457777436,1.0394482380617014,-0.1314825260486413,0.38689292010369947,0.6029904713342392,-0.21830606606457792,0.28397680033744366,0.3034731495223777,-0.0331881019952513,0.3747551088605193,0.5250662011176277,-0.16704548883189255,0.21725295610468892,0.2913773483998347,-0.14573333555109313,0.4043858408313342,0.7838772271828489,0.24055116941804466,0.4427593222127167,1,4,0.19982425605696869,0.0011725889053706764,0.003207404407990227,-0.46457045868368557,0.0005072755842655607,0.0024387913474709887,-0.6556229887951047,0.20800201082043857,0.00020903379892235784,0.0003356463177786041,-0.23244871712213802,0.6227614016198398,0.0002988651730090127,0.0002912546861836244,0.01289629173450107,1.0260947762839903,0.00014224996743446045,0.0001221960519221098,0.07583081512435397,1.164017372274869,1.2364454436587819e-05,1.4581683215773822e-05,-0.0822532073318653,0.8473631351331465,0.0003936087246072099,0.00036908153988245195,0.0321583535062356,9.676615677045056e-05,0.00012093389304315423,-0.11100882248382737,0.00014124964183128246,0.00024397438945587303,-0.2666554335331268,0.000492805703479803,0.0023871424529343334,-0.6577653724709625,Side II
Train94.csv,5.459389900238262,19.653803640857745,2.0444444444444443,184,0.0,0.0,0.246590985120177,1.25274658203125,2.278900146484375,3.7000095816831733,0.19984788999082562,5.103718356577509,1.322186801978558,6.920334996925718,8.484985463228718,0.5454141177833551,2.9296875,15.854010733633963,0.28198426202459514,1.3942718505859375,2.562713623046875,2.7727551963026427,0.12143228770958053,4.752396409026001,1.3544590655694746,6.745524861231761,8.693335290779963,0.6195769231828525,6.33544921875,34.786421013918265,1.3686216775201216,7.1430206298828125,8.5479736328125,15.498774424725731,3.5351364474224374,5.242322216539,1.6808941120320393,9.22396935597654,13.800740504630614,2.3794491528919615,12.80517578125,55.70535095340753,1.4533153163231638,7.8273773193359375,9.348678588867188,15.643729286309974,3.528676298951133,5.317713358386792,1.628874475113289,9.148122590357886,12.714914129913957,2.664875488181718,12.75634765625,55.972562815809674,-0.03539327690441815,-0.06695976859681921,0.8744848900603538,-0.07416280539949738,-0.0636595494342974,-0.1415252685546875,-0.05346591707716142,0.9272543853805306,0.14325476295718634,0.1801746876940028,0.19402827240390105,-0.013853584709898253,0.1204478202628533,0.1580783681751691,-0.13510595456854066,0.18144822954968137,0.33310398827287824,-0.29473346051762594,0.31991740609053165,0.2790675589027094,0.06819845053422784,0.3270707337064547,0.26934922332858824,0.09677997647331445,0.2923527790716154,0.41849730841962923,-0.17745587964777274,0.3371619266467374,0.24992339629520846,0.1485959969641339,0.2292319750204841,0.31160214305841294,-0.15230208997815436,0.2765053312837914,0.3709233344441564,-0.14583537415021738,0.08723853035152893,0.15165575872319687,0.1485959969641339,0.29473346051762594,0,3,0.1472188127576408,0.0002433754697647012,0.00029032802212080553,-0.08797497687381982,0.00012559366298852962,0.00014367633487762617,-0.06715193119573791,0.874082167211617,9.015821307190387e-05,0.00010108520480942015,-0.05713357627049922,0.8918149307068107,2.1996511883070098e-05,3.869180902546221e-05,-0.2750536899949941,0.5683587521347756,3.554032085870582e-06,4.39363043104045e-06,-0.10550816189875051,0.8070686542673536,1.0977379374828081e-06,1.152730488034703e-06,-0.024327944567199566,0.944103512189013,4.00406904872409e-05,4.483912147150139e-05,-0.05652540479878315,0.0001422948818935066,0.00012417580798755351,0.06799394700621751,3.352162684871209e-05,7.60214471682723e-05,-0.38793818157007,1.351054587078715e-06,2.8819567251254944e-06,-0.3608055754278648,Normal
Train95.csv,5.370378108386552,19.33336119019159,2.011111111111111,181,0.051390981986636046,0.11868238913561413,0.2681306806171648,1.239013671875,2.3303985595703125,2.1614738462933185,0.02559052855408555,4.620918186094282,1.306247540903196,6.202856986621681,7.617763630775739,0.45641154473252604,2.38037109375,21.333365368299297,0.2999582891605568,1.555633544921875,2.812957763671875,3.546641953298321,0.14875568895821517,5.32954524386287,1.3414839765974267,7.355303792403674,9.11062336263816,0.6826989230009015,3.6376953125,29.93297913503421,1.265908089366182,6.3449859619140625,7.647705078125,22.111868271770142,3.743490523104467,5.056329501578808,1.6096408137992755,8.686625550154584,12.653796816657756,2.433153323859451,12.92724609375,153.41916102011393,1.3298704010945555,7.099151611328125,8.36334228515625,25.79617097035342,3.891190280114988,5.311919159830559,1.5907207805801387,8.97330858598514,13.040864837077905,2.1393570277133103,12.4267578125,182.8934864404381,-0.031827608543392005,-0.05602574539616191,0.8938931890450684,-0.22628737826837547,-0.1986527055028378,-0.316619873046875,-0.11329511288971289,-1.3851681070050024,-0.24266643376040714,0.21180896208138103,0.22555452520646344,-0.013745563125082405,0.13191284479602064,0.18773693770343408,-0.17464141763054222,0.27656189088700456,0.24422967431156858,0.062082833354414356,0.28122077896059383,0.3558383215194279,-0.11712813039061638,0.38074469184619353,0.2502976597567005,0.20671675948687182,0.3556337130992656,0.49951768873418984,-0.1682555552664471,0.3426409353877324,0.37096291795622144,-0.03968866204811729,0.28513476539045685,0.315703707031076,-0.05087713675964707,0.20604732012120278,0.3062436090989753,-0.195584737708408,0.13044703208949304,0.14388397563492422,0.20671675948687182,0.195584737708408,1,3,0.12896013371227205,0.00024231454646218882,0.00039587354778416594,-0.24061715144234566,0.00012135591594846063,0.00022716304551672148,-0.30358202980738785,0.5342003302919492,8.904083218760701e-05,0.00011041672290703523,-0.10716475022359355,0.8063340996052892,1.961908661922881e-05,4.550737772903392e-05,-0.3974469810241639,0.4310240966872415,6.580553403330735e-06,6.854782736097127e-06,-0.020395870354049862,0.9585960191759854,3.964102568328019e-06,3.946724545489293e-06,0.002193965679216951,1.0018646794220583,6.24994063851577e-05,7.96770354417805e-05,-0.12081059794386369,9.81195585349566e-05,0.0001483938303552001,-0.20393307120503762,4.937157123733928e-05,0.00011005835548875503,-0.3806247625519236,1.4275470800064116e-06,2.987981253563261e-06,-0.35259839186210534,Normal
Train96.csv,9.8803088955399,35.56911202394364,3.7,333,0.17553362074379206,-0.4747295565424565,0.2749328898520805,1.325225830078125,2.4471282958984375,1.0890083841460947,0.004727382862372932,4.417461931287878,1.2774585878389129,5.749191559633138,6.933275425151201,0.9681445352394673,7.861328125,13.03126469743065,0.2789124653562453,1.4835357666015625,2.6988983154296875,2.6528617425097947,0.0926847634374575,4.962725010349976,1.3197131463582794,6.778144889168911,8.360877233704194,0.6683752150584286,4.45556640625,20.179663924674887,1.2674123861329178,6.780242919921875,8.021163940429688,34.79160218504586,4.024557390878464,5.649943006308355,1.6176398858318501,9.393593686316603,13.115390457767438,2.539119182834282,17.22412109375,283.08244493603735,1.4057804327625099,7.767486572265625,9.046554565429688,43.18276026025541,4.607185080015878,5.571672158637649,1.644044772378241,9.578213118307271,14.247186483028848,2.7416058545677906,12.7685546875,425.43510331344703,-0.003979575504164834,-0.00718535489173578,0.9857317766117064,0.29976932018103875,0.1831748857871852,-0.1583099365234375,-0.05636289535820732,-1.5638533583637,-0.4179336271037231,0.21692457063773846,0.19840400170040232,0.01852056893733614,0.17467406523194937,0.25745686653586974,-0.19156878923148019,0.23848356194499082,0.25270208037461284,-0.028947340710127955,0.24573696097566083,0.17924154961391064,0.15646769928395746,0.23386606750423988,0.2818285171155829,-0.09300553100949521,0.26983231164073396,0.2888920448961985,-0.03411294440870727,0.36623095139809436,0.5179219165762511,-0.17156644394540801,0.2376109215560695,0.1997368564112867,0.0865994208426401,0.5756091004142168,0.33427067247666037,0.2652421039302291,0.2413384279375564,0.15169096517815672,0.2652421039302291,0.19156878923148019,2,2,0.1496268113211754,0.00033351627536365257,0.00028308545964056235,0.08178831303928377,0.00011207113290729773,0.0001270551389714275,-0.06265885951307584,0.8819974842391557,6.310181427707042e-05,4.4196909332247123e-05,0.17617304827565572,1.4274197230757373,7.715140678945373e-05,5.0056109390423874e-05,0.2129840151942505,1.5409906567297689,7.719297741123805e-05,5.924744953475062e-05,0.13151683199636177,1.302671276224425,3.117870379111389e-06,1.6155098768866176e-06,0.31672782301714814,1.9180876249630237,4.4494112236983194e-05,4.2565230139676945e-05,0.022153401468934332,1.228226129853964e-05,1.7405696966571072e-05,-0.1725181112551588,0.00013543774293852648,0.00011346939013806985,0.08825568786258103,1.776196654059627e-05,3.055051580717872e-05,-0.26465008925956596,Normal
Train97.csv,12.906709818498065,46.46415534659304,4.833333333333333,435,0.05139098198663528,0.11868238913561235,0.46183055752808666,2.8491973876953125,5.1425933837890625,5.085607765425698,0.3166614975449239,5.960666675142595,1.3810628790744763,8.423267752034992,10.549751175499686,0.9055584867179045,7.45849609375,16.147440638488707,0.4164325518048252,2.7130126953125,4.9015045166015625,4.745886166551389,0.21969832917586235,6.1993470338488486,1.3984692103382788,8.805087622861365,11.073950054048524,1.0766597687251287,8.0810546875,20.1920008637075,1.4011067150456546,7.7251434326171875,9.08050537109375,13.335579261987588,3.3047703568901445,5.805985105561563,1.6410476566018155,9.66263474170006,13.937067781466798,3.3326904275413187,16.34521484375,50.29907320601107,1.538146656015953,8.611679077148438,9.970855712890625,23.685855772846203,3.80170319591117,5.570390414112481,1.6432455290592591,9.475066769891631,13.425174772591475,2.6609388004239323,17.00439453125,170.86357886583528,0.04539800572326147,0.051690666184119965,1.109016440804979,-0.1711012820072242,-0.08631808362888958,0.1361846923828125,0.024483917382769962,0.3397215988743092,0.034554422845526574,0.3296184004205947,0.2707365695388805,0.058881830881714226,0.30415685000429515,0.2551222659323845,0.08767461862587415,0.6641914775358122,0.4932041718441497,0.1477345316667798,0.6038657317935813,0.4900797869962596,0.10401426926914314,0.6842035625363762,0.573923774781938,0.08765391515373894,0.5346778555178043,0.6862886252459677,-0.12417275238514013,0.34203208459688694,0.33570230368055864,0.009339618783429466,0.6150842998266886,0.5779833587910214,0.03109709701433147,0.1872903724904338,0.2282972515067328,-0.09867203848654119,0.17098730569166248,0.15161076972816334,0.1477345316667798,0.12417275238514013,0,0,0.09133792227246045,0.0007918319309151124,0.0010008564524211522,-0.11659835777874396,0.00045044757365847666,0.0006786786361667413,-0.2021289021840803,0.6637028375819305,0.00020425642004239902,0.00019431555539119966,0.024940577507011334,1.05110426485702,7.543618010089512e-05,7.092465733497393e-05,0.03082255212140788,1.0634601326776516,5.2644704708113295e-05,4.917805420921568e-05,0.034042586450122134,1.0702741865778052,4.637565531768397e-06,4.599256377989387e-06,0.0041429535631679025,1.0061418049805593,0.00010631872218183112,0.00010175579224139505,0.02192825330171116,3.795756298042654e-05,2.6537310379090654e-05,0.1770448030753465,0.00023826259787911288,0.00027463546771332116,-0.07091498900918203,0.00034774062642733397,0.0005483569148710622,-0.22387523728798162,Normal
Train98.csv,5.607742886657781,20.187874391968013,2.1,189,0.05139098198663605,0.0,0.22103992911820575,1.1211395263671875,2.001953125,3.4888169797885644,0.24145821240980617,4.96308733339993,1.3171670283570618,6.686887845461713,8.20045374834649,0.5527042744666398,2.783203125,19.14703307717202,0.268970634438188,1.4171600341796875,2.6210784912109375,3.972382663677025,0.13660000932135458,5.014988813390445,1.3604334932825068,7.098038270875008,8.945734903057165,0.5642087994999833,5.810546875,32.60720688532097,1.2400448249896194,6.4540863037109375,7.457733154296875,22.589104615783413,3.9243241820241224,5.323064802300133,1.6393172796033901,9.539077665944783,14.225131662154503,3.006677777651936,17.68798828125,103.64502903390449,1.396312455492168,7.1811676025390625,8.382415771484375,27.46266316497107,4.097910467113855,5.125189188385191,1.6338710228581204,8.928646881664896,13.456918445905284,2.566049121296023,12.82958984375,148.49223762492502,-0.04793070531998228,-0.09781565522578685,0.821799455401174,-0.011504525033343427,-0.010300286744323983,-0.2960205078125,-0.11662158054445976,-0.48356568388846055,-0.0648107149449959,0.17825156226714667,0.19262925819643248,-0.01437769592928581,0.21787882081148835,0.33337883961515025,-0.20952092823356486,0.17163051209068705,0.3529838809619955,-0.34568888657274754,0.16227494253002694,0.15010042802265497,0.03897398855771462,0.21424011915484303,0.20693609462089152,0.017341967854863333,0.2337667360536271,0.3346470232136963,-0.17747685333186483,0.3899093652979728,0.21706143123353705,0.28477141273426737,0.22820665387458555,0.2799043850727481,-0.1017449459232702,0.2459094856331474,0.3762031664960201,-0.20943743600547413,0.17284793406443577,0.18135336887130846,0.28477141273426737,0.34568888657274754,1,4,0.18381058338751116,0.00017164969505379743,0.00031777476326461134,-0.29856511199476704,9.458516593879769e-05,0.00019906917888356564,-0.3557940035518102,0.4751133014975775,5.834088820283117e-05,8.298614563636783e-05,-0.17437225590552502,0.7029349104769386,1.4700714323472916e-05,3.0263110199022872e-05,-0.34603229858216056,0.48560303935825566,2.1884436634999656e-06,2.774320931119826e-06,-0.11781721343772066,0.7859882957600709,9.62750375480575e-07,1.1194592846951258e-06,-0.07490114982137624,0.8523993635949875,3.253613425178211e-05,4.027628330417249e-05,-0.1062879991102064,8.962099625959736e-05,0.00016995712881640978,-0.30947537578342643,3.130578052532291e-05,7.311078600948915e-05,-0.4003292157482738,1.1421590106529468e-06,3.3285789293862605e-06,-0.4879597843015524,Normal
Train99.csv,7.00226095900125,25.2081394524045,2.6222222222222222,236,0.2653818898393159,-0.7120943348136857,0.22596269474318575,1.393890380859375,2.387237548828125,4.809764182589525,0.309534690648804,5.346599076001935,1.3555427197014112,7.6996620431052225,9.799286640703272,0.5537949621103324,5.13916015625,31.79065598870499,0.22779642460646687,1.46942138671875,2.5585174560546875,6.1713894680132855,0.3383891239339264,5.901260050968954,1.3651997229340858,8.352001016262857,10.425449524790888,0.6259434374348164,4.58984375,52.076041053559955,1.2520300311256878,7.1071624755859375,8.431625366210938,36.38552032621568,4.790161070180082,6.275492984815857,1.7049136385075228,11.419779016930246,17.0817615689769,2.924504468790841,16.357421875,193.50587898817417,1.3977641494527617,7.7663421630859375,9.109115600585938,41.51049186566803,5.056186064318881,5.8251473870959005,1.6048607518230507,9.534455570289074,13.36574879749282,2.5043027388331933,12.34130859375,238.7765188306929,-0.0018337298632811194,-0.004041196627623341,0.9919500940984919,-0.07214847532448398,-0.06115633325213257,-0.075531005859375,-0.02637889679036678,-1.3616252854237603,-0.12399656060809679,0.18047705511924056,0.16297200287039224,0.017505052248848324,0.2238467663097473,0.2013145052263123,0.052996973294530715,0.4747847794156974,0.558503553804593,-0.08102169635242593,0.13897864567407348,0.10457027049129698,0.1412791085739097,0.18661283178321053,0.1468824065146875,0.11913340736127494,0.2224716458577565,0.32149573754478045,-0.18204049155892313,0.3467275344712268,0.25510598420481784,0.15223736448842326,0.14197812489551628,0.128124772629885,0.0512891637952045,0.11853164059197226,0.1493175543971107,-0.11493748434457074,0.09162155026640895,0.09902409168702395,0.15223736448842326,0.18204049155892313,1,1,0.11899001826131828,0.0001882804065222611,0.00020888773446852752,-0.051885651993281025,8.559483613563215e-05,0.00011537255639383994,-0.1481645267829867,0.7418351509171615,2.7319372358999483e-05,3.0309457414088384e-05,-0.05187622765521518,0.9010508329975961,3.199550752115396e-05,2.4488516452234595e-05,0.13288115345537302,1.3060181657749133,4.111111205775985e-05,3.6599903447882816e-05,0.05804361382217799,1.1229505730951972,1.4129402268423178e-06,1.0508012350354315e-06,0.1463932255604418,1.3319556766872775,6.173536313150953e-06,7.118635255687273e-06,-0.07104847036782445,4.0354007621258314e-05,4.780367197543238e-05,-0.08449427713478902,6.409307702593176e-05,8.399025262894791e-05,-0.13435565024694238,5.409944080623998e-06,9.821255878964941e-06,-0.28943336548547705,Normal
